{
"type": "FeatureCollection",
"name": "EnergyResources",
"crs": { "type": "name", "properties": { "name": "urn:ogc:def:crs:EPSG::3857" } },
"features": [
{ "type": "Feature", "properties": { "gml_id": "FossilFuelResource.per.pow80594", "identifier": "http://inspire.pgi.gov.pl/so/mr/Midas.paliwaKopalne/FossilFuelResource.per.pow80594", "beginLifespanVersion": null, "localId": "FossilFuelResource.per.pow80594", "namespace": "http://inspire.pgi.gov.pl/so/mr/Midas.paliwaKopalne", "scalar": -1000.0, "scalar_uom": "m", "dateOfDiscovery": null, "calorificValue": null, "quantity": null, "verticalExtent": null }, "geometry": { "type": "Polygon", "coordinates": [ [ [ 2093255.165811, 6507265.389515999704599 ], [ 2093430.283997, 6507522.421935999765992 ], [ 2093797.836329, 6507924.112088000401855 ], [ 2094205.853971, 6508199.41836899984628 ], [ 2094561.790927999885753, 6508395.986897000111639 ], [ 2094899.562336, 6508630.059905 ], [ 2095168.114291, 6508911.549228999763727 ], [ 2095488.610535, 6509257.844654000364244 ], [ 2095978.156849, 6509728.182094999589026 ], [ 2096354.54064, 6510069.182241999544203 ], [ 2096861.588329, 6510436.577309999614954 ], [ 2097301.8363800002262, 6510664.697069000452757 ], [ 2097777.983525, 6510775.665408000349998 ], [ 2098183.487991, 6510817.562568999826908 ], [ 2098686.17836399981752, 6510811.428206999786198 ], [ 2099259.2451, 6510851.155596000142395 ], [ 2099828.511413, 6510960.956795999780297 ], [ 2100393.702271999791265, 6511117.396235999651253 ], [ 2100986.570615999866277, 6511250.196500999853015 ], [ 2101513.709229, 6511336.98764 ], [ 2102166.427089999895543, 6511412.888492000289261 ], [ 2102640.817607, 6511374.218523000366986 ], [ 2102960.937641, 6511286.151356000453234 ], [ 2103419.750343999825418, 6511121.696956999599934 ], [ 2103948.329485000111163, 6510951.587555999867618 ], [ 2104417.066916, 6510838.282569999806583 ], [ 2104842.841658, 6510641.372647999785841 ], [ 2105250.618921, 6510496.112677000463009 ], [ 2105632.146668000146747, 6510481.928171999752522 ], [ 2105929.301761, 6510421.98358799982816 ], [ 2106267.203503999859095, 6510272.912705999799073 ], [ 2106493.320973999798298, 6510120.640320000238717 ], [ 2106621.905838000122458, 6510044.943191999569535 ], [ 2101845.508839999791235, 6510044.756737000308931 ], [ 2101629.055984000209719, 6509899.33020699955523 ], [ 2101659.982208, 6509705.418208000250161 ], [ 2101721.863126, 6508493.621539000421762 ], [ 2101845.555077999830246, 6508105.876594999805093 ], [ 2101876.484199, 6507863.549173999577761 ], [ 2101876.499944999814034, 6507233.530860999599099 ], [ 2102000.186267000157386, 6507233.533177999779582 ], [ 2102000.19123, 6507142.447851000353694 ], [ 2103137.313548999838531, 6507060.718654000200331 ], [ 2103136.791371999774128, 6506193.35642100032419 ], [ 2102336.19048500014469, 6506186.259510999545455 ], [ 2102240.682676, 6505735.024685 ], [ 2102077.221413, 6505734.630521999672055 ], [ 2101119.566259, 6505793.194733000360429 ], [ 2099971.732828, 6505900.609875 ], [ 2098939.546320000197738, 6505955.103535000234842 ], [ 2097864.958044, 6506130.983869000338018 ], [ 2097857.339722, 6506164.033708999864757 ], [ 2097640.064011, 6506131.834712999872863 ], [ 2096936.426999, 6506133.098929 ], [ 2096678.335056, 6506143.657424 ], [ 2096677.449827, 6506621.012705000117421 ], [ 2096569.250232, 6506630.401261 ], [ 2096552.423185, 6506617.362288 ], [ 2096451.582431, 6506642.648722999729216 ], [ 2096429.0651, 6506663.949172000400722 ], [ 2096280.198964, 6506727.041952 ], [ 2096206.119812, 6506800.162647999823093 ], [ 2096141.039460999891162, 6506832.765758000314236 ], [ 2096067.003828, 6506904.318872 ], [ 2095997.461383, 6506928.947978000156581 ], [ 2095964.184577, 6506943.65898699965328 ], [ 2095869.259382, 6506926.762690000236034 ], [ 2095814.284455, 6506934.563532000407577 ], [ 2095757.142879, 6506909.361719000153244 ], [ 2095658.864228, 6506900.20728600025177 ], [ 2095557.185955999884754, 6506900.363076999783516 ], [ 2094339.439511, 6506980.631358999758959 ], [ 2094112.730279, 6506977.083250000141561 ], [ 2093642.791335, 6507265.935716000385582 ], [ 2093301.203097, 6507232.303078999742866 ], [ 2093255.165811, 6507265.389515999704599 ] ] ] } },
{ "type": "Feature", "properties": { "gml_id": "FossilFuelResource.per.pow80595", "identifier": "http://inspire.pgi.gov.pl/so/mr/Midas.paliwaKopalne/FossilFuelResource.per.pow80595", "beginLifespanVersion": null, "localId": "FossilFuelResource.per.pow80595", "namespace": "http://inspire.pgi.gov.pl/so/mr/Midas.paliwaKopalne", "scalar": -1000.0, "scalar_uom": "m", "dateOfDiscovery": null, "calorificValue": null, "quantity": null, "verticalExtent": null }, "geometry": { "type": "Polygon", "coordinates": [ [ [ 2106005.633593999780715, 6505767.333534000441432 ], [ 2106123.830790999811143, 6505902.629179 ], [ 2106490.256548, 6505942.694539000280201 ], [ 2106471.609102999791503, 6506106.846074 ], [ 2106842.5652, 6506157.609811999835074 ], [ 2107949.057029, 6506338.373611000366509 ], [ 2107965.861847000196576, 6506453.458958 ], [ 2108107.223600000143051, 6507421.369225 ], [ 2108091.857937000226229, 6507524.46898700017482 ], [ 2107759.507714, 6509276.452827 ], [ 2107789.481081999838352, 6509256.722962999716401 ], [ 2107644.068800999782979, 6510099.928542000241578 ], [ 2107420.139442999847233, 6511222.097060999833047 ], [ 2107772.984416999854147, 6511154.157328000292182 ], [ 2108162.248829000163823, 6511018.251396999694407 ], [ 2108616.563226, 6510872.243080999702215 ], [ 2109019.447218, 6510712.76882699970156 ], [ 2109472.784487000200897, 6510496.701781 ], [ 2109786.913377, 6510315.122894999571145 ], [ 2109924.394346000161022, 6510154.511497999541461 ], [ 2110071.135753000155091, 6509989.19453 ], [ 2110277.766100999899209, 6509776.421419000253081 ], [ 2110540.024334, 6509548.842144000343978 ], [ 2110826.840191000141203, 6509418.916593999601901 ], [ 2111114.311027000192553, 6509335.654214999638498 ], [ 2111332.060266000218689, 6509262.685363999567926 ], [ 2111391.488832000177354, 6509182.524961999617517 ], [ 2111450.916094, 6509102.364900999702513 ], [ 2111498.376278, 6508826.364272999577224 ], [ 2111532.123316000215709, 6508569.295784999616444 ], [ 2111667.786797999870032, 6508278.103786 ], [ 2111905.230469, 6507943.473882 ], [ 2112064.509761999826878, 6507680.035176999866962 ], [ 2112343.734826, 6507340.21288700029254 ], [ 2112623.834009000100195, 6507065.775131000205874 ], [ 2112918.368346, 6506828.383755999617279 ], [ 2113245.660724, 6506604.601819000206888 ], [ 2113912.198950000107288, 6506352.644992999732494 ], [ 2114479.198044000193477, 6506307.496519999578595 ], [ 2114907.70383, 6506338.737747999839485 ], [ 2115349.886281, 6506351.228251 ], [ 2115735.873283000197262, 6506336.385433999821544 ], [ 2116046.812086000107229, 6506280.704417999833822 ], [ 2116397.905057, 6506103.056989000178874 ], [ 2116649.460154000204057, 6505796.299650000408292 ], [ 2116798.333184000104666, 6505467.574751 ], [ 2117061.010109, 6504964.626420999877155 ], [ 2117228.910497, 6504668.347156000323594 ], [ 2117465.1697, 6504273.14536300022155 ], [ 2117608.251397000160068, 6503870.002123000100255 ], [ 2117681.16321500018239, 6503439.79734 ], [ 2117754.560355000197887, 6503042.3371940003708 ], [ 2117796.565384999848902, 6502729.276153 ], [ 2117745.216593000106514, 6502389.564639000222087 ], [ 2117546.723394, 6502168.628812000155449 ], [ 2117162.282916000112891, 6501950.296687999740243 ], [ 2116472.899455000180751, 6501871.480523999780416 ], [ 2115803.188777000177652, 6501867.044874999672174 ], [ 2115030.813519, 6501835.967346999794245 ], [ 2114180.371353, 6501875.87507 ], [ 2113539.004437, 6501903.472261999733746 ], [ 2113041.704419999849051, 6501924.314182000234723 ], [ 2112461.8717, 6502030.276127000339329 ], [ 2111944.057515, 6502251.884332000277936 ], [ 2111352.063935, 6502493.068137000314891 ], [ 2110807.032646, 6502770.953963999636471 ], [ 2110378.723931000102311, 6503084.575338000431657 ], [ 2110029.674136000219733, 6503415.728863 ], [ 2109651.898659000173211, 6503686.716787000186741 ], [ 2109254.323230000212789, 6503869.212828 ], [ 2108842.395432999823242, 6504023.960970999673009 ], [ 2108410.685606, 6504090.399643000215292 ], [ 2108238.364494, 6504160.22076 ], [ 2108281.21354900021106, 6504352.878507999703288 ], [ 2108367.440706000197679, 6504894.510002000257373 ], [ 2108411.912748000118881, 6505473.798740000464022 ], [ 2108396.679339, 6505718.904946000315249 ], [ 2106915.438337, 6505714.683073 ], [ 2106005.633593999780715, 6505767.333534000441432 ] ] ] } },
{ "type": "Feature", "properties": { "gml_id": "FossilFuelResource.progn.pow76825", "identifier": "http://inspire.pgi.gov.pl/so/mr/Midas.paliwaKopalne/FossilFuelResource.progn.pow76825", "beginLifespanVersion": null, "localId": "FossilFuelResource.progn.pow76825", "namespace": "http://inspire.pgi.gov.pl/so/mr/Midas.paliwaKopalne", "scalar": -172.0, "scalar_uom": "m", "dateOfDiscovery": null, "calorificValue": null, "quantity": null, "verticalExtent": null }, "geometry": { "type": "Polygon", "coordinates": [ [ [ 1968696.80762100010179, 6733063.070762 ], [ 1968795.809119, 6733071.794110000133514 ], [ 1968824.096437, 6733074.289660000242293 ], [ 1968852.262287, 6733073.250966000370681 ], [ 1968909.096075, 6733085.293387999758124 ], [ 1968965.670548, 6733090.26747400034219 ], [ 1968993.820343000115827, 6733089.228803999722004 ], [ 1969022.245092999888584, 6733095.24117000028491 ], [ 1969050.394898, 6733094.202464000321925 ], [ 1969106.970045, 6733099.191711000166833 ], [ 1969135.394917, 6733105.203688999637961 ], [ 1969163.544589, 6733104.164425999857485 ], [ 1969191.953425, 6733110.176726999692619 ], [ 1969220.119367, 6733109.136752 ], [ 1969248.52878, 6733115.164998999796808 ], [ 1969304.844582, 6733113.085235999897122 ], [ 1969390.10419200011529, 6733131.135498000308871 ], [ 1969418.254092, 6733130.09535 ], [ 1969474.829064, 6733135.065917000174522 ], [ 1969531.144805, 6733132.984415999613702 ], [ 1969616.40515, 6733151.032351000234485 ], [ 1969644.555095, 6733149.991577000357211 ], [ 1969701.130878, 6733154.976721 ], [ 1969729.296771, 6733153.934809000231326 ], [ 1969757.706217, 6733159.945333999581635 ], [ 1969814.282146, 6733164.929696000181139 ], [ 1969842.707635999890044, 6733170.939248999580741 ], [ 1969870.857632, 6733169.897527 ], [ 1969927.433031, 6733174.864965000189841 ], [ 1969955.59897, 6733173.822428000159562 ], [ 1970040.844472, 6733191.866523000411689 ], [ 1970097.160505, 6733189.78108000010252 ], [ 1970125.586818, 6733195.805804000236094 ], [ 1970181.902704, 6733193.719607999548316 ], [ 1970267.148939, 6733211.761537999846041 ], [ 1970302.348437, 6733210.45701 ], [ 1970337.807926, 6733216.204217 ], [ 1970373.007432, 6733214.899543000385165 ], [ 1970429.584008, 6733219.879491000436246 ], [ 1970486.404169, 6733231.895487999543548 ], [ 1970514.570256, 6733230.851002999581397 ], [ 1970542.980939, 6733236.874819000251591 ], [ 1970599.296874, 6733234.785714000463486 ], [ 1970655.873222, 6733239.748122000135481 ], [ 1970712.710491, 6733251.77802599966526 ], [ 1970740.876465, 6733250.732750999741256 ], [ 1970825.733798, 6733258.191071 ], [ 1970853.899783999891952, 6733257.145402999594808 ], [ 1970910.736802, 6733269.157807 ], [ 1970938.886880999896675, 6733268.112366000190377 ], [ 1971080.206813, 6733277.001620999537408 ], [ 1971097.920972000109032, 6733279.874092999845743 ], [ 1971108.747915, 6733286.533161000348628 ], [ 1971136.913973, 6733285.486507000401616 ], [ 1971278.21836, 6733294.373018999584019 ], [ 1971306.515537, 6733296.867564000189304 ], [ 1971334.926382, 6733302.872682999819517 ], [ 1971448.081144, 6733312.802919000387192 ], [ 1971532.808487, 6733316.711954000405967 ], [ 1971561.366210999898612, 6733326.241430999711156 ], [ 1971589.516268, 6733325.19372299965471 ], [ 1971702.671528, 6733335.120439000427723 ], [ 1971730.837704, 6733334.071557000279427 ], [ 1971759.380311, 6733343.617025 ], [ 1971787.676976, 6733346.094087 ], [ 1971815.827081, 6733345.045593 ], [ 1971844.254591, 6733351.048124000430107 ], [ 1971900.570918, 6733348.950121000409126 ], [ 1971928.982927, 6733354.969182999804616 ], [ 1971971.21608, 6733353.395323 ], [ 1971975.141006000107154, 6733363.841389999724925 ], [ 1971985.822134, 6733366.974058999679983 ], [ 1972042.138384, 6733364.87506700027734 ], [ 1972070.56666, 6733370.892962000332773 ], [ 1972126.882921, 6733368.793381 ], [ 1972155.294654, 6733374.795527 ], [ 1972183.460765, 6733373.745067000389099 ], [ 1972212.004057, 6733383.288995999842882 ], [ 1972240.301018000114709, 6733385.764333000406623 ], [ 1972268.451219, 6733384.714262999594212 ], [ 1972296.879054, 6733390.715401999652386 ], [ 1972353.195415, 6733388.6140839997679 ], [ 1972381.607914, 6733394.631594999693334 ], [ 1972409.77407, 6733393.580507 ], [ 1972466.614129000110552, 6733405.58208 ], [ 1972494.764217, 6733404.531220000237226 ], [ 1972551.343244000105187, 6733409.49651 ], [ 1972579.493338, 6733408.445355 ], [ 1972607.921496, 6733414.445423999801278 ], [ 1972636.202763, 6733416.919919 ], [ 1972664.762533, 6733426.461621999740601 ], [ 1972721.07907, 6733424.357904000207782 ], [ 1972777.657545, 6733429.305485 ], [ 1972805.807687, 6733428.253544 ], [ 1972862.649123, 6733440.268540999852121 ], [ 1972890.815393, 6733439.215779 ], [ 1972919.227802, 6733445.215308000333607 ], [ 1972947.394086, 6733444.162186999805272 ], [ 1972975.807079, 6733450.177662 ], [ 1973003.973376, 6733449.124345 ], [ 1973060.552215, 6733454.069970999844372 ], [ 1973117.394226, 6733466.083228000439703 ], [ 1973173.710632999893278, 6733463.976354000158608 ], [ 1973202.123349, 6733469.974751999601722 ], [ 1973230.289691, 6733468.920807999558747 ], [ 1973258.702992, 6733474.935151999816298 ], [ 1973286.869346, 6733473.881011 ], [ 1973343.710998999886215, 6733485.876570000313222 ], [ 1973371.861285000108182, 6733484.822657999582589 ], [ 1973400.290849, 6733490.835994999855757 ], [ 1973456.60754, 6733488.726993000134826 ], [ 1973485.020397, 6733494.724580000154674 ], [ 1973541.599880999885499, 6733499.666886 ], [ 1973570.013530000112951, 6733505.680165999568999 ], [ 1973598.179801, 6733504.624938 ], [ 1973711.339496, 6733514.523733000271022 ], [ 1973739.752643000101671, 6733520.520289000123739 ], [ 1973937.658754, 6733534.30048399977386 ], [ 1973966.204408, 6733543.838289 ], [ 1974163.979704, 6733554.087120000272989 ], [ 1974189.008256, 6733563.74003 ], [ 1974213.773499999893829, 6733566.341090000234544 ], [ 1974241.939921, 6733565.283619999885559 ], [ 1974355.100854, 6733575.173518000170588 ], [ 1974383.251194, 6733574.116084 ], [ 1974408.280075, 6733583.768344 ], [ 1974602.539765999885276, 6733594.138489999808371 ], [ 1974627.569661, 6733603.806242999620736 ], [ 1974680.633425999898463, 6733608.872883000411093 ], [ 1974708.783853, 6733607.814317 ], [ 1974737.21472, 6733613.82307 ], [ 1974793.531532, 6733611.704753000289202 ], [ 1974861.059294, 6733626.834963999688625 ], [ 1974871.08106, 6733612.318269999697804 ], [ 1974872.888901, 6733566.316561999730766 ], [ 1974874.696879, 6733520.315116000361741 ], [ 1974883.926124, 6733484.627178999595344 ], [ 1974882.605023, 6733449.336495 ], [ 1974888.333563, 6733413.780647000297904 ], [ 1974885.691516, 6733343.199722999706864 ], [ 1974894.920502, 6733307.512702999636531 ], [ 1974900.649411, 6733271.973437 ], [ 1974905.040634, 6733201.129262000322342 ], [ 1974903.719638, 6733165.839644 ], [ 1974909.431774, 6733130.285695999860764 ], [ 1974908.110766999889165, 6733094.996383000165224 ], [ 1974917.355462, 6733059.309724999591708 ], [ 1974919.551472, 6733023.904532000422478 ], [ 1974925.279533, 6732988.35049800015986 ], [ 1974922.637422, 6732917.773411000147462 ], [ 1974924.832999, 6732882.35269199963659 ], [ 1974936.256613, 6732811.247208000160754 ], [ 1974934.936215, 6732775.97541300021112 ], [ 1974937.147629, 6732740.554770999588072 ], [ 1974942.859302, 6732705.002639999613166 ], [ 1974941.538359999889508, 6732669.715165000408888 ], [ 1974945.929008, 6732598.876167999580503 ], [ 1974951.656635, 6732563.323952999897301 ], [ 1974950.336199, 6732528.053227 ], [ 1974956.047818, 6732492.5018469998613 ], [ 1974954.726681, 6732457.215447000227869 ], [ 1974965.637149, 6732371.995291999541223 ], [ 1974964.052159, 6732329.658551 ], [ 1974969.845065, 6732202.236654999665916 ], [ 1974972.452818, 6732177.410624999552965 ], [ 1974979.485118, 6732177.145944000221789 ], [ 1974982.686763, 6732074.567661999724805 ], [ 1974988.149468, 6732031.951109999790788 ], [ 1974990.080477, 6731989.4837849996984 ], [ 1974999.059659, 6731946.751458999700844 ], [ 1974997.474551, 6731904.41708100028336 ], [ 1975002.921648, 6731861.818068999797106 ], [ 1974999.750906, 6731777.134114 ], [ 1975008.729791, 6731734.40288 ], [ 1975007.128732, 6731692.069970999844372 ], [ 1975009.075106, 6731649.587897 ], [ 1975018.037702, 6731606.857845 ], [ 1975019.968588, 6731564.392877000384033 ], [ 1975018.383588, 6731522.060319 ], [ 1975027.362081000115722, 6731479.330389999784529 ], [ 1975035.100564, 6731309.45731099974364 ], [ 1975044.062261, 6731266.713026000186801 ], [ 1975040.036222, 6731242.913032 ], [ 1975046.778034, 6731204.862340999767184 ], [ 1975044.163058, 6731135.025015000253916 ], [ 1975052.409798, 6731019.101642999798059 ], [ 1975058.120004, 6730983.556881999596953 ], [ 1975022.551392, 6730974.306490999646485 ], [ 1974961.680505, 6730948.327070999890566 ], [ 1974854.530918, 6730909.969257 ], [ 1974782.850318, 6730877.335904000326991 ], [ 1974664.875481, 6730832.307631 ], [ 1974635.322360000107437, 6730814.512892999686301 ], [ 1974587.911088, 6730806.221674 ], [ 1974577.572466, 6730798.422659000381827 ], [ 1974572.071317, 6730800.482881999574602 ], [ 1974497.008899, 6730771.504130999557674 ], [ 1974461.030141, 6730751.661733999848366 ], [ 1974425.446625, 6730742.393399000167847 ], [ 1974389.599739, 6730726.075422000139952 ], [ 1974175.328563, 6730649.344805000349879 ], [ 1974139.350977, 6730629.50129 ], [ 1973925.084071000106633, 6730552.748723999597132 ], [ 1973889.239038999890909, 6730536.428934000432491 ], [ 1973853.657664, 6730527.174324999563396 ], [ 1973746.139712, 6730478.213108000345528 ], [ 1973710.558234000112861, 6730468.941808000206947 ], [ 1973532.012139, 6730404.992003000341356 ], [ 1973460.193804, 6730368.824760000221431 ], [ 1973388.769819, 6730343.230740999802947 ], [ 1973353.189715000102296, 6730333.974167999811471 ], [ 1973317.214871, 6730314.111510000191629 ], [ 1973281.782314, 6730308.378633 ], [ 1973245.808443, 6730288.531860000453889 ], [ 1973210.359959, 6730282.799216000363231 ], [ 1973174.255181000102311, 6730259.4277109997347 ], [ 1973067.122114, 6730221.033082 ], [ 1973031.296225, 6730204.709509000182152 ], [ 1972995.717149, 6730195.451375000178814 ], [ 1972980.998444, 6730187.814776999875903 ], [ 1972960.127568, 6730184.179169000126421 ], [ 1972933.919745, 6730188.317475999705493 ], [ 1972890.870398999890313, 6730180.031100999563932 ], [ 1972877.361215, 6730172.929232999682426 ], [ 1972835.406416, 6730163.812179000116885 ], [ 1972792.540339, 6730158.290409999899566 ], [ 1972760.892347, 6730138.876604000106454 ], [ 1972742.071159, 6730101.288464000448585 ], [ 1972737.655392, 6730066.804480000399053 ], [ 1972728.753062, 6730046.976233 ], [ 1972732.70971, 6730039.254107000306249 ], [ 1972728.800931, 6730028.795992 ], [ 1972701.9343, 6729969.768818999640644 ], [ 1972683.031398, 6729935.14969199988991 ], [ 1972652.272367999888957, 6729865.648288999684155 ], [ 1972643.9315, 6729830.63506400026381 ], [ 1972621.497763, 6729796.148048999719322 ], [ 1972606.126828, 6729761.397505999542773 ], [ 1972587.487044, 6729733.843692 ], [ 1972576.663197, 6729727.17322999984026 ], [ 1972470.47285, 6729713.474618 ], [ 1972428.258629, 6729715.049940999597311 ], [ 1972385.504545, 6729702.512268000282347 ], [ 1972173.109833, 6729675.125428000465035 ], [ 1972130.503196999896318, 6729666.11003 ], [ 1972045.551813000114635, 6729655.143508000299335 ], [ 1972003.060542, 6729649.668511000461876 ], [ 1971960.715925, 6729647.717001000419259 ], [ 1971917.978871, 6729635.176292999647558 ], [ 1971875.503887, 6729629.700121000409126 ], [ 1971833.15873, 6729627.731816000305116 ], [ 1971748.19277, 6729616.778897999785841 ], [ 1971705.456218, 6729604.237123999744654 ], [ 1971535.540489, 6729582.310991000384092 ], [ 1971493.326823, 6729583.881268999539316 ], [ 1971450.574759, 6729571.338731000199914 ], [ 1971280.675868, 6729549.390708000399172 ], [ 1971195.450028, 6729531.367286000400782 ], [ 1971153.106104, 6729529.41159600019455 ], [ 1971110.63207, 6729523.931339000351727 ], [ 1971068.011043, 6729514.911227 ], [ 1971025.667242999887094, 6729512.954877000302076 ], [ 1970983.062466, 6729503.933651000261307 ], [ 1970813.150615, 6729481.992538000456989 ], [ 1970770.546247000107542, 6729472.970235000364482 ], [ 1970685.582451000111178, 6729461.990131 ], [ 1970643.238878, 6729460.031798999756575 ], [ 1970558.292013, 6729449.06583399977535 ], [ 1970515.541985, 6729436.518597000278533 ], [ 1970421.356355, 6729424.749646999873221 ], [ 1970354.681582000106573, 6729421.548347 ], [ 1970227.544362, 6729395.738060999661684 ], [ 1970177.826476, 6729392.535651000216603 ], [ 1970137.025113, 6729394.030375 ], [ 1970119.189361, 6729387.616670999675989 ], [ 1970090.906829, 6729385.134821999818087 ], [ 1970076.57072, 6729378.607493000105023 ], [ 1970033.967588, 6729369.581449000164866 ], [ 1970005.830893999896944, 6729370.622921000234783 ], [ 1969977.418496999889612, 6729364.616387000307441 ], [ 1969949.281815000111237, 6729365.657661999575794 ], [ 1969892.472759, 6729353.627462999895215 ], [ 1969864.320015, 6729354.669122000224888 ], [ 1969835.664552999893203, 6729341.613021000288427 ], [ 1969779.115112, 6729336.630624 ], [ 1969750.962419, 6729337.671726999804378 ], [ 1969694.153866, 6729325.640187 ], [ 1969666.017133, 6729326.680472999811172 ], [ 1969580.796890000114217, 6729308.640642000362277 ], [ 1969524.248532, 6729303.672466999851167 ], [ 1969495.852673, 6729297.663621 ], [ 1969411.021643, 6729290.194542 ], [ 1969382.626077, 6729284.185476000420749 ], [ 1969354.084413, 6729274.636601 ], [ 1969323.96665, 6729275.120337000116706 ], [ 1969261.298104, 6729261.046406 ], [ 1969223.266877, 6729261.805796000175178 ], [ 1969177.280045, 6729256.445431999862194 ], [ 1969120.472947, 6729244.410009999759495 ], [ 1969092.207026, 6729241.924049000255764 ], [ 1969063.795109, 6729235.89829 ], [ 1968950.699703, 6729225.954443000257015 ], [ 1968922.304202, 6729219.927687999792397 ], [ 1968893.763837999897078, 6729210.393248000182211 ], [ 1968808.950108, 6729202.917287000454962 ], [ 1968780.539061000104994, 6729196.906700000166893 ], [ 1968723.991192, 6729191.916894 ], [ 1968695.854834999889135, 6729192.953803 ], [ 1968688.566319, 6729186.1645050002262 ], [ 1968638.79032, 6729173.866823 ], [ 1968610.637928, 6729174.903951000422239 ], [ 1968582.24322500010021, 6729168.892016000114381 ], [ 1968525.696200999896973, 6729163.916980000212789 ], [ 1968497.284995999885723, 6729157.889302000403404 ], [ 1968469.019588, 6729155.401203 ], [ 1968440.495925, 6729145.864733000285923 ], [ 1968412.343612000113353, 6729146.901170999743044 ], [ 1968383.948483, 6729140.872592000290751 ], [ 1968355.796183, 6729141.908832999877632 ], [ 1968330.658685, 6729128.718511999584734 ], [ 1968221.20905, 6729122.143139 ], [ 1968192.685128, 6729112.589708000421524 ], [ 1968107.857563, 6729105.123173999600112 ], [ 1968079.721291, 6729106.157936000265181 ], [ 1968051.181667, 6729096.604546000249684 ], [ 1967994.635349000105634, 6729091.62586 ], [ 1967965.983038, 6729078.547483 ], [ 1967937.830756, 6729079.582264999859035 ], [ 1967909.436907, 6729073.568055000156164 ], [ 1967796.344345000106841, 6729063.59222 ], [ 1967711.130405, 6729045.533075000159442 ], [ 1967598.038347, 6729035.554354 ], [ 1967569.644915, 6729029.538991999812424 ], [ 1967541.363506, 6729027.032249 ], [ 1967512.841415, 6729017.49252500012517 ], [ 1967343.20445, 6729002.527754999697208 ], [ 1967257.992203, 6728984.464006000198424 ], [ 1967229.727151, 6728981.955520000308752 ], [ 1967201.33403, 6728975.938911000266671 ], [ 1967116.508429, 6728968.462156999856234 ], [ 1967088.114932, 6728962.429033 ], [ 1967059.834434, 6728959.936768 ], [ 1967031.312998, 6728950.395436 ], [ 1966974.767566000111401, 6728945.393453000113368 ], [ 1966946.358839000109583, 6728939.37665900029242 ], [ 1966918.22288, 6728940.407213999889791 ], [ 1966889.813543, 6728934.374091999605298 ], [ 1966833.268831, 6728929.387265999801457 ], [ 1966804.618835, 6728916.305072999559343 ], [ 1966748.074468, 6728911.317669999785721 ], [ 1966719.922496, 6728912.348206999711692 ], [ 1966663.120972, 6728900.295986000448465 ], [ 1966634.985123000107706, 6728901.325555000454187 ], [ 1966606.576653, 6728895.307606000453234 ], [ 1966578.05548, 6728885.748634000308812 ], [ 1966549.775265, 6728883.25445600040257 ], [ 1966521.383017, 6728877.235550000332296 ], [ 1966493.231143, 6728878.265297999605536 ], [ 1966464.838281, 6728872.230225999839604 ], [ 1966436.68658, 6728873.259781000204384 ], [ 1966408.294292999897152, 6728867.240485000424087 ], [ 1966362.42354299989529, 6728865.388936 ], [ 1966351.493410000111908, 6728855.185994000174105 ], [ 1966330.387637, 6728855.957534999586642 ], [ 1966323.085324000101537, 6728849.166929 ], [ 1966294.949619, 6728850.195476000197232 ], [ 1966266.54092, 6728844.160245000384748 ], [ 1966153.469613, 6728834.176974999718368 ], [ 1966068.26158, 6728816.100989 ], [ 1966011.717425, 6728811.092388999648392 ], [ 1965983.325845000101253, 6728805.071661000140011 ], [ 1965955.174173, 6728806.099535999819636 ], [ 1965926.781825, 6728800.062478000298142 ], [ 1965898.502293, 6728797.566065000370145 ], [ 1965869.982667, 6728788.020859999582171 ], [ 1965845.34599700011313, 6728788.919998000375926 ], [ 1965841.57452, 6728781.984032000415027 ], [ 1965813.439005, 6728783.010903 ], [ 1965785.031427, 6728776.990012000314891 ], [ 1965756.895925, 6728778.016686 ], [ 1965700.096516000106931, 6728765.957782000303268 ], [ 1965671.944955, 6728766.984671000391245 ], [ 1965586.754518, 6728748.90312 ], [ 1965558.602846000110731, 6728749.92961 ], [ 1965530.211674, 6728743.907185000367463 ], [ 1965502.060175, 6728744.933481999672949 ], [ 1965473.668392, 6728738.894890000112355 ], [ 1965445.389068, 6728736.396917999722064 ], [ 1965416.870204, 6728726.850200000219047 ], [ 1965360.327119, 6728721.837128000333905 ], [ 1965331.920107, 6728715.814702999778092 ], [ 1965303.784616, 6728716.839797000400722 ], [ 1965275.377825, 6728710.817180999554694 ], [ 1965247.24235, 6728711.841916999779642 ], [ 1965218.834792, 6728705.802970999851823 ], [ 1965190.31630799989216, 6728696.255497000180185 ], [ 1965162.036723, 6728693.74042300041765 ], [ 1965133.645891, 6728687.716815000399947 ], [ 1965105.510483, 6728688.74105800036341 ], [ 1965077.103784, 6728682.717768000438809 ], [ 1965048.968386, 6728683.741976000368595 ], [ 1965020.561241, 6728677.702362 ], [ 1964992.425855, 6728678.726373 ], [ 1964974.69148, 6728675.843019000254571 ], [ 1964963.764023, 6728665.6546 ], [ 1964935.628677, 6728666.678252000361681 ], [ 1964878.831161, 6728654.613784999586642 ], [ 1964850.679754, 6728655.637810000218451 ], [ 1964794.137395, 6728650.620844 ], [ 1964708.949905, 6728632.530205000191927 ], [ 1964680.798559, 6728633.553639000281692 ], [ 1964652.408313999883831, 6728627.52823800034821 ], [ 1964539.324844, 6728617.507163000293076 ], [ 1964510.791403, 6728607.957925000227988 ], [ 1964482.528288, 6728605.440004999749362 ], [ 1964454.122203999897465, 6728599.414602000266314 ], [ 1964408.269141, 6728597.551412999629974 ], [ 1964348.376682, 6728695.081481999717653 ], [ 1964322.279663, 6728752.536799999885261 ], [ 1964305.708258, 6728781.400572 ], [ 1964296.166019999887794, 6728809.993096999824047 ], [ 1964279.594404, 6728838.857014999724925 ], [ 1964270.068094, 6728867.449201 ], [ 1964223.866790999891236, 6728953.897984 ], [ 1964181.576718, 6729050.775951 ], [ 1964164.240136, 6729058.478973999619484 ], [ 1964161.743516, 6729086.816555 ], [ 1964154.9523, 6729094.136899 ], [ 1964138.37909, 6729122.985546000301838 ], [ 1964125.448668, 6729155.246895000338554 ], [ 1964108.763893, 6729180.570906000211835 ], [ 1964092.318107, 6729212.960020000115037 ], [ 1964079.260102, 6729241.697502999566495 ], [ 1964069.732767, 6729270.29084699973464 ], [ 1964036.585408, 6729328.005055 ], [ 1964027.04173, 6729356.599154000170529 ], [ 1963997.408951, 6729414.1864 ], [ 1963980.707822, 6729439.527417999692261 ], [ 1963954.732978, 6729500.511448999866843 ], [ 1963925.099158, 6729558.099430000409484 ], [ 1963905.008862, 6729587.076729999855161 ], [ 1963875.374371, 6729644.665129999630153 ], [ 1963865.846503, 6729673.275762000121176 ], [ 1963852.786443, 6729701.998342 ], [ 1963836.211417, 6729730.864617000333965 ], [ 1963783.987086, 6729845.78794000018388 ], [ 1963750.835491, 6729903.505144 ], [ 1963741.306209, 6729932.100389 ], [ 1963728.245793, 6729960.839797999709845 ], [ 1963708.026696, 6729986.293387000449002 ], [ 1963652.410585, 6730104.871674999594688 ], [ 1963635.579376, 6730126.673426000401378 ], [ 1963626.033995, 6730155.285948 ], [ 1963599.927273999899626, 6730212.749547 ], [ 1963566.772861, 6730270.46870999969542 ], [ 1963563.765242999885231, 6730284.695094999857247 ], [ 1963544.180986, 6730327.805555 ], [ 1963471.85492, 6730471.714913000352681 ], [ 1963435.039726, 6730526.038312000222504 ], [ 1963409.057425, 6730587.028753999620676 ], [ 1963399.526784, 6730615.642256 ], [ 1963382.820961, 6730640.969735000282526 ], [ 1963356.8218, 6730701.961522 ], [ 1963310.60006, 6730788.408889000304043 ], [ 1963258.36189, 6730903.343979000113904 ], [ 1963244.679397, 6730914.444001000374556 ], [ 1963241.798537, 6730932.212713000364602 ], [ 1963231.742181, 6730946.695251000113785 ], [ 1963212.154707999899983, 6730989.808353999629617 ], [ 1963195.447364, 6731015.136745999567211 ], [ 1963123.23662200011313, 6731162.596518999896944 ], [ 1963113.687686, 6731191.196204000152647 ], [ 1963097.123224, 6731220.065805000253022 ], [ 1963070.993525, 6731277.535752999596298 ], [ 1963054.285146, 6731302.864730999805033 ], [ 1963015.232675, 6731392.603387 ], [ 1962995.00793, 6731418.059739000163972 ], [ 1962955.938146, 6731507.800022000446916 ], [ 1962922.790086, 6731565.525216000154614 ], [ 1962913.239962, 6731594.126056999899447 ], [ 1962874.057759, 6731680.341821 ], [ 1962857.348091, 6731705.671786 ], [ 1962831.59532400011085, 6731773.720859999768436 ], [ 1962791.650704, 6731838.7691710004583 ], [ 1962765.532762000104412, 6731896.242077000439167 ], [ 1962732.23860999988392, 6731950.428402000106871 ], [ 1962706.484511000104249, 6732018.495226999744773 ], [ 1962673.189967, 6732072.698083999566734 ], [ 1962640.41771, 6732141.003065000288188 ], [ 1962630.866565, 6732169.621702999807894 ], [ 1962614.155127, 6732194.952657000161707 ], [ 1962581.366278, 6732263.275209999643266 ], [ 1962475.835823, 6732464.941153000108898 ], [ 1962462.766462, 6732493.671492000110447 ], [ 1962460.136632, 6732518.494943999685347 ], [ 1962495.35104, 6732517.224051999859512 ], [ 1962551.919239, 6732522.258752999827266 ], [ 1962580.321702, 6732528.294033999554813 ], [ 1962664.80134, 6732525.243563000112772 ], [ 1962721.35295, 6732530.261614000424743 ], [ 1962749.51825, 6732529.244178 ], [ 1962778.048118, 6732538.820647000335157 ], [ 1962806.340015, 6732541.328905999660492 ], [ 1962834.489250000100583, 6732540.311677999794483 ], [ 1962891.057683000108227, 6732545.344192000105977 ], [ 1962947.372096, 6732543.308540999889374 ], [ 1963004.193764, 6732555.375771 ], [ 1963089.054493, 6732562.914234000258148 ], [ 1963173.644999, 6732563.384697999805212 ], [ 1963230.467668, 6732575.466354999691248 ], [ 1963258.759852, 6732577.972889999859035 ], [ 1963286.909012, 6732576.954246000386775 ], [ 1963371.770264, 6732584.489616 ], [ 1963399.919436, 6732583.470580000430346 ], [ 1963428.465718, 6732593.028028000146151 ], [ 1963456.741933, 6732595.534546 ], [ 1963541.349283, 6732596.01681200042367 ], [ 1963626.194235, 6732603.534068999812007 ], [ 1963654.613757, 6732609.564991000108421 ], [ 1963682.890613, 6732612.086865999735892 ], [ 1963711.055954, 6732611.066080000251532 ], [ 1963764.092102, 6732616.204384 ], [ 1963795.774074, 6732615.055820999667048 ], [ 1963824.050335, 6732617.560904 ], [ 1963852.470727, 6732623.607287 ], [ 1963937.316126, 6732631.121480000205338 ], [ 1963965.481351, 6732630.099805999547243 ], [ 1963993.885639, 6732636.14620800036937 ], [ 1964022.051037, 6732635.124339999631047 ], [ 1964050.327604, 6732637.628805999644101 ], [ 1964078.747416000114754, 6732643.65826900023967 ], [ 1964163.593768, 6732651.186096999794245 ], [ 1964219.908375000115484, 6732649.141586 ], [ 1964248.328517, 6732655.170629000291228 ], [ 1964276.477701, 6732654.148380000144243 ], [ 1964301.492554000113159, 6732663.831225000321865 ], [ 1964326.269122, 6732666.477920999750495 ], [ 1964354.4185, 6732665.455403000116348 ], [ 1964467.557481, 6732675.466586999595165 ], [ 1964495.722814, 6732674.443067000247538 ], [ 1964552.547998, 6732686.515654000453651 ], [ 1964580.697265, 6732685.492346 ], [ 1964609.118324, 6732691.536135000176728 ], [ 1964637.267603, 6732690.512629999779165 ], [ 1964693.837344999890774, 6732695.516543 ], [ 1964722.002728, 6732694.492235999554396 ], [ 1964747.018091, 6732704.173597999848425 ], [ 1964771.77900299988687, 6732706.819621999748051 ], [ 1964799.944418, 6732705.795043 ], [ 1964828.348954, 6732711.822448000311852 ], [ 1964884.663703, 6732709.773469000123441 ], [ 1964913.084416, 6732715.800072000361979 ], [ 1964941.233753, 6732714.775511000305414 ], [ 1964948.522897, 6732721.587240000255406 ], [ 1964966.122282, 6732720.946572000160813 ], [ 1964969.910382, 6732727.869643 ], [ 1965026.225221, 6732725.819516000337899 ], [ 1965054.63051, 6732731.862285000272095 ], [ 1965082.795988, 6732730.836721999570727 ], [ 1965167.643303, 6732738.338003000244498 ], [ 1965189.143348, 6732748.162293000146747 ], [ 1965238.424795999890193, 6732746.367046000435948 ], [ 1965266.829815, 6732752.392950999550521 ], [ 1965294.995345, 6732751.366649 ], [ 1965379.843603, 6732758.881872000172734 ], [ 1965379.971454000100493, 6732762.407675 ], [ 1965408.392736, 6732768.432589 ], [ 1965464.707619, 6732766.379408 ], [ 1965493.113392, 6732772.420676000416279 ], [ 1965521.278811, 6732771.393584 ], [ 1965634.420401, 6732781.388487 ], [ 1965662.826356, 6732787.429336000233889 ], [ 1965690.991815, 6732786.401491000317037 ], [ 1965719.397323, 6732792.426008 ], [ 1965747.562790999887511, 6732791.398126999847591 ], [ 1965804.133684, 6732796.39420900028199 ], [ 1965832.539826999884099, 6732802.434316 ], [ 1965889.111015, 6732807.429816000163555 ], [ 1965917.260421, 6732806.402015999890864 ], [ 1966030.403392999898642, 6732816.40758700016886 ], [ 1966058.825212, 6732822.430104999803007 ], [ 1966115.397205, 6732827.440181000158191 ], [ 1966143.674843, 6732829.937419 ], [ 1966171.840404, 6732828.908061999827623 ], [ 1966256.689553, 6732836.397897999733686 ], [ 1966313.518131, 6732848.458262000232935 ], [ 1966341.683745, 6732847.428151999600232 ], [ 1966398.255947999889031, 6732852.436272 ], [ 1966426.405465, 6732851.406701999716461 ], [ 1966454.827712999889627, 6732857.427863 ], [ 1966539.806317, 6732868.456748000346124 ], [ 1966567.971816, 6732867.426008 ], [ 1966624.543802999891341, 6732872.416427000425756 ], [ 1966652.693373, 6732871.385908000171185 ], [ 1966737.945229, 6732889.463914000429213 ], [ 1966794.260397, 6732887.401472999714315 ], [ 1966907.389288, 6732897.395442999899387 ], [ 1966992.513301, 6732911.94482299964875 ], [ 1967020.534413000103086, 6732907.387174 ], [ 1967048.957155, 6732913.406461000442505 ], [ 1967077.235416, 6732915.900316 ], [ 1967105.529633, 6732918.393557 ], [ 1967133.679159, 6732917.361362 ], [ 1967162.231322, 6732926.922096 ], [ 1967190.509509, 6732929.415558 ], [ 1967218.675162999890745, 6732928.382554000243545 ], [ 1967247.082195, 6732934.401680000126362 ], [ 1967275.247861, 6732933.368479000404477 ], [ 1967331.821145, 6732938.370152000337839 ], [ 1967359.970721000107005, 6732937.337169 ], [ 1967384.989727, 6732947.010722000151873 ], [ 1967409.768105, 6732949.64795000012964 ], [ 1967437.917709, 6732948.614857000298798 ], [ 1967466.340921999886632, 6732954.632554999552667 ], [ 1967522.656252, 6732952.565041 ], [ 1967551.063444, 6732958.583122 ], [ 1967579.229167, 6732957.548862 ], [ 1967607.765914000105113, 6732967.108597000129521 ], [ 1967636.060491, 6732969.600007999688387 ], [ 1967664.210148, 6732968.565965999849141 ], [ 1967692.633442, 6732974.583046999759972 ], [ 1967748.948871, 6732972.513958999887109 ], [ 1967777.356985, 6732978.547244999557734 ], [ 1967833.930095, 6732983.529306 ], [ 1967862.35425, 6732989.561787 ], [ 1967890.503953, 6732988.527119000442326 ], [ 1967947.077374000102282, 6732993.508240999653935 ], [ 1967975.243022, 6732992.4726 ], [ 1968032.075045, 6733004.521029000170529 ], [ 1968088.648511, 6733009.501334000378847 ], [ 1968144.948014, 6733007.430003999732435 ], [ 1968173.37182, 6733013.445274 ], [ 1968201.521578, 6733012.409524999558926 ], [ 1968258.353933, 6733024.456239 ], [ 1968286.519822, 6733023.41951800044626 ], [ 1968314.928368, 6733029.451123000122607 ], [ 1968343.094109, 6733028.414202 ], [ 1968371.502044, 6733034.429310999810696 ], [ 1968427.817606, 6733032.355495000258088 ], [ 1968484.65045, 6733044.40082 ], [ 1968541.224504, 6733049.377999000251293 ], [ 1968569.390296, 6733048.340129000134766 ], [ 1968597.798474, 6733054.354624000377953 ], [ 1968625.964275, 6733053.316716999746859 ], [ 1968654.243405, 6733055.805126000195742 ], [ 1968696.80762100010179, 6733063.070762 ] ] ] } },
{ "type": "Feature", "properties": { "gml_id": "FossilFuelResource.progn.pow20343", "identifier": "http://inspire.pgi.gov.pl/so/mr/Midas.paliwaKopalne/FossilFuelResource.progn.pow20343", "beginLifespanVersion": null, "localId": "FossilFuelResource.progn.pow20343", "namespace": "http://inspire.pgi.gov.pl/so/mr/Midas.paliwaKopalne", "scalar": -1000.0, "scalar_uom": "m", "dateOfDiscovery": null, "calorificValue": null, "quantity": null, "verticalExtent": null }, "geometry": { "type": "Polygon", "coordinates": [ [ [ 2040262.085249, 6451297.961985999718308 ], [ 2040838.002911, 6452692.958383000455797 ], [ 2042317.493362, 6456174.838267000392079 ], [ 2043887.86289, 6455933.953293999657035 ], [ 2043781.417304999893531, 6455440.337155000306666 ], [ 2045839.927932, 6455410.1272 ], [ 2047165.951921, 6455263.536140000447631 ], [ 2048294.241036, 6455515.205854999832809 ], [ 2050616.233534999890253, 6454975.036276999861002 ], [ 2052685.582599, 6454473.146150999702513 ], [ 2052629.666311, 6453493.104371 ], [ 2051723.77073, 6453434.322623999789357 ], [ 2050576.864602, 6450387.969340999610722 ], [ 2050457.15014800010249, 6449422.240481000393629 ], [ 2050089.819556, 6448027.996086999773979 ], [ 2049470.944823000114411, 6448013.478047999553382 ], [ 2046302.488337, 6448136.589999999850988 ], [ 2045791.797949, 6448380.31574899982661 ], [ 2042682.178656, 6450007.575032000429928 ], [ 2040262.085249, 6451297.961985999718308 ] ] ] } },
{ "type": "Feature", "properties": { "gml_id": "FossilFuelResource.progn.pow20342", "identifier": "http://inspire.pgi.gov.pl/so/mr/Midas.paliwaKopalne/FossilFuelResource.progn.pow20342", "beginLifespanVersion": null, "localId": "FossilFuelResource.progn.pow20342", "namespace": "http://inspire.pgi.gov.pl/so/mr/Midas.paliwaKopalne", "scalar": -1000.0, "scalar_uom": "m", "dateOfDiscovery": null, "calorificValue": null, "quantity": null, "verticalExtent": null }, "geometry": { "type": "Polygon", "coordinates": [ [ [ 2052898.823563, 6454473.568474000319839 ], [ 2052685.582599, 6454473.146150999702513 ], [ 2050616.233534999890253, 6454975.036276999861002 ], [ 2048294.241036, 6455515.205854999832809 ], [ 2047165.951921, 6455263.536140000447631 ], [ 2045839.927932, 6455410.1272 ], [ 2043781.417304999893531, 6455440.337155000306666 ], [ 2043887.86289, 6455933.953293999657035 ], [ 2044447.752359, 6458099.201527000404894 ], [ 2045262.320437, 6461397.296148999594152 ], [ 2046226.290111, 6463224.548961999826133 ], [ 2048554.187452000100166, 6463110.042365999892354 ], [ 2050424.461725, 6462987.297965999692678 ], [ 2054835.482911, 6462232.586695999838412 ], [ 2056987.163021000102162, 6465420.533281999640167 ], [ 2057797.016056, 6466648.581919999793172 ], [ 2059216.931431999895722, 6465712.236843000166118 ], [ 2059216.944417, 6465712.228028999641538 ], [ 2060565.346345, 6464793.887605999596417 ], [ 2059217.032318, 6462484.042949999682605 ], [ 2059217.032227, 6462484.033270999789238 ], [ 2059217.017234, 6462484.017245999537408 ], [ 2059217.017285, 6462484.00959699973464 ], [ 2059094.76485, 6462290.994118999689817 ], [ 2058927.607177, 6462027.082050999626517 ], [ 2057494.99841, 6459764.746248999610543 ], [ 2058181.047557, 6459363.765673000365496 ], [ 2057490.214546999894083, 6458149.698367999866605 ], [ 2058009.856838, 6458160.481633 ], [ 2057608.848677, 6457633.929007000289857 ], [ 2058774.257923, 6456970.189845999702811 ], [ 2058370.873949, 6456297.688993000425398 ], [ 2058141.741064, 6456299.678325000219047 ], [ 2057721.642973, 6455619.074133000336587 ], [ 2057631.273819, 6455637.956468 ], [ 2057579.916219, 6455662.225170000456274 ], [ 2057527.258026999887079, 6455521.650459 ], [ 2057389.191885, 6455611.768563999794424 ], [ 2056788.600814, 6454866.096454000100493 ], [ 2055766.337726, 6455578.937579999677837 ], [ 2055573.688733, 6455579.289942 ], [ 2055564.610475, 6455440.997445000335574 ], [ 2054199.320365, 6455532.404749999754131 ], [ 2054124.10888, 6455923.090831000357866 ], [ 2053064.863471, 6455914.384335 ], [ 2052973.957465, 6455125.6058109998703 ], [ 2052928.18743, 6454728.411589999683201 ], [ 2052898.823563, 6454473.568474000319839 ] ] ] } },
{ "type": "Feature", "properties": { "gml_id": "FossilFuelResource.per.pow80913", "identifier": "http://inspire.pgi.gov.pl/so/mr/Midas.paliwaKopalne/FossilFuelResource.per.pow80913", "beginLifespanVersion": null, "localId": "FossilFuelResource.per.pow80913", "namespace": "http://inspire.pgi.gov.pl/so/mr/Midas.paliwaKopalne", "scalar": null, "scalar_uom": null, "dateOfDiscovery": null, "calorificValue": null, "quantity": null, "verticalExtent": null }, "geometry": { "type": "Polygon", "coordinates": [ [ [ 2080082.209473, 6437171.101234000176191 ], [ 2080301.651203, 6437173.321008999831975 ], [ 2083462.292029999895021, 6437203.224411999806762 ], [ 2085726.920123, 6437224.082159999758005 ], [ 2085735.60102, 6438090.103659000247717 ], [ 2085748.796665, 6439432.576731 ], [ 2088835.97405, 6438934.031046000309289 ], [ 2088992.079068, 6433012.502922000363469 ], [ 2086241.689141, 6430178.665699999779463 ], [ 2085537.281673, 6429183.134484999813139 ], [ 2083765.254056, 6428288.219352000392973 ], [ 2081489.315857, 6427138.123185999691486 ], [ 2080951.210406, 6426329.259115999564528 ], [ 2080615.484355, 6425824.548382 ], [ 2080673.036784, 6425638.714265 ], [ 2080798.868452, 6425232.394140000455081 ], [ 2080449.539454, 6425103.411892999894917 ], [ 2077061.806472, 6423848.492390000261366 ], [ 2072215.85712799988687, 6422886.107908999547362 ], [ 2067568.047108, 6424934.24722099956125 ], [ 2067986.591496, 6426480.475482 ], [ 2068436.184769, 6427694.03619800042361 ], [ 2069747.405256999889389, 6429918.32895 ], [ 2071694.657454, 6429436.739970999769866 ], [ 2072321.558951, 6430325.937846000306308 ], [ 2073976.078124, 6432672.030186000280082 ], [ 2077090.91135, 6432727.431797999888659 ], [ 2074824.467952, 6436807.790436999872327 ], [ 2076886.416191, 6437138.11761 ], [ 2080082.209473, 6437171.101234000176191 ] ] ] } },
{ "type": "Feature", "properties": { "gml_id": "FossilFuelResource.per.pow80914", "identifier": "http://inspire.pgi.gov.pl/so/mr/Midas.paliwaKopalne/FossilFuelResource.per.pow80914", "beginLifespanVersion": null, "localId": "FossilFuelResource.per.pow80914", "namespace": "http://inspire.pgi.gov.pl/so/mr/Midas.paliwaKopalne", "scalar": null, "scalar_uom": null, "dateOfDiscovery": null, "calorificValue": null, "quantity": null, "verticalExtent": null }, "geometry": { "type": "Polygon", "coordinates": [ [ [ 1908101.024979, 7302956.533094 ], [ 1908138.558703, 7302988.679890000261366 ], [ 1908176.092736, 7303020.826640999875963 ], [ 1908331.48799, 7303103.530477999709547 ], [ 1908478.608782, 7303188.190293 ], [ 1908793.153596, 7303331.532406000420451 ], [ 1908958.383296, 7303391.692516 ], [ 1909328.164097, 7303568.276847999542952 ], [ 1909629.677333999890834, 7303769.70764600019902 ], [ 1909637.439673, 7303774.733892000280321 ], [ 1909671.640979, 7303796.919288 ], [ 1909757.984656, 7303852.928985999897122 ], [ 1909854.283759, 7303908.331062999553978 ], [ 1909994.214053, 7304020.697897000238299 ], [ 1910129.387520000105724, 7304109.502252999693155 ], [ 1910289.96168, 7304206.017718999646604 ], [ 1910447.611905, 7304293.149443999864161 ], [ 1910733.760496, 7304485.786662999540567 ], [ 1910897.679618, 7304540.3251 ], [ 1911130.281926, 7304678.345323000103235 ], [ 1911265.634596, 7304759.869401000440121 ], [ 1911584.397779, 7304889.034829 ], [ 1911893.826703000115231, 7305043.300226000137627 ], [ 1912214.994402, 7305157.741619000211358 ], [ 1912517.21422, 7305320.488679000176489 ], [ 1912654.818561, 7305414.052563999779522 ], [ 1912877.648236, 7305565.597358000464737 ], [ 1913089.533384, 7305714.327998000197113 ], [ 1913117.497885, 7305763.575611 ], [ 1913279.023764, 7305846.609105999581516 ], [ 1913454.373567, 7305911.484306000173092 ], [ 1913604.737734, 7305980.360488999634981 ], [ 1913754.842069, 7306061.540414 ], [ 1913910.73604299989529, 7306166.832064 ], [ 1914053.877477, 7306254.766455999575555 ], [ 1914145.519761, 7306317.782719000242651 ], [ 1914166.206668, 7306332.009220999665558 ], [ 1914346.645949, 7306447.463445999659598 ], [ 1914505.436276, 7306531.884313999675214 ], [ 1914790.974389, 7306713.598253999836743 ], [ 1914932.57145, 7306829.795858000405133 ], [ 1915075.675626, 7306926.150274000130594 ], [ 1915222.962368, 7307007.365953999571502 ], [ 1915381.789875, 7307088.814547000452876 ], [ 1915533.710111999884248, 7307162.598612000234425 ], [ 1915620.787057, 7307217.259304 ], [ 1915713.595047, 7307275.516169999726117 ], [ 1915959.842967, 7307436.259173999540508 ], [ 1916106.92864999989979, 7307541.737398999743164 ], [ 1916491.659815, 7307771.452886999584734 ], [ 1916614.072164, 7307854.969802999868989 ], [ 1916835.860223, 7308024.756818000227213 ], [ 1916985.090655, 7308130.527230000123382 ], [ 1917051.955718, 7308174.286387999542058 ], [ 1917131.875332, 7308226.606146999634802 ], [ 1917412.227471, 7308430.613742000423372 ], [ 1917596.656882, 7308554.899260999634862 ], [ 1917735.745061999885365, 7308659.337903000414371 ], [ 1917876.896824, 7308749.251047999598086 ], [ 1918100.060585, 7308848.636730999685824 ], [ 1918497.126527, 7309066.077921999618411 ], [ 1918534.625435, 7309091.357931000180542 ], [ 1918566.507406, 7309108.800111000426114 ], [ 1918645.663959, 7309152.06176 ], [ 1919185.763069, 7309449.009343000128865 ], [ 1919363.275006, 7309556.133611000142992 ], [ 1919521.243205, 7309626.637399000115693 ], [ 1919692.975212, 7309672.536384000442922 ], [ 1919858.140435, 7309736.339685999788344 ], [ 1920006.066107, 7309817.465680999681354 ], [ 1920181.74588, 7309892.444021999835968 ], [ 1920341.985699, 7309960.308418000116944 ], [ 1920514.987605, 7310019.541829000227153 ], [ 1920948.57939499989152, 7310184.432409999892116 ], [ 1921286.629252, 7310246.285575999878347 ], [ 1921725.130113, 7310422.084967999719083 ], [ 1921767.24628, 7310438.810439 ], [ 1921950.052882000105456, 7310474.786059999838471 ], [ 1922619.12366, 7310602.375861999578774 ], [ 1923039.279324, 7310666.309422999620438 ], [ 1923389.396461, 7310709.543588999658823 ], [ 1923493.713278, 7310716.958534000441432 ], [ 1923719.764904, 7310733.903261000290513 ], [ 1923823.495829, 7310753.052485000342131 ], [ 1923968.954256, 7310795.54526 ], [ 1924889.730733, 7311143.667348000220954 ], [ 1925051.269669, 7311202.346164000220597 ], [ 1925186.75592, 7311239.312920999713242 ], [ 1925214.250045999884605, 7311246.796675999648869 ], [ 1925572.326452, 7311318.911963 ], [ 1925736.635154, 7311360.697599000297487 ], [ 1925852.51791, 7311379.371142 ], [ 1926024.920542, 7311424.454308000393212 ], [ 1926182.429516, 7311476.089939 ], [ 1926347.391228, 7311539.906382 ], [ 1926538.010483, 7311557.82226200029254 ], [ 1926826.833937, 7311631.534759 ], [ 1926963.255909, 7311666.350936999544501 ], [ 1927127.489675, 7311759.66641699988395 ], [ 1927379.615012, 7311822.310073999688029 ], [ 1927716.564669, 7311885.219847000204027 ], [ 1927978.289599, 7311917.793085999786854 ], [ 1928066.636874, 7311939.51095 ], [ 1928228.890637, 7311990.946673999540508 ], [ 1928473.831871999893337, 7312063.50110699981451 ], [ 1928805.91527, 7312161.818571000359952 ], [ 1929150.518117000116035, 7312260.606599000282586 ], [ 1929319.782689, 7312310.650713000446558 ], [ 1929560.120451, 7312416.863725 ], [ 1929793.050613, 7312542.960486000403762 ], [ 1930007.581072, 7312657.598364000208676 ], [ 1930064.471086, 7312681.908726999536157 ], [ 1930016.211534, 7312844.393888000398874 ], [ 1930025.374689, 7312849.851994000375271 ], [ 1930331.180594, 7313029.234582000412047 ], [ 1930669.744321, 7313147.680065999738872 ], [ 1931695.880273000104353, 7313402.392079999670386 ], [ 1931713.440847000107169, 7313406.747891999781132 ], [ 1931892.749872, 7313438.728065 ], [ 1932474.701105, 7313497.18432 ], [ 1932741.147922, 7313537.618328000418842 ], [ 1933218.938286, 7313625.186979000456631 ], [ 1933390.835015, 7313642.440816000103951 ], [ 1933460.468175, 7313649.429002 ], [ 1933734.658557000104338, 7313689.310286999680102 ], [ 1933860.878317000111565, 7313720.023911000229418 ], [ 1934379.490616, 7313814.179944000206888 ], [ 1934952.541845000116155, 7313887.138998 ], [ 1935136.840967, 7313926.593841999769211 ], [ 1935458.28375, 7313994.645762000232935 ], [ 1935792.019312, 7314043.556145999580622 ], [ 1936323.821942, 7314103.007349000312388 ], [ 1936856.687305, 7314152.32819200027734 ], [ 1937102.890452, 7314175.129843999631703 ], [ 1937367.576183000113815, 7314204.406654000282288 ], [ 1937699.387099, 7314209.236762000247836 ], [ 1938063.514478999888524, 7314210.079223000444472 ], [ 1938237.867262, 7314234.128070999868214 ], [ 1938586.711763999890536, 7314261.800564999692142 ], [ 1939389.264752000104636, 7314321.119777999818325 ], [ 1939576.580642, 7314317.101761999540031 ], [ 1939927.364278, 7314349.704295 ], [ 1940267.002577, 7314377.451746 ], [ 1940274.697839, 7314377.393056999891996 ], [ 1940527.273466000100598, 7314373.276941999793053 ], [ 1940931.807857, 7314405.594345999881625 ], [ 1941322.183537, 7314401.071893 ], [ 1941648.728913, 7314427.926409999839962 ], [ 1941986.20699100010097, 7314423.815356000326574 ], [ 1941995.971122, 7314426.70017100032419 ], [ 1942313.70514, 7314519.105325000360608 ], [ 1942490.098705, 7314563.318095999769866 ], [ 1943018.771688, 7314584.562129000201821 ], [ 1943247.36319, 7314625.854577000252903 ], [ 1943563.646684, 7314669.222304999828339 ], [ 1943700.354353, 7314685.49361199978739 ], [ 1943840.604446, 7314702.171153999865055 ], [ 1944202.439320999896154, 7314761.808089000172913 ], [ 1944716.826566, 7314843.019480999559164 ], [ 1944989.390640000114217, 7314925.965305999852717 ], [ 1945379.76141900010407, 7315022.559394 ], [ 1945727.037814, 7315129.76815 ], [ 1946115.925807, 7315207.216737000271678 ], [ 1946313.673722, 7315254.451099 ], [ 1946472.839249, 7315295.018922000192106 ], [ 1946677.048257, 7315339.033669999800622 ], [ 1946947.299717, 7315402.6947579998523 ], [ 1947118.923618, 7315443.185046999715269 ], [ 1947120.637999, 7315363.98785400018096 ], [ 1947189.317205, 7315389.462864000350237 ], [ 1947269.991898, 7315420.657205999828875 ], [ 1947300.970949, 7315436.619753999635577 ], [ 1947342.693559, 7315459.211667999625206 ], [ 1947375.080547, 7315476.622805000282824 ], [ 1947420.579398, 7315498.444396000355482 ], [ 1947502.862657, 7315525.089923 ], [ 1947586.17043, 7315548.795483999885619 ], [ 1947669.319864, 7315572.984570999629796 ], [ 1947752.416459, 7315597.345506999641657 ], [ 1947830.326354, 7315631.271197999827564 ], [ 1947913.494908000109717, 7315657.832422999665141 ], [ 1947995.338597000110894, 7315685.960926 ], [ 1948045.040442, 7315700.824241999536753 ], [ 1948075.536522, 7315719.398135 ], [ 1948098.235375, 7315730.35879 ], [ 1948160.126965, 7315738.392617999576032 ], [ 1948192.875183, 7315741.884831000119448 ], [ 1948247.01884, 7315749.932044999673963 ], [ 1948329.555517, 7315775.739507 ], [ 1948380.113234, 7315789.584303 ], [ 1948460.657162, 7315820.975065999664366 ], [ 1948479.841854, 7315825.167316 ], [ 1948506.404041, 7315827.955610999837518 ], [ 1948544.335574, 7315844.500641000457108 ], [ 1948623.876236, 7315878.517571999691427 ], [ 1948703.381925000110641, 7315912.689372999593616 ], [ 1948766.779419, 7315940.541535000316799 ], [ 1948782.677433, 7315947.344661000184715 ], [ 1948863.699144, 7315977.643160000443459 ], [ 1948918.975359, 7315997.186258999630809 ], [ 1949000.776138, 7316027.506374999880791 ], [ 1949038.380418, 7316041.672198999673128 ], [ 1949084.432887, 7316049.726490999571979 ], [ 1949170.090776, 7316062.824741000309587 ], [ 1949254.302165, 7316082.49892000015825 ], [ 1949275.281833, 7316077.445411000400782 ], [ 1949301.131146, 7316075.979355 ], [ 1949316.684588, 7316077.717477000318468 ], [ 1949341.780222, 7316085.138363 ], [ 1949387.980167, 7316104.424386000260711 ], [ 1949428.501225, 7316104.672247 ], [ 1949510.813046, 7316124.087907999753952 ], [ 1949526.983752, 7316134.132864000275731 ], [ 1949566.844122, 7316147.376140000298619 ], [ 1949651.327674, 7316165.505366999655962 ], [ 1949702.910287, 7316181.897469 ], [ 1949734.133149999892339, 7316191.249237 ], [ 1949815.674162, 7316222.391745000146329 ], [ 1949901.779166, 7316233.786489999853075 ], [ 1949986.01285, 7316253.28015 ], [ 1950004.790507, 7316256.564433 ], [ 1950031.216852, 7316261.791043999604881 ], [ 1950118.019236, 7316272.512323999777436 ], [ 1950203.326847, 7316286.827917000278831 ], [ 1950275.777564000105485, 7316302.129138000309467 ], [ 1950287.737647, 7316305.903597 ], [ 1950371.716401, 7316327.540796999819577 ], [ 1950456.630979999899864, 7316343.861821000464261 ], [ 1950541.510069, 7316360.37253800034523 ], [ 1950574.38927, 7316360.389007000252604 ], [ 1950628.652149, 7316364.607411 ], [ 1950648.792941, 7316368.47163899987936 ], [ 1950691.968364, 7316372.822108999826014 ], [ 1950736.330310000106692, 7316378.203162999823689 ], [ 1950790.608946, 7316377.566867000423372 ], [ 1950823.006671, 7316377.180258999578655 ], [ 1950859.203133, 7316377.738180999644101 ], [ 1950909.563908, 7316378.426532000303268 ], [ 1950944.122922, 7316385.837418000213802 ], [ 1950995.379976, 7316392.130412999540567 ], [ 1951064.150077, 7316402.147295 ], [ 1951088.618303, 7316402.954032000154257 ], [ 1951173.251185, 7316407.495335999876261 ], [ 1951258.671406, 7316421.020282000303268 ], [ 1951312.563714, 7316429.045151 ], [ 1951344.290377999888733, 7316433.332270000129938 ], [ 1951429.639756, 7316447.18435600027442 ], [ 1951513.925632, 7316467.528857000172138 ], [ 1951599.455416, 7316480.357692999765277 ], [ 1951625.26541, 7316487.516282999888062 ], [ 1951659.035484000109136, 7316494.086828 ], [ 1951697.009505, 7316503.111937999725342 ], [ 1951745.008753, 7316513.157379999756813 ], [ 1951781.662883, 7316515.20486 ], [ 1951831.514155, 7316517.236089999787509 ], [ 1951907.607494000112638, 7316521.296461000107229 ], [ 1951917.945813, 7316522.041236000135541 ], [ 1952004.080347, 7316529.92913500033319 ], [ 1952090.40048, 7316535.92788099963218 ], [ 1952176.499563, 7316543.98696400038898 ], [ 1952215.499134, 7316549.757565 ], [ 1952300.70642, 7316564.60485399980098 ], [ 1952337.354481, 7316575.52513 ], [ 1952386.130258, 7316578.11773999966681 ], [ 1952472.440390999894589, 7316585.776398000307381 ], [ 1952557.973336, 7316598.577414999715984 ], [ 1952642.549312, 7316617.559858 ], [ 1952693.422511, 7316632.749664000235498 ], [ 1952726.257576, 7316642.360494 ], [ 1952741.961640000110492, 7316645.202324000187218 ], [ 1952822.970172999892384, 7316675.635633000172675 ], [ 1952907.558875000104308, 7316695.568896999582648 ], [ 1952958.760309, 7316708.314948 ], [ 1952993.364778, 7316711.886168000288308 ], [ 1953074.939204, 7316740.673881 ], [ 1953156.514224, 7316769.478198999539018 ], [ 1953217.174526, 7316798.804823 ], [ 1953239.482069, 7316810.356317000463605 ], [ 1953294.52869, 7316841.258337000384927 ], [ 1953375.028837, 7316873.399605000391603 ], [ 1953456.694471, 7316901.941855000331998 ], [ 1953538.977557, 7316928.666945000179112 ], [ 1953623.167587, 7316949.440037 ], [ 1953647.144159, 7316943.595958 ], [ 1953709.414452, 7316962.389635999687016 ], [ 1953729.441059, 7316968.343121999874711 ], [ 1953726.270311, 7316985.415947999805212 ], [ 1953722.857992, 7317002.400707 ], [ 1953719.290079, 7317019.367011999711394 ], [ 1953715.68772, 7317036.315809999592602 ], [ 1953711.826284, 7317053.211047999560833 ], [ 1953701.69171, 7317098.913402000442147 ], [ 1953696.742037, 7317118.246271999552846 ], [ 1953685.569319, 7317131.558093000203371 ], [ 1953666.80294, 7317155.673546000383794 ], [ 1953663.528296, 7317164.615456 ], [ 1953660.823684, 7317173.682300999760628 ], [ 1953658.620253, 7317182.821650000289083 ], [ 1953657.107616000110283, 7317192.156274000182748 ], [ 1953656.030425, 7317200.99091500043869 ], [ 1953655.194767, 7317209.948543 ], [ 1953654.584134999895468, 7317218.872851000167429 ], [ 1953654.250261999899521, 7317227.781739000231028 ], [ 1953654.14083, 7317236.761214000172913 ], [ 1953654.342753, 7317245.760162999853492 ], [ 1953654.683357999892905, 7317254.690692 ], [ 1953655.353206, 7317263.553972999565303 ], [ 1953656.316551999887452, 7317272.488579000346363 ], [ 1953657.868789, 7317281.322803 ], [ 1953659.905131, 7317290.160302000120282 ], [ 1953662.393238000106066, 7317298.705991 ], [ 1953665.417937, 7317307.20295299962163 ], [ 1953668.99713, 7317315.530287000350654 ], [ 1953673.286011, 7317323.792701000347733 ], [ 1953678.408047, 7317331.627204 ], [ 1953684.277683, 7317338.859743 ], [ 1953690.895108, 7317345.472794 ], [ 1953698.156282, 7317351.483284000307322 ], [ 1953706.081188, 7317356.509940000250936 ], [ 1953705.958661, 7317356.751853000372648 ], [ 1953739.82303, 7317376.490523999556899 ], [ 1953741.996884, 7317377.388613999821246 ], [ 1953743.880342, 7317377.695497999899089 ], [ 1953745.852839, 7317377.621499000117183 ], [ 1953747.655527, 7317377.043455 ], [ 1953749.304932000115514, 7317376.08332800026983 ], [ 1953750.417937, 7317375.154249999672174 ], [ 1953751.341508, 7317374.085230000317097 ], [ 1953752.048897, 7317371.680001 ], [ 1953752.283938, 7317370.086478999815881 ], [ 1953762.465488, 7317173.485681000165641 ], [ 1953770.441682, 7317143.371616000309587 ], [ 1953780.51202, 7317104.967048999853432 ], [ 1953790.749035000102594, 7317062.091035 ], [ 1953797.408957999898121, 7317034.916024999693036 ], [ 1953802.54318, 7317008.28600599989295 ], [ 1953808.582013, 7316975.455741000361741 ], [ 1953812.576288, 7316953.967617999762297 ], [ 1953903.347819, 7316951.827178999781609 ], [ 1953956.714795, 7316950.972219999879599 ], [ 1954043.106066, 7316954.887114999815822 ], [ 1954129.396472, 7316963.810394000262022 ], [ 1954215.71219199988991, 7316971.53672800026834 ], [ 1954270.565541000105441, 7316970.862455000169575 ], [ 1954302.311064, 7316967.284724 ], [ 1954339.999033, 7316962.201864000409842 ], [ 1954425.83260599989444, 7316964.080616000108421 ], [ 1954512.352479000110179, 7316966.881449 ], [ 1954598.139277, 7316978.986297000199556 ], [ 1954683.871202, 7316991.627233999781311 ], [ 1954707.283134, 7317006.770261 ], [ 1954768.218265, 7317021.039700999855995 ], [ 1954852.938122, 7317046.275770000182092 ], [ 1954937.191296, 7317041.0485920002684 ], [ 1955017.875535999890417, 7317056.150622 ], [ 1955102.932775999885052, 7317071.799305999651551 ], [ 1955189.099775, 7317081.507666000165045 ], [ 1955276.394772, 7317085.085184999741614 ], [ 1955361.381577, 7317101.094666000455618 ], [ 1955448.336509, 7317106.540416000410914 ], [ 1955498.737215, 7317121.224592000246048 ], [ 1955550.914227, 7317136.768737000413239 ], [ 1955570.100877, 7317138.96782 ], [ 1955611.491831, 7317150.526904 ], [ 1955636.773682999890298, 7317157.322940999642015 ], [ 1955723.914843, 7317157.929840999655426 ], [ 1955809.422525, 7317171.077461999841034 ], [ 1955894.967161, 7317183.860245999880135 ], [ 1955940.67826, 7317187.764174000360072 ], [ 1955982.236255000112578, 7317183.424898999743164 ], [ 1956068.107212, 7317193.815371000207961 ], [ 1956153.888004, 7317204.880369000136852 ], [ 1956239.597444, 7317216.308172999881208 ], [ 1956265.573454, 7317239.974841999821365 ], [ 1956307.461139, 7317255.451465000398457 ], [ 1956343.740117, 7317268.796086000278592 ], [ 1956427.823141, 7317289.036421 ], [ 1956478.560345999896526, 7317300.040986999869347 ], [ 1956484.673777, 7317301.707789000123739 ], [ 1956571.563863, 7317318.426934000104666 ], [ 1956657.037486, 7317331.998518999665976 ], [ 1956742.350386, 7317346.435286999680102 ], [ 1956766.89331, 7317349.790489000268281 ], [ 1956848.656068, 7317370.792643999680877 ], [ 1956935.503951, 7317380.330140000209212 ], [ 1957018.083951999899, 7317406.519004000350833 ], [ 1957053.173798, 7317419.454742999747396 ], [ 1957101.797797, 7317428.310496999882162 ], [ 1957187.124004, 7317443.748042000457644 ], [ 1957208.316895, 7317463.673444 ], [ 1957268.607136, 7317474.296934000216424 ], [ 1957355.404078, 7317483.985662999562919 ], [ 1957405.391244, 7317493.558391000144184 ], [ 1957491.779989, 7317507.95885 ], [ 1957577.651513, 7317519.217367 ], [ 1957661.861182, 7317539.515013 ], [ 1957746.000287, 7317560.140708999708295 ], [ 1957832.836835, 7317566.287589999847114 ], [ 1957891.875101, 7317575.35589599981904 ], [ 1957918.743973, 7317577.542616000398993 ], [ 1957967.89389, 7317591.458559 ], [ 1958000.41922, 7317611.448843999765813 ], [ 1958049.851616, 7317618.552613999694586 ], [ 1958132.716331, 7317638.508074999786913 ], [ 1958217.090704, 7317657.726067 ], [ 1958301.324226999888197, 7317677.44505999982357 ], [ 1958384.424696, 7317701.699256000109017 ], [ 1958420.291004, 7317708.150650000199676 ], [ 1958420.291134, 7317708.109532999806106 ], [ 1958458.401216, 7300171.003414999693632 ], [ 1958464.110171, 7297524.785942000336945 ], [ 1958539.718122000107542, 7261987.269983000122011 ], [ 1916119.187677, 7262230.669037999585271 ], [ 1892432.873981, 7262266.399398 ], [ 1892431.868514, 7291780.629274000413716 ], [ 1892431.867429, 7291797.125172999687493 ], [ 1892431.866973999887705, 7291805.564417 ], [ 1892464.02447500010021, 7291835.38729100022465 ], [ 1892673.314786, 7292087.08612999971956 ], [ 1892780.638772, 7292226.869481000117958 ], [ 1892801.369672, 7292252.119760000146925 ], [ 1892936.538123, 7292381.53273900039494 ], [ 1893017.475087, 7292464.843326999805868 ], [ 1893124.367115, 7292583.485259000211954 ], [ 1893331.102607, 7292811.371818999759853 ], [ 1893476.626185, 7292980.718259000219405 ], [ 1893698.555994, 7293196.497498 ], [ 1893776.001632, 7293312.254413000307977 ], [ 1893981.100202, 7293505.828087000176311 ], [ 1893998.938134, 7293522.672685000114143 ], [ 1894102.828958, 7293638.509045000188053 ], [ 1894161.683576, 7293698.22714 ], [ 1894394.240797, 7293995.67567600030452 ], [ 1894666.554544, 7294236.120195999741554 ], [ 1894865.433788, 7294518.150449000298977 ], [ 1895164.595333, 7294806.388096 ], [ 1895237.652810999890789, 7294876.780841000378132 ], [ 1895647.273564, 7295361.376291000284255 ], [ 1895795.769455, 7295483.574957 ], [ 1895896.956532, 7295589.108519 ], [ 1896096.625347, 7295772.941696000285447 ], [ 1896243.418973, 7296002.694884000346065 ], [ 1896283.899501, 7296031.003848999738693 ], [ 1896306.552531, 7296052.271925999782979 ], [ 1896473.763537, 7296209.169296000152826 ], [ 1896541.652211, 7296304.839848999865353 ], [ 1896692.61561, 7296565.712895000353456 ], [ 1896784.017265, 7296715.088548 ], [ 1896835.248428, 7296838.512945 ], [ 1896920.133812, 7296987.906324 ], [ 1897201.084465, 7297324.724670000374317 ], [ 1897308.381284999893978, 7297428.220832999795675 ], [ 1897339.689602, 7297459.361379999667406 ], [ 1897417.136339, 7297523.643129999749362 ], [ 1897582.733502000104636, 7297671.1676089996472 ], [ 1897717.879162, 7297755.084003999829292 ], [ 1897841.606097, 7297833.776662000454962 ], [ 1898007.349874, 7297962.569694000296295 ], [ 1897993.765814, 7297967.954404000192881 ], [ 1898024.499102, 7298002.441741 ], [ 1898024.181669, 7298004.218752999790013 ], [ 1898024.654393, 7298061.263665 ], [ 1898024.423579, 7298063.0245820004493 ], [ 1898025.301776, 7298064.437319999560714 ], [ 1898026.795217, 7298065.010946 ], [ 1898028.841396, 7298064.277781999669969 ], [ 1898031.611607, 7298061.02929 ], [ 1898064.964573, 7298015.200280000455678 ], [ 1898074.779376, 7298001.410941 ], [ 1898094.604142, 7298005.415242999792099 ], [ 1898085.448675000108778, 7298027.895546999759972 ], [ 1898246.090664, 7298074.829198 ], [ 1898335.247002, 7298081.655558999627829 ], [ 1898412.895712, 7298107.592135 ], [ 1898644.243799, 7298228.838912 ], [ 1898764.077816, 7298261.895860999822617 ], [ 1898876.890029999893159, 7298319.398671999573708 ], [ 1899159.402549, 7298426.291346999816597 ], [ 1899322.618804, 7298497.401881 ], [ 1899538.88291, 7298679.031840999610722 ], [ 1899763.512087, 7298799.38599400036037 ], [ 1899801.933148, 7298810.673833999782801 ], [ 1899836.439967, 7298843.841473000124097 ], [ 1900054.428304, 7298993.31555400043726 ], [ 1900112.958593, 7299027.909074 ], [ 1900265.391479, 7299156.565620999783278 ], [ 1900332.99764, 7299199.321948999539018 ], [ 1900376.694119999883696, 7299226.937071000225842 ], [ 1900490.102778, 7299279.103765999898314 ], [ 1900648.716707, 7299378.259348999708891 ], [ 1900848.041258, 7299474.040857999585569 ], [ 1900886.56911, 7299493.33469 ], [ 1901034.686364, 7299549.983524999581277 ], [ 1901122.76444, 7299568.112460000440478 ], [ 1901271.467141, 7299656.766741000115871 ], [ 1901323.193696, 7299669.970432999543846 ], [ 1901483.450587, 7299739.866248000413179 ], [ 1901669.776006999891251, 7299843.936827999539673 ], [ 1901744.814447, 7299859.103710999712348 ], [ 1901861.514262, 7299930.343712000176311 ], [ 1901913.734894, 7299957.545202 ], [ 1901919.973596000112593, 7299937.023472 ], [ 1902135.761745, 7300041.954695999622345 ], [ 1902300.458171, 7300123.364307999610901 ], [ 1902454.677012, 7300193.061665000393987 ], [ 1902615.588159, 7300271.372224999591708 ], [ 1902931.330543, 7300414.291744000278413 ], [ 1903079.80658, 7300493.870032999664545 ], [ 1903399.37469, 7300638.640440000221133 ], [ 1903493.312043, 7300683.169305000454187 ], [ 1903571.018936, 7300720.032060000114143 ], [ 1903726.264886, 7300797.611874000169337 ], [ 1903882.506002, 7300867.779991 ], [ 1903999.890559, 7300924.54194699972868 ], [ 1904156.363836, 7300999.916314999572933 ], [ 1904309.464845, 7301076.006343999877572 ], [ 1904465.407921, 7301152.822397000156343 ], [ 1904776.605531, 7301304.293389 ], [ 1905008.417945999884978, 7301425.855065999552608 ], [ 1905111.325345, 7301479.271898999810219 ], [ 1905268.716302, 7301558.897056000307202 ], [ 1905418.997415000107139, 7301638.551277999766171 ], [ 1905578.537057, 7301713.925069999881089 ], [ 1905729.516762, 7301789.292568 ], [ 1905961.692393, 7301893.759567 ], [ 1906119.817948, 7301969.833689999766648 ], [ 1906272.583529, 7302045.38839 ], [ 1906427.711060999892652, 7302128.41096100024879 ], [ 1906558.1316, 7302183.921561 ], [ 1906578.201229, 7302193.031328000128269 ], [ 1906730.658086, 7302281.691739999689162 ], [ 1906884.705338, 7302363.465625000186265 ], [ 1907044.527337, 7302432.278675000183284 ], [ 1907174.53575, 7302505.167002 ], [ 1907332.123136, 7302572.199872000142932 ], [ 1907489.739733, 7302645.512113000266254 ], [ 1907652.211962, 7302710.298506 ], [ 1907959.4796, 7302876.920926 ], [ 1908101.024979, 7302956.533094 ] ] ] } },
{ "type": "Feature", "properties": { "gml_id": "FossilFuelResource.per.pow80596", "identifier": "http://inspire.pgi.gov.pl/so/mr/Midas.paliwaKopalne/FossilFuelResource.per.pow80596", "beginLifespanVersion": null, "localId": "FossilFuelResource.per.pow80596", "namespace": "http://inspire.pgi.gov.pl/so/mr/Midas.paliwaKopalne", "scalar": -1000.0, "scalar_uom": "m", "dateOfDiscovery": null, "calorificValue": null, "quantity": null, "verticalExtent": null }, "geometry": { "type": "Polygon", "coordinates": [ [ [ 2147280.549701, 6472952.156953000463545 ], [ 2150825.200485, 6472533.567714000120759 ], [ 2150890.02127300016582, 6471505.546702000312507 ], [ 2151843.785941999871284, 6471563.739900000393391 ], [ 2151731.218684, 6472811.323043 ], [ 2152397.115451000165194, 6472992.099054000340402 ], [ 2154519.569062000140548, 6473567.913854000158608 ], [ 2155173.477419000118971, 6473745.19924 ], [ 2155289.790709999855608, 6473776.727823000401258 ], [ 2155635.287657999899238, 6473870.37028899975121 ], [ 2155741.956916000228375, 6473520.62395 ], [ 2158131.671324000228196, 6465681.053178999572992 ], [ 2158164.133595999795943, 6465574.474465000443161 ], [ 2158164.134972999803722, 6465574.469616999849677 ], [ 2158211.589691, 6465418.665726999752223 ], [ 2157699.850686000194401, 6465302.280576 ], [ 2157294.154122, 6465203.095654999837279 ], [ 2156710.163035000208765, 6465108.273933 ], [ 2155887.683505999855697, 6464964.841698000207543 ], [ 2155663.952512000221759, 6464946.31742800027132 ], [ 2155464.706435, 6464932.57366400025785 ], [ 2155036.896086, 6464920.771584999747574 ], [ 2155036.882848000153899, 6464920.771181000396609 ], [ 2154967.74106500018388, 6464918.86168900039047 ], [ 2154167.392463, 6464934.93907199986279 ], [ 2153999.18990800017491, 6464937.482711999677122 ], [ 2153774.252239999826998, 6464950.419703000225127 ], [ 2153443.444679, 6464967.866112000308931 ], [ 2153180.578425, 6464974.760311 ], [ 2152885.315216000191867, 6464966.466369000263512 ], [ 2152590.136750999838114, 6464962.681466000154614 ], [ 2152053.92675600014627, 6464913.956818000413477 ], [ 2151819.209377999883145, 6464879.774964 ], [ 2151803.490499999839813, 6464912.79762199986726 ], [ 2151164.503266000188887, 6464679.254421999678016 ], [ 2150937.595898, 6464614.335231999866664 ], [ 2150694.035005, 6465424.450855 ], [ 2150615.780857, 6465759.524214000441134 ], [ 2150615.775195000227541, 6465759.54782 ], [ 2150606.933942, 6465797.40425300039351 ], [ 2149934.663612000178546, 6465984.957477999851108 ], [ 2148787.903280000202358, 6466364.366960000246763 ], [ 2148545.187876999843866, 6466444.650886000134051 ], [ 2147465.11722100013867, 6466783.494281999766827 ], [ 2143734.499932, 6467959.454517000354826 ], [ 2143630.193675000220537, 6467992.307291000150144 ], [ 2143400.096707, 6470141.630318 ], [ 2143359.212402, 6470523.470875999890268 ], [ 2143415.226848000194877, 6472705.403649999760091 ], [ 2143390.975972, 6472751.79012 ], [ 2144932.262626000214368, 6472802.463628999888897 ], [ 2146449.333013, 6472899.246839 ], [ 2146864.940142, 6472925.712205000221729 ], [ 2147280.549701, 6472952.156953000463545 ] ] ] } },
{ "type": "Feature", "properties": { "gml_id": "FossilFuelResource.per.pow80597", "identifier": "http://inspire.pgi.gov.pl/so/mr/Midas.paliwaKopalne/FossilFuelResource.per.pow80597", "beginLifespanVersion": null, "localId": "FossilFuelResource.per.pow80597", "namespace": "http://inspire.pgi.gov.pl/so/mr/Midas.paliwaKopalne", "scalar": -1000.0, "scalar_uom": "m", "dateOfDiscovery": null, "calorificValue": null, "quantity": null, "verticalExtent": null }, "geometry": { "type": "Polygon", "coordinates": [ [ [ 2096933.002053, 6495525.837554999627173 ], [ 2097137.315797, 6495572.748679 ], [ 2097584.472767, 6495674.084187 ], [ 2098138.451200999785215, 6495700.37748400028795 ], [ 2098766.792981000151485, 6495693.750311000272632 ], [ 2099469.618444, 6495686.783059 ], [ 2100270.028072, 6495628.09351500030607 ], [ 2100944.870327999815345, 6495607.066398999653757 ], [ 2101075.703675, 6495607.607018999755383 ], [ 2101142.135323000140488, 6495540.531207 ], [ 2101774.361568000167608, 6495187.852846000343561 ], [ 2102541.306441000197083, 6494838.109123 ], [ 2103215.883423999883235, 6494525.799056 ], [ 2103215.883270000107586, 6494525.797019000165164 ], [ 2103275.770700000226498, 6494498.067528000101447 ], [ 2104294.373697999864817, 6494219.654286 ], [ 2105562.247804999817163, 6493821.289777999743819 ], [ 2106659.599460000172257, 6493536.87979600019753 ], [ 2107358.832136, 6493364.735487 ], [ 2107730.393958, 6493359.776507000438869 ], [ 2108037.984499999787658, 6493434.93121 ], [ 2108317.047249999828637, 6493459.179294000379741 ], [ 2108366.089832, 6493452.537089000456035 ], [ 2108697.308073999825865, 6493407.596560999751091 ], [ 2108965.703371999785304, 6493329.457229999825358 ], [ 2108977.457004, 6493325.029039000160992 ], [ 2108977.456226, 6493325.025747999548912 ], [ 2108929.11846, 6492997.622255000285804 ], [ 2108986.01884499983862, 6492990.36525799985975 ], [ 2109025.909351999871433, 6492713.64081299956888 ], [ 2109030.557550999801606, 6492611.083487999625504 ], [ 2108952.633738, 6492400.177792999893427 ], [ 2108905.948323000222445, 6492321.803880999796093 ], [ 2108816.898206000216305, 6492196.507088 ], [ 2108717.639568999875337, 6491985.598174000158906 ], [ 2108639.730798, 6491649.423715 ], [ 2108562.087944999802858, 6491289.910504999570549 ], [ 2108583.979967, 6490873.315224999561906 ], [ 2108583.984811, 6490873.313818999566138 ], [ 2108368.953869, 6488902.525549000129104 ], [ 2108204.750717000104487, 6488964.772955000400543 ], [ 2104842.465946999844164, 6490238.554879000410438 ], [ 2104722.591815, 6490079.238235999830067 ], [ 2104663.935893999878317, 6490001.350991000421345 ], [ 2104663.936363, 6490001.350677999667823 ], [ 2104663.936675999779254, 6490001.350366 ], [ 2102739.27392499987036, 6487445.017287 ], [ 2097811.006903000175953, 6488028.787100000306964 ], [ 2097561.383095, 6488129.039443000219762 ], [ 2097592.222782, 6488648.269074000418186 ], [ 2097503.537543000187725, 6488667.79239400010556 ], [ 2097513.256184, 6488743.413471999578178 ], [ 2097619.165930000133812, 6489567.465289000421762 ], [ 2097720.8215, 6490358.348745999857783 ], [ 2097906.882668000180274, 6490239.502967 ], [ 2097906.875758000183851, 6490239.520964999683201 ], [ 2097906.873256000224501, 6490239.522682 ], [ 2097957.644983000122011, 6490606.252655000425875 ], [ 2098123.397767, 6490707.332366 ], [ 2098123.394771, 6490707.346456999890506 ], [ 2098123.397266999818385, 6490707.348028000444174 ], [ 2097875.835737000219524, 6491885.676403 ], [ 2097865.184535, 6491936.369590000249445 ], [ 2097865.181222000159323, 6491936.385092999786139 ], [ 2097782.921970999799669, 6492336.90735699981451 ], [ 2098356.214979, 6494718.233718000352383 ], [ 2097632.615944, 6495221.490561 ], [ 2096933.002053, 6495525.837554999627173 ] ] ] } },
{ "type": "Feature", "properties": { "gml_id": "FossilFuelResource.per.pow80598", "identifier": "http://inspire.pgi.gov.pl/so/mr/Midas.paliwaKopalne/FossilFuelResource.per.pow80598", "beginLifespanVersion": null, "localId": "FossilFuelResource.per.pow80598", "namespace": "http://inspire.pgi.gov.pl/so/mr/Midas.paliwaKopalne", "scalar": -1000.0, "scalar_uom": "m", "dateOfDiscovery": null, "calorificValue": null, "quantity": null, "verticalExtent": null }, "geometry": { "type": "Polygon", "coordinates": [ [ [ 2132450.923087, 6477155.236057999543846 ], [ 2133475.146944, 6477166.506981000304222 ], [ 2138016.697821000125259, 6477214.957612999714911 ], [ 2138157.194976999890059, 6477217.4324019998312 ], [ 2138157.195285, 6477217.430993 ], [ 2138193.609036, 6476966.815934999845922 ], [ 2140537.035937, 6476775.312459000386298 ], [ 2140537.043265, 6476775.311811000108719 ], [ 2140681.498838, 6476628.403447999618948 ], [ 2141164.270707999821752, 6476099.94533700030297 ], [ 2141627.871444, 6475118.497579 ], [ 2141954.48431000020355, 6474597.757271000184119 ], [ 2142339.377385000232607, 6473951.651592000387609 ], [ 2142693.230033999774605, 6473545.938230000436306 ], [ 2143128.754310000222176, 6473050.856135999783874 ], [ 2143247.985040000174195, 6472915.311408 ], [ 2143332.725897000171244, 6472798.085264000110328 ], [ 2143390.975972, 6472751.79012 ], [ 2143415.226848000194877, 6472705.403649999760091 ], [ 2143387.215710000135005, 6471614.366283999755979 ], [ 2143359.212402, 6470523.470875999890268 ], [ 2143400.096707, 6470141.630318 ], [ 2143630.193675000220537, 6467992.307291000150144 ], [ 2143734.499932, 6467959.454517000354826 ], [ 2143508.712092999834567, 6467653.807214999571443 ], [ 2142694.799658, 6466551.880044000223279 ], [ 2142523.031637, 6466299.425539 ], [ 2142351.650219, 6465939.265196000225842 ], [ 2142351.668093, 6465939.254049000330269 ], [ 2142062.773635, 6465395.459618999622762 ], [ 2142043.041956999804825, 6465358.316368999890983 ], [ 2142012.012923, 6465367.026542999781668 ], [ 2140834.105916, 6465697.585973000153899 ], [ 2140621.740491, 6465529.007458000443876 ], [ 2140239.115431999787688, 6465679.125156999565661 ], [ 2139851.27424000017345, 6465836.779067000374198 ], [ 2139463.418503, 6465994.417825000360608 ], [ 2139075.545701, 6466152.032222 ], [ 2139054.907892, 6469280.932345 ], [ 2139184.39809999987483, 6469903.46765 ], [ 2139184.617984000127763, 6469904.446058000437915 ], [ 2138005.512076000217348, 6470264.130343000404537 ], [ 2135626.649033000227064, 6470989.237152 ], [ 2135626.505014999769628, 6470989.416123 ], [ 2135254.781948000192642, 6471577.267968 ], [ 2135195.038062000181526, 6471525.495916999876499 ], [ 2134874.768325999844819, 6471923.380341 ], [ 2133924.096142999827862, 6473104.249824999831617 ], [ 2133222.669022, 6475118.328474 ], [ 2132655.548214000184089, 6476615.217001000419259 ], [ 2132450.923087, 6477155.236057999543846 ] ] ] } },
{ "type": "Feature", "properties": { "gml_id": "FossilFuelResource.per.pow80599", "identifier": "http://inspire.pgi.gov.pl/so/mr/Midas.paliwaKopalne/FossilFuelResource.per.pow80599", "beginLifespanVersion": null, "localId": "FossilFuelResource.per.pow80599", "namespace": "http://inspire.pgi.gov.pl/so/mr/Midas.paliwaKopalne", "scalar": -1000.0, "scalar_uom": "m", "dateOfDiscovery": null, "calorificValue": null, "quantity": null, "verticalExtent": null }, "geometry": { "type": "Polygon", "coordinates": [ [ [ 2105297.117778, 6466915.420051 ], [ 2108096.422515000216663, 6467014.539602000266314 ], [ 2108638.97675, 6466740.418034999631345 ], [ 2108638.977994999848306, 6466740.418972999788821 ], [ 2108638.97846300015226, 6466740.418661000207067 ], [ 2108957.544427, 6467003.226246000267565 ], [ 2110121.124237, 6466949.90404300019145 ], [ 2110723.631041000131518, 6466922.229156999848783 ], [ 2111293.457887, 6466896.014858 ], [ 2112131.768337000161409, 6466762.389379000291228 ], [ 2112970.051920999772847, 6466628.681086 ], [ 2113650.906888000201434, 6466519.552403000183403 ], [ 2113983.482775, 6466466.225592000409961 ], [ 2116177.462243999820203, 6466114.08799900021404 ], [ 2114138.084925999864936, 6451387.831965000368655 ], [ 2114131.846628, 6451388.243625000119209 ], [ 2113940.252874999772757, 6449958.015617 ], [ 2113880.360231, 6449510.89255900029093 ], [ 2112825.667634999845177, 6440375.859596 ], [ 2112765.466014000121504, 6440171.199848 ], [ 2112761.566015, 6439652.050946 ], [ 2112761.559028999879956, 6439652.051256 ], [ 2112761.560893000103533, 6439652.047830999828875 ], [ 2112761.559961, 6439652.047519000247121 ], [ 2112751.306806, 6438287.433851 ], [ 2112746.694052, 6437673.617549000307918 ], [ 2112740.565655999816954, 6436858.229286000132561 ], [ 2112777.926553000230342, 6436774.418940999545157 ], [ 2113022.193427000194788, 6436226.438166 ], [ 2113068.716765999794006, 6436122.064140999689698 ], [ 2113193.893675, 6435841.223944 ], [ 2113293.728608, 6435617.231536 ], [ 2113601.93671299982816, 6434673.52764100022614 ], [ 2112506.233527999836951, 6434851.48928099963814 ], [ 2111728.827257, 6434977.663920000195503 ], [ 2111166.193860999774188, 6435068.933795999735594 ], [ 2110573.164293999783695, 6435165.092411000281572 ], [ 2110222.219971000216901, 6435221.976785000413656 ], [ 2109710.238465, 6435304.936521000228822 ], [ 2109268.679010999854654, 6435376.459126999601722 ], [ 2107016.374785999767482, 6435761.882004000246525 ], [ 2106388.69043, 6435869.181847999803722 ], [ 2099824.944625, 6437025.83865899965167 ], [ 2099806.849002, 6437375.807485000230372 ], [ 2099814.81353, 6437796.135628 ], [ 2099823.258256999775767, 6437953.774078999646008 ], [ 2099780.15283, 6438937.033931000158191 ], [ 2099799.481046, 6439705.882163999602199 ], [ 2099764.862954, 6441229.391168000176549 ], [ 2099763.739196000155061, 6441842.634572999551892 ], [ 2099739.471760000102222, 6443313.599295999854803 ], [ 2099729.670041999779642, 6443907.649315999820828 ], [ 2099252.781016, 6449915.368892 ], [ 2099404.466217, 6451701.697022999636829 ], [ 2099456.322561, 6452312.31712600030005 ], [ 2099456.31462199985981, 6452312.322412 ], [ 2099468.09546299977228, 6452451.039137000218034 ], [ 2100898.575147000141442, 6457021.057223999872804 ], [ 2100753.645879, 6461801.276193000376225 ], [ 2100624.434853000100702, 6462041.429735000245273 ], [ 2100298.471117, 6462223.87451000045985 ], [ 2107812.045187000185251, 6462376.661049 ], [ 2107812.053282000124454, 6462376.661213000304997 ], [ 2107812.052658, 6462376.662460999563336 ], [ 2107812.056706000119448, 6462376.662464999593794 ], [ 2105297.117778, 6466915.420051 ] ] ] } },
{ "type": "Feature", "properties": { "gml_id": "FossilFuelResource.progn.pow80414", "identifier": "http://inspire.pgi.gov.pl/so/mr/Midas.paliwaKopalne/FossilFuelResource.progn.pow80414", "beginLifespanVersion": null, "localId": "FossilFuelResource.progn.pow80414", "namespace": "http://inspire.pgi.gov.pl/so/mr/Midas.paliwaKopalne", "scalar": -1150.0, "scalar_uom": "m", "dateOfDiscovery": null, "calorificValue": null, "quantity": null, "verticalExtent": null }, "geometry": { "type": "Polygon", "coordinates": [ [ [ 2060130.743425, 6451130.029710999689996 ], [ 2061450.221498, 6453528.198618999682367 ], [ 2061700.725734, 6453982.444288000464439 ], [ 2061704.359128, 6453982.98152 ], [ 2062979.338896, 6454171.38946000020951 ], [ 2063960.608031, 6454151.360212 ], [ 2065808.366214, 6454303.992456999607384 ], [ 2066856.09868700010702, 6454653.164935000240803 ], [ 2068627.377164, 6455275.025007000193 ], [ 2068625.782082, 6455286.058079999871552 ], [ 2068485.403981, 6456257.005688999779522 ], [ 2068425.323303, 6456672.570581000298262 ], [ 2068440.025303999893367, 6456670.113683000206947 ], [ 2068885.56355, 6456595.64145 ], [ 2068886.690451999893412, 6456613.293878000229597 ], [ 2068924.170448, 6457200.380544999614358 ], [ 2069007.892777, 6459478.272633999586105 ], [ 2069530.364313000114635, 6459617.8421 ], [ 2071068.752733, 6460028.591883 ], [ 2071191.325038, 6460061.75734 ], [ 2071166.882766, 6459592.667414999566972 ], [ 2070970.087367, 6455814.927837000228465 ], [ 2070959.199018, 6455605.863634999841452 ], [ 2070557.208178, 6455536.767982999794185 ], [ 2070057.600356, 6454655.552938000299037 ], [ 2069784.167948, 6454173.217074000276625 ], [ 2069409.955946, 6453513.046027 ], [ 2067104.037363, 6450159.162825999781489 ], [ 2067092.783444, 6450142.78954999987036 ], [ 2066346.328188, 6450647.451733999885619 ], [ 2065976.494092, 6450897.441545999608934 ], [ 2063989.51617, 6450967.227551000192761 ], [ 2062470.2189, 6451031.534713 ], [ 2060130.743425, 6451130.029710999689996 ] ] ] } },
{ "type": "Feature", "properties": { "gml_id": "FossilFuelResource.per.pow79934", "identifier": "http://inspire.pgi.gov.pl/so/mr/Midas.paliwaKopalne/FossilFuelResource.per.pow79934", "beginLifespanVersion": null, "localId": "FossilFuelResource.per.pow79934", "namespace": "http://inspire.pgi.gov.pl/so/mr/Midas.paliwaKopalne", "scalar": -9999.0, "scalar_uom": "m", "dateOfDiscovery": null, "calorificValue": null, "quantity": null, "verticalExtent": null }, "geometry": { "type": "Polygon", "coordinates": [ [ [ 2549573.734753, 6673298.454347000457346 ], [ 2552649.882470999844372, 6670592.448203000240028 ], [ 2552996.890986000187695, 6670287.068265999667346 ], [ 2573122.768881000112742, 6652531.996917 ], [ 2584815.746648, 6642177.058679999783635 ], [ 2551135.474167999811471, 6649292.618472999893129 ], [ 2549632.258808999788016, 6652684.934301 ], [ 2540408.579621000215411, 6673465.954811000265181 ], [ 2549573.734753, 6673298.454347000457346 ] ] ] } },
{ "type": "Feature", "properties": { "gml_id": "FossilFuelResource.per.pow79933", "identifier": "http://inspire.pgi.gov.pl/so/mr/Midas.paliwaKopalne/FossilFuelResource.per.pow79933", "beginLifespanVersion": null, "localId": "FossilFuelResource.per.pow79933", "namespace": "http://inspire.pgi.gov.pl/so/mr/Midas.paliwaKopalne", "scalar": -9999.0, "scalar_uom": "m", "dateOfDiscovery": null, "calorificValue": null, "quantity": null, "verticalExtent": null }, "geometry": { "type": "Polygon", "coordinates": [ [ [ 1797165.096253, 6581480.087553 ], [ 1797162.852254, 6581419.465552000328898 ], [ 1797270.614742999896407, 6581366.431944999843836 ], [ 1797587.281842, 6581210.579057999886572 ], [ 1798033.274384000105783, 6580908.426702000200748 ], [ 1798583.769965, 6580397.37555 ], [ 1799233.158169, 6579822.385892 ], [ 1799846.53253, 6579429.859380999580026 ], [ 1800621.455526999896392, 6579101.556429999880493 ], [ 1801617.211935, 6578800.983775 ], [ 1802546.666913, 6578720.320767000317574 ], [ 1802769.740229000104591, 6577925.749866000376642 ], [ 1802967.423653, 6577546.279118999838829 ], [ 1803062.537056, 6577327.383866 ], [ 1803370.544686, 6576836.038892 ], [ 1803844.83147, 6576283.306676999665797 ], [ 1804451.730406, 6575793.638647000305355 ], [ 1805214.848452, 6575251.822563 ], [ 1805590.649, 6575004.863300999626517 ], [ 1805972.442235, 6574854.833022999577224 ], [ 1806395.517405, 6574890.094677000306547 ], [ 1806879.167985, 6575111.368223999626935 ], [ 1807017.468335, 6574941.431741000153124 ], [ 1807252.995578, 6574635.941294999793172 ], [ 1807565.948819, 6574202.775192 ], [ 1807854.494384, 6573814.255711999721825 ], [ 1808104.919804, 6573472.902765999548137 ], [ 1808374.200216, 6573112.524763000197709 ], [ 1808575.405053, 6572831.590808000415564 ], [ 1808708.290354, 6572657.414233 ], [ 1807759.693304, 6572446.421586000360548 ], [ 1806884.17426, 6572394.269748999737203 ], [ 1806057.767802, 6572575.918576999567449 ], [ 1805112.354008000111207, 6573101.085164000280201 ], [ 1804109.940363, 6573856.100789000280201 ], [ 1803604.031405, 6574273.136434 ], [ 1803313.613399, 6574512.512271 ], [ 1802569.832161, 6575306.306517999619246 ], [ 1802108.558188, 6576023.831886 ], [ 1801789.873867, 6576795.206437 ], [ 1801558.02344, 6577057.221183000132442 ], [ 1801311.664947, 6577192.918134000152349 ], [ 1800995.35162, 6577270.394049 ], [ 1800532.469781, 6577385.60188 ], [ 1799694.325821, 6577604.97532800026238 ], [ 1798601.563141, 6578172.434968000277877 ], [ 1798316.542922, 6578373.709715000353754 ], [ 1797679.121383, 6578823.787372999824584 ], [ 1796918.170659, 6579287.816309000365436 ], [ 1796138.982843, 6579722.061374000273645 ], [ 1795053.575568, 6580086.252862 ], [ 1794626.722532, 6580196.117371000349522 ], [ 1795081.990690999897197, 6582090.87256 ], [ 1795558.065237999893725, 6582012.628165000118315 ], [ 1796358.949913, 6581772.747391000390053 ], [ 1796967.385122, 6581515.657164 ], [ 1797165.096253, 6581480.087553 ] ] ] } },
{ "type": "Feature", "properties": { "gml_id": "FossilFuelResource.progn.pow76714", "identifier": "http://inspire.pgi.gov.pl/so/mr/Midas.paliwaKopalne/FossilFuelResource.progn.pow76714", "beginLifespanVersion": null, "localId": "FossilFuelResource.progn.pow76714", "namespace": "http://inspire.pgi.gov.pl/so/mr/Midas.paliwaKopalne", "scalar": -186.7, "scalar_uom": "m", "dateOfDiscovery": null, "calorificValue": null, "quantity": null, "verticalExtent": null }, "geometry": { "type": "Polygon", "coordinates": [ [ [ 1867987.994369, 6760563.19367 ], [ 1869839.646902, 6762334.627489999867976 ], [ 1873287.599182, 6765611.293288 ], [ 1874701.353474, 6767002.597558000124991 ], [ 1886019.236333, 6766771.767435000278056 ], [ 1887493.442848, 6766770.451903999783099 ], [ 1888081.065893, 6766882.038127000443637 ], [ 1889311.598463, 6767269.245664999820292 ], [ 1889788.786096000112593, 6765998.049515999853611 ], [ 1890265.82165, 6764727.020159999839962 ], [ 1890764.898416, 6763337.748104999773204 ], [ 1891515.498616, 6761279.643710999749601 ], [ 1891950.930083000101149, 6760249.092083999887109 ], [ 1892229.567939, 6759664.104899999685585 ], [ 1893168.112751, 6758328.631447999738157 ], [ 1895290.088169999886304, 6759530.057683000341058 ], [ 1898856.830184, 6753797.465216999873519 ], [ 1899350.369183, 6752956.233090999536216 ], [ 1900200.520468, 6750796.46739500015974 ], [ 1901193.083927, 6748250.577631999738514 ], [ 1901334.175658, 6745421.332174999639392 ], [ 1901363.534195, 6744939.441036 ], [ 1898830.703674, 6742803.867774000391364 ], [ 1897043.025217, 6741547.200834999792278 ], [ 1894370.251986, 6740499.803024999797344 ], [ 1893975.746113, 6740461.415294 ], [ 1893313.297883, 6740516.686870000325143 ], [ 1892230.062653, 6740730.528252 ], [ 1891941.543881, 6740843.800513000227511 ], [ 1891416.355, 6740864.516068000346422 ], [ 1890793.292651, 6740779.923325000330806 ], [ 1889496.912235, 6740389.660809 ], [ 1888735.443392, 6740219.751388999633491 ], [ 1888317.537486, 6740224.685856999829412 ], [ 1888009.433405, 6740309.184616000391543 ], [ 1887897.556491000112146, 6740388.395821000449359 ], [ 1887801.712521, 6740594.200737000443041 ], [ 1884532.415342, 6740681.456443999893963 ], [ 1881263.071995999896899, 6740767.393333000130951 ], [ 1867575.764395, 6741062.047224 ], [ 1864400.092223, 6741183.025495000183582 ], [ 1861144.534437, 6741282.33096 ], [ 1861364.092191, 6750750.614803000353277 ], [ 1861445.187417, 6754247.328576999716461 ], [ 1864399.683268, 6757128.068896000273526 ], [ 1866193.459709, 6758845.642455999739468 ], [ 1867987.994369, 6760563.19367 ] ] ] } },
{ "type": "Feature", "properties": { "gml_id": "FossilFuelResource.progn.pow76715", "identifier": "http://inspire.pgi.gov.pl/so/mr/Midas.paliwaKopalne/FossilFuelResource.progn.pow76715", "beginLifespanVersion": null, "localId": "FossilFuelResource.progn.pow76715", "namespace": "http://inspire.pgi.gov.pl/so/mr/Midas.paliwaKopalne", "scalar": -143.9, "scalar_uom": "m", "dateOfDiscovery": null, "calorificValue": null, "quantity": null, "verticalExtent": null }, "geometry": { "type": "Polygon", "coordinates": [ [ [ 1897249.916804, 6771985.72461 ], [ 1897299.335896, 6772822.824597000144422 ], [ 1897412.591733, 6774355.808612000197172 ], [ 1897525.888086, 6776106.85285700019449 ], [ 1897625.750692, 6777705.255850000306964 ], [ 1897659.702070000115782, 6778370.023829 ], [ 1898665.087036, 6778320.143515000119805 ], [ 1899583.536826, 6778226.592124000191689 ], [ 1900508.608665, 6778151.161524999886751 ], [ 1902618.222475, 6777872.846644000150263 ], [ 1903639.649212, 6777745.189400999806821 ], [ 1904381.081376, 6777671.565603000111878 ], [ 1905396.434197, 6777546.928213999606669 ], [ 1906187.557832, 6777499.293709999881685 ], [ 1906917.1601, 6777441.117306999862194 ], [ 1908149.580771999899298, 6777312.846025000326335 ], [ 1909015.630984, 6777213.633720999583602 ], [ 1910395.059518999885768, 6776988.647579999640584 ], [ 1911552.149953, 6776800.746206000447273 ], [ 1912050.283775, 6776678.466207999736071 ], [ 1912792.241526, 6776423.07345 ], [ 1913462.659624, 6776129.911422000266612 ], [ 1913724.209912, 6775976.331826999783516 ], [ 1913985.750404, 6775822.746345000341535 ], [ 1914486.960271, 6775500.891843999736011 ], [ 1914806.039896, 6775227.463011000305414 ], [ 1915184.007807, 6774777.447265 ], [ 1915579.533936, 6774302.374915 ], [ 1915979.445584, 6773771.964941999875009 ], [ 1916475.78227400011383, 6773094.533359000459313 ], [ 1916793.935084, 6772695.43130400031805 ], [ 1917131.409503, 6772228.297493999823928 ], [ 1917678.419222, 6771414.486332999542356 ], [ 1918098.83916, 6770763.992720000445843 ], [ 1918536.407877, 6769985.704951000399888 ], [ 1918761.208096, 6769666.670064999721944 ], [ 1919018.036256, 6769188.638473000377417 ], [ 1919947.999451, 6766327.423564 ], [ 1919573.354526, 6766178.224959 ], [ 1919082.158641, 6765847.121526 ], [ 1918574.885307, 6765392.832662000320852 ], [ 1918236.38412, 6764809.718831 ], [ 1918056.610194, 6764172.296918 ], [ 1918043.037833, 6763727.631825 ], [ 1913068.047665, 6761029.088112000375986 ], [ 1904325.694095, 6756277.532553999684751 ], [ 1903613.400845, 6759571.938949 ], [ 1899332.369005, 6762802.776935 ], [ 1895047.951640000101179, 6766032.568369000218809 ], [ 1897018.457643, 6768574.734075999818742 ], [ 1897132.171174, 6769985.12409 ], [ 1897200.506633, 6771148.710087000392377 ], [ 1897249.916804, 6771985.72461 ] ] ] } },
{ "type": "Feature", "properties": { "gml_id": "FossilFuelResource.progn.pow76713", "identifier": "http://inspire.pgi.gov.pl/so/mr/Midas.paliwaKopalne/FossilFuelResource.progn.pow76713", "beginLifespanVersion": null, "localId": "FossilFuelResource.progn.pow76713", "namespace": "http://inspire.pgi.gov.pl/so/mr/Midas.paliwaKopalne", "scalar": -196.1, "scalar_uom": "m", "dateOfDiscovery": null, "calorificValue": null, "quantity": null, "verticalExtent": null }, "geometry": { "type": "Polygon", "coordinates": [ [ [ 1838077.189359, 6749471.112648 ], [ 1839585.11665, 6751151.500234000384808 ], [ 1844058.828462, 6756842.377045 ], [ 1844948.386492, 6758038.727411 ], [ 1848125.475661, 6762759.754003999754786 ], [ 1852096.972558999899775, 6763016.369409999810159 ], [ 1853097.395857, 6763080.702745 ], [ 1856018.607224, 6767379.271689999848604 ], [ 1858526.454307, 6769984.086561 ], [ 1860920.106429, 6772215.107869000174105 ], [ 1862219.077907, 6773413.191375000402331 ], [ 1863063.390904, 6772502.38309200014919 ], [ 1863767.605561, 6771854.221328999847174 ], [ 1864241.64659, 6771459.559324 ], [ 1863860.286494000116363, 6770555.709634999744594 ], [ 1863658.026686, 6769984.2177529996261 ], [ 1863658.025494, 6769984.214475000277162 ], [ 1863658.022098, 6769984.214532 ], [ 1861408.730374, 6768341.432263 ], [ 1858389.747327, 6765171.70703100040555 ], [ 1857834.040782, 6764278.955831999890506 ], [ 1855405.748122, 6760354.400333999656141 ], [ 1849680.278061, 6759927.17847799975425 ], [ 1849625.173324, 6759882.490667000412941 ], [ 1847719.509755, 6756380.792115 ], [ 1844907.268892, 6752812.284640000201762 ], [ 1842097.480601, 6749244.408750000409782 ], [ 1842056.083439, 6749176.76171899959445 ], [ 1838475.588728, 6744924.114071000367403 ], [ 1836570.100124000106007, 6742559.472391 ], [ 1836335.125524, 6742293.585635 ], [ 1833014.795375, 6740014.871349000371993 ], [ 1832595.929099, 6739686.438558000139892 ], [ 1830592.727086, 6738343.87168600037694 ], [ 1827881.89574, 6736373.923774000257254 ], [ 1825154.823308000108227, 6735884.649212 ], [ 1824354.042679, 6735438.825543999671936 ], [ 1820914.02159, 6733908.812413999810815 ], [ 1820885.118311, 6733928.211327999830246 ], [ 1819613.236237, 6736598.861085000447929 ], [ 1820163.642872999887913, 6736968.100406000390649 ], [ 1822843.220088, 6738304.717795999720693 ], [ 1823878.589015, 6738820.884015999734402 ], [ 1825844.300227, 6739030.733891 ], [ 1827298.253755, 6740014.718808 ], [ 1830387.786912, 6742207.551926 ], [ 1833696.321226, 6744542.475726 ], [ 1836063.173346, 6747193.59699899982661 ], [ 1836569.883247, 6747790.802582000382245 ], [ 1838077.189359, 6749471.112648 ] ] ] } },
{ "type": "Feature", "properties": { "gml_id": "FossilFuelResource.progn.pow76839", "identifier": "http://inspire.pgi.gov.pl/so/mr/Midas.paliwaKopalne/FossilFuelResource.progn.pow76839", "beginLifespanVersion": null, "localId": "FossilFuelResource.progn.pow76839", "namespace": "http://inspire.pgi.gov.pl/so/mr/Midas.paliwaKopalne", "scalar": -27.5, "scalar_uom": "m", "dateOfDiscovery": null, "calorificValue": null, "quantity": null, "verticalExtent": null }, "geometry": { "type": "Polygon", "coordinates": [ [ [ 1717330.467259, 6665320.357932000420988 ], [ 1717401.903721, 6665368.936509000137448 ], [ 1717782.628915, 6665725.793976999819279 ], [ 1717835.259373999899253, 6665758.351727999746799 ], [ 1717865.343354, 6665776.974283000454307 ], [ 1717931.303737, 6665823.08926900010556 ], [ 1717997.264705, 6665869.204155 ], [ 1718103.180196, 6665920.245745999738574 ], [ 1718167.698554999893531, 6665943.12380800023675 ], [ 1718265.172362, 6665965.677935999818146 ], [ 1718355.442158, 6665983.221838999539614 ], [ 1718445.543249, 6665974.947673999704421 ], [ 1718550.98685, 6665945.8941710004583 ], [ 1718602.240068, 6665901.672825000248849 ], [ 1718673.876456, 6665821.152342 ], [ 1718740.084741, 6665691.57135200034827 ], [ 1718762.51067, 6665564.844321999698877 ], [ 1718774.683075, 6665445.933868000283837 ], [ 1718807.499323, 6665334.654009999707341 ], [ 1718850.330402000108734, 6665274.595707999542356 ], [ 1718861.144687, 6665259.424556000158191 ], [ 1718958.396509000100195, 6665155.495544999837875 ], [ 1719050.698109, 6665085.196615000255406 ], [ 1719155.6302, 6664976.058067999780178 ], [ 1719199.064889, 6664916.380572999827564 ], [ 1719234.51828, 6664815.43200199957937 ], [ 1719241.79807, 6664743.059046999551356 ], [ 1719233.755402, 6664688.857672000303864 ], [ 1719197.540296, 6664663.246785 ], [ 1719125.359468, 6664653.341819999739528 ], [ 1719073.915105, 6664663.994345 ], [ 1718997.034656, 6664729.034024000167847 ], [ 1718853.677256, 6664874.555034000426531 ], [ 1718694.635852, 6664981.423452000133693 ], [ 1718581.581393, 6665026.010099999606609 ], [ 1718378.464719, 6665086.637605000287294 ], [ 1718278.760843, 6665078.902443000115454 ], [ 1718254.771949, 6665077.046833000145853 ], [ 1717937.575591, 6665009.167153 ], [ 1717651.252758, 6664903.6907510003075 ], [ 1717620.098215, 6664892.204727999866009 ], [ 1717501.152947, 6664812.835129000246525 ], [ 1717482.798477, 6664798.284831999801099 ], [ 1717371.77676, 6664710.252519999630749 ], [ 1717273.38875, 6664620.41988299973309 ], [ 1717200.689134000102058, 6664517.523101000115275 ], [ 1717121.140801, 6664346.305197999812663 ], [ 1717040.339776, 6664211.618788000196218 ], [ 1716991.172035, 6664171.865709999576211 ], [ 1716942.02077, 6664132.128205000422895 ], [ 1716846.41816099989228, 6664078.433989999815822 ], [ 1716565.092922, 6663968.986906000413001 ], [ 1715659.571743, 6663709.313792999833822 ], [ 1715410.653946, 6663635.193618999794126 ], [ 1715217.277961000101641, 6663590.403868 ], [ 1715103.876216, 6663574.924502000212669 ], [ 1715011.215811, 6663583.189801 ], [ 1714931.505427999887615, 6663604.295664000324905 ], [ 1714885.338076000101864, 6663638.11314 ], [ 1714846.957987, 6663682.243847000412643 ], [ 1714824.27819, 6663772.764333999715745 ], [ 1714840.290942, 6663875.98618 ], [ 1714918.389955, 6664027.949157999828458 ], [ 1715001.496492, 6664156.647087000310421 ], [ 1715040.836867, 6664222.790756000205874 ], [ 1715147.324908, 6664387.451202999800444 ], [ 1715323.655245, 6664603.384038000367582 ], [ 1715442.99168, 6664760.240202000364661 ], [ 1715613.957862, 6664934.870288000442088 ], [ 1715779.724079, 6665099.219685000367463 ], [ 1715852.106356, 6665147.869124 ], [ 1715957.824821, 6665167.940325000323355 ], [ 1716005.83888, 6665161.242501 ], [ 1716035.039265, 6665157.176811999641359 ], [ 1716194.235916, 6665071.041620000265539 ], [ 1716312.365720999892801, 6665010.985612999647856 ], [ 1716428.117833, 6664984.493636 ], [ 1716513.091186, 6664978.844548 ], [ 1716665.211626, 6665008.966424000449479 ], [ 1716887.743116, 6665090.32638099975884 ], [ 1717228.652194, 6665251.111065000295639 ], [ 1717330.467259, 6665320.357932000420988 ] ] ] } },
{ "type": "Feature", "properties": { "gml_id": "FossilFuelResource.progn.pow76719", "identifier": "http://inspire.pgi.gov.pl/so/mr/Midas.paliwaKopalne/FossilFuelResource.progn.pow76719", "beginLifespanVersion": null, "localId": "FossilFuelResource.progn.pow76719", "namespace": "http://inspire.pgi.gov.pl/so/mr/Midas.paliwaKopalne", "scalar": -22.1, "scalar_uom": "m", "dateOfDiscovery": null, "calorificValue": null, "quantity": null, "verticalExtent": null }, "geometry": { "type": "Polygon", "coordinates": [ [ [ 2098105.766936, 6791594.682439999654889 ], [ 2097985.355112, 6792179.862107999622822 ], [ 2098532.408514, 6792214.077410999685526 ], [ 2098541.23037, 6792151.598554000258446 ], [ 2098556.003728, 6792118.522789999842644 ], [ 2098615.084371999837458, 6792015.20359 ], [ 2098659.093711, 6791959.45087799988687 ], [ 2098761.742159000132233, 6791846.040786 ], [ 2098868.1335, 6791774.290222000330687 ], [ 2098943.20554899983108, 6791727.201070000417531 ], [ 2099018.130801000166684, 6791696.635505000129342 ], [ 2099158.974814999848604, 6791699.986215 ], [ 2099241.7506, 6791725.73038399964571 ], [ 2099343.227485000155866, 6791741.147525999695063 ], [ 2099444.099626, 6791816.896179 ], [ 2099534.390631999820471, 6791923.798391999676824 ], [ 2099567.89931199979037, 6791966.815445999614894 ], [ 2099601.408347, 6792009.832426999695599 ], [ 2099650.318924999795854, 6792099.798007000237703 ], [ 2099682.930795, 6792172.884333999827504 ], [ 2099707.109554000198841, 6792239.747393 ], [ 2099714.923508, 6792298.025933000259101 ], [ 2100102.729175, 6792301.508159999735653 ], [ 2100113.858709999825805, 6792199.622432 ], [ 2100116.609714, 6792128.893474999815226 ], [ 2100113.064730000216514, 6792068.53394899982959 ], [ 2100099.269392, 6791983.241937999613583 ], [ 2099977.079762000124902, 6791501.602021999657154 ], [ 2099957.331243, 6791396.836388999596238 ], [ 2099945.774853, 6791300.999235999770463 ], [ 2099922.075064000207931, 6791161.441619000397623 ], [ 2099890.283851, 6791013.449323000386357 ], [ 2099845.778715999796987, 6790879.939735 ], [ 2099784.936247, 6790735.950279000215232 ], [ 2099727.923333, 6790621.020961999893188 ], [ 2099693.493592999875546, 6790530.62234800029546 ], [ 2099602.134821, 6790317.622492999769747 ], [ 2099234.184131000190973, 6790316.423037 ], [ 2098866.233571, 6790315.206987 ], [ 2098807.165331999771297, 6790429.074783000163734 ], [ 2098752.488297, 6790507.586505999788642 ], [ 2098603.96274199988693, 6790660.155868000350893 ], [ 2098511.960661999881268, 6790742.416930999606848 ], [ 2098289.159647999797016, 6790924.798860000446439 ], [ 2098226.161355, 6791009.542907999828458 ], [ 2098165.966320999898016, 6791302.107657000422478 ], [ 2098105.766936, 6791594.682439999654889 ] ] ] } },
{ "type": "Feature", "properties": { "gml_id": "FossilFuelResource.progn.pow20358", "identifier": "http://inspire.pgi.gov.pl/so/mr/Midas.paliwaKopalne/FossilFuelResource.progn.pow20358", "beginLifespanVersion": null, "localId": "FossilFuelResource.progn.pow20358", "namespace": "http://inspire.pgi.gov.pl/so/mr/Midas.paliwaKopalne", "scalar": -400.0, "scalar_uom": "m", "dateOfDiscovery": null, "calorificValue": null, "quantity": null, "verticalExtent": null }, "geometry": { "type": "Polygon", "coordinates": [ [ [ 2071432.348768, 6443476.48129399958998 ], [ 2073004.370581000111997, 6443869.950012999586761 ], [ 2075680.404995, 6444473.993304999545217 ], [ 2075843.247318, 6443482.622672 ], [ 2076222.778835, 6441309.23501 ], [ 2076704.558073, 6438587.694846999831498 ], [ 2076936.742993, 6437209.418927 ], [ 2074627.503804, 6436845.684239 ], [ 2071593.350554999895394, 6436366.769210999831557 ], [ 2070286.428661, 6437620.104756999760866 ], [ 2070496.258604, 6438697.074915000237525 ], [ 2070519.913722, 6438818.478973000310361 ], [ 2070872.424336999887601, 6440581.415337 ], [ 2071063.427005, 6441592.829138999804854 ], [ 2071428.449632, 6443456.575536999851465 ], [ 2071432.348768, 6443476.48129399958998 ] ] ] } },
{ "type": "Feature", "properties": { "gml_id": "FossilFuelResource.progn.pow76716", "identifier": "http://inspire.pgi.gov.pl/so/mr/Midas.paliwaKopalne/FossilFuelResource.progn.pow76716", "beginLifespanVersion": null, "localId": "FossilFuelResource.progn.pow76716", "namespace": "http://inspire.pgi.gov.pl/so/mr/Midas.paliwaKopalne", "scalar": -143.9, "scalar_uom": "m", "dateOfDiscovery": null, "calorificValue": null, "quantity": null, "verticalExtent": null }, "geometry": { "type": "Polygon", "coordinates": [ [ [ 1906488.18785100011155, 6783619.043399999849498 ], [ 1906958.513342, 6783890.770344999618828 ], [ 1908626.53293, 6784796.497638000175357 ], [ 1909940.773041999898851, 6785534.401410999707878 ], [ 1911155.137916, 6786201.449869999662042 ], [ 1912956.033195, 6787216.217695999890566 ], [ 1914368.523971, 6786510.181873999536037 ], [ 1916893.062039, 6785214.201831 ], [ 1918337.564859, 6784976.445692 ], [ 1919198.207477, 6784846.518439999781549 ], [ 1920058.823711, 6784716.501331999897957 ], [ 1920854.13129, 6784581.270112999714911 ], [ 1921528.746289, 6784541.800866999663413 ], [ 1922847.067708, 6784358.932702000252903 ], [ 1923465.648526, 6784296.416264000348747 ], [ 1923955.036842, 6784228.688191999681294 ], [ 1923981.949875, 6784009.176672000437975 ], [ 1923953.814136999892071, 6783699.026226 ], [ 1923856.867031, 6782956.854617999866605 ], [ 1923305.98555100010708, 6782527.673591 ], [ 1922803.277922, 6782164.710156000219285 ], [ 1922417.579887, 6781908.917380999773741 ], [ 1921875.546374, 6781562.543239000253379 ], [ 1921368.361679, 6781248.937498000450432 ], [ 1920866.376921, 6781002.865229000337422 ], [ 1920351.857953000115231, 6780747.931827999651432 ], [ 1920058.937954, 6780630.583735000342131 ], [ 1920007.834174, 6780609.141777999699116 ], [ 1919733.272416, 6780469.991419999860227 ], [ 1919248.006964, 6780217.991715 ], [ 1918427.49640899989754, 6779911.844867000356317 ], [ 1916986.712112, 6779437.452712000347674 ], [ 1916484.095794, 6779314.733191999606788 ], [ 1915648.764013, 6779119.255634999834001 ], [ 1914679.120538, 6778933.911124999634922 ], [ 1913415.682727, 6778849.359163999557495 ], [ 1912040.965137, 6778829.303589999675751 ], [ 1910713.477499, 6778853.644836000166833 ], [ 1909461.90189200011082, 6778961.417926999740303 ], [ 1908316.133808, 6779025.997507999651134 ], [ 1906034.195383, 6779065.407145 ], [ 1904073.113997, 6779088.734671999700367 ], [ 1902379.635642, 6779159.104867000132799 ], [ 1900832.22287, 6779200.419307 ], [ 1899746.285845, 6779219.114064999856055 ], [ 1898614.887728, 6779254.285710000433028 ], [ 1899214.159899, 6779666.889186999760568 ], [ 1899958.276267, 6780004.756184999831021 ], [ 1900757.519438, 6780448.392117000184953 ], [ 1901578.944813, 6780915.902927 ], [ 1902835.478157, 6781607.150523999705911 ], [ 1904393.818585, 6782458.33141400013119 ], [ 1905153.406842, 6782890.561041999608278 ], [ 1905585.638276, 6783118.938009000383317 ], [ 1906017.894283, 6783347.298628999851644 ], [ 1906253.037097, 6783483.173243000172079 ], [ 1906488.18785100011155, 6783619.043399999849498 ] ] ] } },
{ "type": "Feature", "properties": { "gml_id": "FossilFuelResource.progn.pow76830", "identifier": "http://inspire.pgi.gov.pl/so/mr/Midas.paliwaKopalne/FossilFuelResource.progn.pow76830", "beginLifespanVersion": null, "localId": "FossilFuelResource.progn.pow76830", "namespace": "http://inspire.pgi.gov.pl/so/mr/Midas.paliwaKopalne", "scalar": -27.5, "scalar_uom": "m", "dateOfDiscovery": null, "calorificValue": null, "quantity": null, "verticalExtent": null }, "geometry": { "type": "Polygon", "coordinates": [ [ [ 1708518.378652000101283, 6665133.937366999685764 ], [ 1708869.239246, 6665443.384913999587297 ], [ 1709161.617185, 6665707.423108999617398 ], [ 1709330.586273999884725, 6665835.470441999845207 ], [ 1709526.010165000101551, 6665936.722101000137627 ], [ 1709636.994507, 6665985.051703000441194 ], [ 1709805.456483, 6666006.448792999610305 ], [ 1710017.944816, 6665969.849858 ], [ 1710137.294948, 6665915.94575999956578 ], [ 1710234.45354, 6665853.245786 ], [ 1710300.578188, 6665786.271146999672055 ], [ 1710348.796836, 6665683.832626 ], [ 1710374.863150000106543, 6665577.061303 ], [ 1710347.566752, 6665435.004700999706984 ], [ 1710338.19133, 6665328.41285299975425 ], [ 1710092.267524, 6664867.557072999887168 ], [ 1710010.041381, 6664552.996214999817312 ], [ 1710000.19278, 6664348.758494 ], [ 1710039.276645, 6664188.685557000339031 ], [ 1710140.241574000101537, 6664006.093856999650598 ], [ 1710347.542884000111371, 6663827.436253 ], [ 1710581.759651, 6663719.683066999539733 ], [ 1710856.041147, 6663656.137217000126839 ], [ 1711050.984765, 6663668.467141999863088 ], [ 1711290.629709, 6663760.524063000455499 ], [ 1711486.208393, 6663897.183491 ], [ 1711793.508388, 6664224.246865999884903 ], [ 1711951.967691, 6664461.038541000336409 ], [ 1712110.436191, 6664697.834404 ], [ 1712284.367901, 6664923.443945 ], [ 1712398.959054, 6665051.810587000101805 ], [ 1712487.850718, 6665109.115082999691367 ], [ 1712603.057222, 6665112.93919499963522 ], [ 1712682.552654, 6665068.099973999895155 ], [ 1712932.234850999899209, 6664529.184852000325918 ], [ 1713014.960694999899715, 6664257.747000000439584 ], [ 1713110.388792, 6663875.186932999640703 ], [ 1713144.555557, 6663635.111931 ], [ 1713148.047763, 6663457.407255999743938 ], [ 1713129.431898, 6663288.693349 ], [ 1713098.118065, 6663108.79969699960202 ], [ 1713044.323631, 6662984.705780000425875 ], [ 1712910.319065, 6662767.759852999821305 ], [ 1712727.693925, 6662568.843028999865055 ], [ 1712514.443053, 6662436.706318999640644 ], [ 1712341.409689000109211, 6662375.433464 ], [ 1712164.147845, 6662349.701631000265479 ], [ 1712053.45653, 6662354.717806000262499 ], [ 1711827.886563, 6662409.190647999756038 ], [ 1711598.312764, 6662548.051369000226259 ], [ 1711404.566168, 6662766.690612000413239 ], [ 1711255.354994, 6663038.416985999792814 ], [ 1711184.934852, 6663123.169795 ], [ 1711003.749137, 6663204.040116 ], [ 1710583.259016, 6663255.007001000456512 ], [ 1709801.739266, 6663400.710707999765873 ], [ 1708770.951228, 6663645.56935300026089 ], [ 1708222.377936, 6663781.445991000160575 ], [ 1707857.030222, 6663901.955303999595344 ], [ 1707667.008922, 6663996.129916000179946 ], [ 1707569.975313, 6664085.427904999814928 ], [ 1707530.414782, 6664152.243769999593496 ], [ 1707530.700899, 6664214.448552999645472 ], [ 1707548.794984, 6664294.328866999596357 ], [ 1707646.794699, 6664413.830237999558449 ], [ 1707789.262718, 6664568.657205999828875 ], [ 1708113.903954, 6664842.608821 ], [ 1708518.378652000101283, 6665133.937366999685764 ] ] ] } },
{ "type": "Feature", "properties": { "gml_id": "FossilFuelResource.per.pow80693", "identifier": "http://inspire.pgi.gov.pl/so/mr/Midas.paliwaKopalne/FossilFuelResource.per.pow80693", "beginLifespanVersion": null, "localId": "FossilFuelResource.per.pow80693", "namespace": "http://inspire.pgi.gov.pl/so/mr/Midas.paliwaKopalne", "scalar": null, "scalar_uom": null, "dateOfDiscovery": null, "calorificValue": null, "quantity": null, "verticalExtent": null }, "geometry": { "type": "Polygon", "coordinates": [ [ [ 2070339.606957, 6409037.761169999837875 ], [ 2070333.98242, 6409218.714073999784887 ], [ 2070440.67843, 6409542.559196 ], [ 2070499.215915, 6409720.226595999673009 ], [ 2070490.90428, 6409989.971230000257492 ], [ 2070601.994539, 6409593.579601 ], [ 2070602.919459, 6409590.259009 ], [ 2073988.655363, 6410416.018345000222325 ], [ 2073988.657523, 6410416.019441000185907 ], [ 2073988.660459, 6410416.020232000388205 ], [ 2075867.213053, 6411384.635800999589264 ], [ 2077100.602967000100762, 6411698.037073999643326 ], [ 2077100.606210000114515, 6411698.038485 ], [ 2077100.608219, 6411698.03895999956876 ], [ 2077518.249163, 6411874.165850000455976 ], [ 2077792.372154, 6412019.334993000142276 ], [ 2078018.421964, 6412139.037096999585629 ], [ 2078320.668562, 6412299.076251000165939 ], [ 2078455.57872199988924, 6412566.547082000412047 ], [ 2078447.430360999889672, 6412829.568291 ], [ 2078299.916472, 6412968.579420000314713 ], [ 2078105.448841, 6413082.190242 ], [ 2077894.970055, 6413326.944601000286639 ], [ 2077981.818033, 6413604.923399000428617 ], [ 2078084.676166, 6413751.754614000208676 ], [ 2078262.847774, 6414164.252948 ], [ 2078271.865738, 6414643.313485999591649 ], [ 2077854.167618, 6415025.291950999759138 ], [ 2077175.552895, 6415351.217207999899983 ], [ 2076829.480607, 6415245.941608999855816 ], [ 2076587.030188, 6415477.653501000255346 ], [ 2076680.620546, 6416223.387063999660313 ], [ 2076774.227367, 6416969.185699 ], [ 2076951.277313, 6417268.190244000405073 ], [ 2077383.606496, 6417301.697254999540746 ], [ 2077697.568691999884322, 6417349.023356 ], [ 2078131.607552, 6417405.978946000337601 ], [ 2078538.362069, 6417323.859175000339746 ], [ 2078686.376054999884218, 6417259.461872999556363 ], [ 2078926.994964, 6417121.228507 ], [ 2079140.195931, 6416881.002813999541104 ], [ 2079251.713817, 6416659.002622 ], [ 2079335.81453, 6416335.026255000382662 ], [ 2079354.618375, 6416223.921466000378132 ], [ 2079264.637505, 6415417.781874 ], [ 2079359.383542, 6414612.269845999777317 ], [ 2079176.298089, 6414065.309759999625385 ], [ 2079085.247863, 6413629.783482999540865 ], [ 2079058.374318, 6413351.893148999661207 ], [ 2079068.493157, 6413055.603419999592006 ], [ 2079161.299622, 6412898.465636 ], [ 2079253.828315, 6412833.924257 ], [ 2079438.827070999890566, 6412723.358818000182509 ], [ 2079614.668615, 6412584.985632999800146 ], [ 2079826.981904, 6412604.124698 ], [ 2080075.911538, 6412734.477366000413895 ], [ 2080435.235096, 6413013.294514000415802 ], [ 2080711.65622, 6413227.05290300026536 ], [ 2080886.949952, 6413283.103309 ], [ 2080980.924783, 6412690.736782000400126 ], [ 2080705.314057, 6412189.971819999627769 ], [ 2080189.852557, 6411632.994893999770284 ], [ 2079692.411781, 6411251.974546000361443 ], [ 2079000.437528, 6411111.057234999723732 ], [ 2077929.592012, 6411098.513090999796987 ], [ 2077421.822303, 6411106.164312999695539 ], [ 2076259.558382, 6410824.646030999720097 ], [ 2075291.416554, 6410488.106258999556303 ], [ 2074572.838741, 6410078.302446000277996 ], [ 2073743.506124, 6409686.5684479996562 ], [ 2072710.995651, 6409349.544517000205815 ], [ 2072056.367424, 6409171.205296999774873 ], [ 2071668.984848000109196, 6409104.923530000261962 ], [ 2071299.814316, 6409103.482897000387311 ], [ 2070995.321893, 6409083.77171599958092 ], [ 2070746.243049, 6409055.015421000309289 ], [ 2070349.138285000110045, 6409009.154108 ], [ 2070339.606957, 6409037.761169999837875 ] ] ] } },
{ "type": "Feature", "properties": { "gml_id": "FossilFuelResource.per.pow80694", "identifier": "http://inspire.pgi.gov.pl/so/mr/Midas.paliwaKopalne/FossilFuelResource.per.pow80694", "beginLifespanVersion": null, "localId": "FossilFuelResource.per.pow80694", "namespace": "http://inspire.pgi.gov.pl/so/mr/Midas.paliwaKopalne", "scalar": null, "scalar_uom": null, "dateOfDiscovery": null, "calorificValue": null, "quantity": null, "verticalExtent": null }, "geometry": { "type": "Polygon", "coordinates": [ [ [ 2070193.628846, 6411059.716666 ], [ 2070599.604057, 6411171.317719999700785 ], [ 2074022.678483, 6412111.462528999894857 ], [ 2074635.28929, 6412279.556059 ], [ 2074732.040255000116304, 6412307.918781000189483 ], [ 2076232.969638, 6412741.980565999634564 ], [ 2076587.030188, 6415477.653501000255346 ], [ 2076829.475353, 6415245.939721999689937 ], [ 2077175.54764, 6415351.215320999734104 ], [ 2077854.162363, 6415025.290064999833703 ], [ 2078271.860484, 6414643.311599999666214 ], [ 2078262.842519, 6414164.25106200017035 ], [ 2078084.670911000110209, 6413751.752883000299335 ], [ 2077981.81278, 6413604.92151299957186 ], [ 2077894.964801, 6413326.942715000361204 ], [ 2078105.443587, 6413082.188356 ], [ 2078299.911218000110239, 6412968.5775349996984 ], [ 2078447.425262, 6412829.566406999714673 ], [ 2078455.573469, 6412566.54519599955529 ], [ 2078320.663309, 6412299.074365999549627 ], [ 2078018.416711, 6412139.035212 ], [ 2077792.366901, 6412019.333107000216842 ], [ 2077518.244065, 6411874.163964999839664 ], [ 2077100.606210000114515, 6411698.038485 ], [ 2075867.21506, 6411384.63674100022763 ], [ 2075867.213053, 6411384.635800999589264 ], [ 2075867.209807999897748, 6411384.634854 ], [ 2073988.657523, 6410416.019441000185907 ], [ 2070602.924709, 6409590.260898999869823 ], [ 2070601.994539, 6409593.579601 ], [ 2070193.628846, 6411059.716666 ] ] ] } },
{ "type": "Feature", "properties": { "gml_id": "FossilFuelResource.per.pow82196", "identifier": "http://inspire.pgi.gov.pl/so/mr/Midas.paliwaKopalne/FossilFuelResource.per.pow82196", "beginLifespanVersion": null, "localId": "FossilFuelResource.per.pow82196", "namespace": "http://inspire.pgi.gov.pl/so/mr/Midas.paliwaKopalne", "scalar": -1100.0, "scalar_uom": "m", "dateOfDiscovery": null, "calorificValue": null, "quantity": null, "verticalExtent": null }, "geometry": { "type": "Polygon", "coordinates": [ [ [ 2078689.132568999892101, 6429848.524915999732912 ], [ 2078689.132569999899715, 6429848.524760000407696 ], [ 2080243.137687, 6429794.945585999637842 ], [ 2081623.076308, 6437185.057207999750972 ], [ 2082824.772027, 6437196.541748000308871 ], [ 2083043.935768, 6434771.917986 ], [ 2083235.572051, 6432651.231331000104547 ], [ 2083305.654849, 6432003.076046000234783 ], [ 2083542.95115, 6429808.068044999614358 ], [ 2083367.383009, 6429800.213100999593735 ], [ 2083191.815206999890506, 6429792.354612999595702 ], [ 2082296.133987, 6429734.967787999659777 ], [ 2081525.859703, 6429685.178843 ], [ 2080812.856986, 6429653.522881999611855 ], [ 2080397.289765999885276, 6429623.051726999692619 ], [ 2080171.679747000103816, 6429586.172213999554515 ], [ 2079888.872653, 6429516.703011999838054 ], [ 2079334.176152, 6429341.849964999593794 ], [ 2078661.692615, 6429065.834591999650002 ], [ 2078143.200966, 6428819.204842999577522 ], [ 2077589.006473, 6428550.830523 ], [ 2077217.283023, 6428347.934585999697447 ], [ 2076770.634102, 6428080.009545000270009 ], [ 2076313.365567999891937, 6427790.462732999585569 ], [ 2075845.39797, 6427497.257394 ], [ 2075452.490354999899864, 6427247.504614000208676 ], [ 2074902.379599, 6426914.356797999702394 ], [ 2074230.940006, 6426494.376585000194609 ], [ 2073702.455242, 6426154.101168000139296 ], [ 2072528.863536, 6426147.74498 ], [ 2071934.791947, 6426145.01333099976182 ], [ 2068267.38957199989818, 6426127.210195999592543 ], [ 2068282.632254, 6426163.042624999769032 ], [ 2068317.446186, 6426244.882732000201941 ], [ 2068409.30359, 6426695.790245999582112 ], [ 2068514.449933, 6427197.892376 ], [ 2068634.993407, 6427683.138166000135243 ], [ 2074034.068421, 6427708.545179000124335 ], [ 2078689.132568999892101, 6429848.524915999732912 ] ] ] } },
{ "type": "Feature", "properties": { "gml_id": "FossilFuelResource.per.pow76750", "identifier": "http://inspire.pgi.gov.pl/so/mr/Midas.paliwaKopalne/FossilFuelResource.per.pow76750", "beginLifespanVersion": null, "localId": "FossilFuelResource.per.pow76750", "namespace": "http://inspire.pgi.gov.pl/so/mr/Midas.paliwaKopalne", "scalar": -48.9, "scalar_uom": "m", "dateOfDiscovery": null, "calorificValue": null, "quantity": null, "verticalExtent": null }, "geometry": { "type": "Polygon", "coordinates": [ [ [ 2033019.343309, 6885689.741585000418127 ], [ 2033019.291262000100687, 6885690.200549 ], [ 2033007.260098, 6885914.286674000322819 ], [ 2033014.46334, 6886099.896882999688387 ], [ 2033030.534682, 6886239.521030999720097 ], [ 2033051.30208700010553, 6886349.015948999673128 ], [ 2033086.862570999888703, 6886443.056541999801993 ], [ 2033157.800254999892786, 6886541.990751000121236 ], [ 2033264.51956, 6886635.154792999848723 ], [ 2033357.978262, 6886702.859046 ], [ 2033500.601265, 6886768.880292000249028 ], [ 2033667.966452, 6886857.212458999827504 ], [ 2033882.517764, 6887015.070082999765873 ], [ 2033972.166551, 6887089.756396999582648 ], [ 2034054.260565999895334, 6887176.64278700016439 ], [ 2034098.14739999989979, 6887238.899371 ], [ 2034108.998788, 6887328.427590999752283 ], [ 2034129.43129, 6887446.843143000267446 ], [ 2034125.003836000105366, 6887564.318811999633908 ], [ 2034093.237447000108659, 6887652.236248999834061 ], [ 2034055.708648, 6887704.297349999658763 ], [ 2033759.14933, 6887928.351897000335157 ], [ 2033732.070977, 6887986.14996900036931 ], [ 2033724.488592, 6888092.816479999572039 ], [ 2033740.886558, 6888318.048135999590158 ], [ 2033779.956882, 6888508.487141000106931 ], [ 2034006.493765, 6889103.973202000372112 ], [ 2034130.400806, 6889497.322087000124156 ], [ 2034251.373307, 6889780.049208999611437 ], [ 2034330.8656, 6889936.384842 ], [ 2034375.950655, 6890017.788084000349045 ], [ 2034453.301405, 6890112.26311600022018 ], [ 2034553.1797, 6890224.191331 ], [ 2034587.318391, 6890248.476952999830246 ], [ 2034625.143325, 6890270.666609999723732 ], [ 2034680.215506, 6890288.084359999746084 ], [ 2034719.467713, 6890295.880076999776065 ], [ 2034756.339301999891177, 6890295.482669999822974 ], [ 2034803.456723, 6890285.52829600032419 ], [ 2034878.623189, 6890246.884282999671996 ], [ 2034928.590636, 6890209.079144 ], [ 2035001.284797, 6890116.66104600019753 ], [ 2035048.677075, 6890027.807643 ], [ 2035055.248176, 6889996.482824999839067 ], [ 2035132.954961, 6889818.117549000307918 ], [ 2035149.464423999888822, 6889785.377355 ], [ 2035185.882652, 6889724.972486999817193 ], [ 2035220.65574, 6889684.786565000191331 ], [ 2035279.55121, 6889624.326601999811828 ], [ 2035326.946808, 6889582.82565 ], [ 2035579.734776, 6889414.274338999763131 ], [ 2035798.232713, 6889279.875451999716461 ], [ 2036069.10526, 6889076.138003 ], [ 2036143.082713, 6889000.484086000360548 ], [ 2036204.449643, 6888881.563307999633253 ], [ 2036245.568412, 6888733.35427 ], [ 2036286.788203, 6888640.661671999841928 ], [ 2036344.331243, 6888544.081193 ], [ 2036419.475706999888644, 6888457.184593999758363 ], [ 2036536.3714, 6888359.220901999622583 ], [ 2036687.574833, 6888195.798533 ], [ 2036758.892384999897331, 6888115.068531 ], [ 2036822.091257000109181, 6888022.597815999761224 ], [ 2036852.134965, 6887915.96788000036031 ], [ 2036862.162064, 6887840.152324999682605 ], [ 2036864.424805, 6887803.267083999700844 ], [ 2036881.291841, 6887712.37935599964112 ], [ 2036888.552361, 6887686.493812999688089 ], [ 2036932.800699, 6887153.313067999668419 ], [ 2036966.262305, 6887019.105932 ], [ 2037092.391996, 6886688.779996999539435 ], [ 2037348.458999, 6886122.518319999799132 ], [ 2037372.851557, 6886094.585347999818623 ], [ 2037549.927568, 6885971.834634999744594 ], [ 2037595.255167, 6885937.013752000406384 ], [ 2037620.68001, 6885905.521724999882281 ], [ 2037628.83634, 6885879.674929999746382 ], [ 2037638.63032, 6885833.618404 ], [ 2037640.603195, 6885804.846327999606729 ], [ 2037637.193136, 6885775.856246000155807 ], [ 2037609.084435, 6885734.689386 ], [ 2037570.790603, 6885701.256067000329494 ], [ 2037538.993576, 6885686.529739 ], [ 2037485.326851, 6885680.019037 ], [ 2037409.774071, 6885682.593527999706566 ], [ 2037351.869517, 6885693.499785999767482 ], [ 2037291.063598, 6885710.145056 ], [ 2037255.92243, 6885736.7700389996171 ], [ 2037137.482426, 6885804.904520999640226 ], [ 2037012.967942, 6885891.733892000280321 ], [ 2036989.525856, 6885917.893807999789715 ], [ 2036938.477866, 6886010.189754 ], [ 2036896.472770999884233, 6886124.461108 ], [ 2036886.850147, 6886141.234201 ], [ 2036853.2717, 6886222.458129 ], [ 2036760.192943, 6886333.024113000370562 ], [ 2036706.127920000115409, 6886361.1890519997105 ], [ 2036647.19998, 6886375.207019999623299 ], [ 2036600.477882, 6886375.259285000152886 ], [ 2036560.460379, 6886364.293164 ], [ 2036521.814884, 6886340.301598000340164 ], [ 2036457.244811, 6886240.949555000290275 ], [ 2036438.630034, 6886186.1526859998703 ], [ 2036426.500162, 6886141.555334 ], [ 2036420.86277, 6886102.130324999801815 ], [ 2036429.695252999896184, 6886056.119939999654889 ], [ 2036446.161402999889106, 6885996.153996 ], [ 2036492.232005000114441, 6885905.218375000171363 ], [ 2036552.50478500011377, 6885814.817122000269592 ], [ 2036659.484494, 6885711.912158999592066 ], [ 2036766.844037, 6885598.327616999857128 ], [ 2036827.510301, 6885497.248867999762297 ], [ 2036873.839487, 6885399.197591999545693 ], [ 2036906.496643, 6885286.376280999742448 ], [ 2036911.014510999899358, 6885165.371956000104547 ], [ 2036910.785741, 6885076.270335 ], [ 2036902.962155, 6884904.905980000272393 ], [ 2036916.403236000100151, 6884830.57714799977839 ], [ 2036947.861795, 6884749.796532000415027 ], [ 2037029.953629000112414, 6884645.966715999878943 ], [ 2037113.419432, 6884600.988891 ], [ 2037185.619951, 6884571.618583999574184 ], [ 2037264.38971, 6884556.750351999886334 ], [ 2037537.495714, 6884574.109129000455141 ], [ 2037644.269328, 6884570.978110999800265 ], [ 2037751.307495, 6884560.74378199968487 ], [ 2037812.804488, 6884532.757646 ], [ 2037871.463135, 6884485.054460000246763 ], [ 2037887.650157, 6884432.214977 ], [ 2037879.118633, 6884374.871116999536753 ], [ 2037808.538064, 6884265.326963 ], [ 2037651.177956, 6884099.093724999576807 ], [ 2037575.382078999886289, 6883987.648021000437438 ], [ 2037510.319301, 6883877.508277 ], [ 2037421.040736, 6883790.801373000256717 ], [ 2037331.267802, 6883716.524190999567509 ], [ 2037250.48238, 6883690.340872 ], [ 2037179.882858, 6883677.00356 ], [ 2037105.335475, 6883674.208838 ], [ 2037019.341686999890953, 6883692.366479 ], [ 2036954.248896, 6883721.982173999771476 ], [ 2036864.438503, 6883747.122678999789059 ], [ 2036698.750702, 6883805.035288999788463 ], [ 2036598.288967, 6883829.773283000104129 ], [ 2036495.14169, 6883831.236045000143349 ], [ 2036389.308622, 6883809.456476000137627 ], [ 2036344.091571, 6883782.810325999744236 ], [ 2036299.939617, 6883727.693842000328004 ], [ 2036250.285831, 6883629.622255999594927 ], [ 2036216.962212, 6883475.163387999869883 ], [ 2036219.493218, 6883122.51354799978435 ], [ 2036207.115301, 6882883.329857000149786 ], [ 2036230.254546, 6882169.877539999783039 ], [ 2036256.357128999894485, 6882042.605472999624908 ], [ 2036284.744028, 6881949.261121000163257 ], [ 2036318.282126, 6881907.782581999897957 ], [ 2036383.629085, 6881871.046110999770463 ], [ 2036451.593367999885231, 6881859.348028000444174 ], [ 2036512.060426, 6881858.056785999797285 ], [ 2036590.139693999895826, 6881860.989233000203967 ], [ 2036653.624185, 6881874.062006000429392 ], [ 2036755.21857, 6881913.505343999713659 ], [ 2036913.829329, 6882044.145310999825597 ], [ 2036990.052533, 6882096.870551999658346 ], [ 2037085.432477, 6882112.909582000225782 ], [ 2037181.260727, 6882116.501803999766707 ], [ 2037295.232926, 6882110.083648 ], [ 2037388.439525, 6882088.650364000350237 ], [ 2037529.773926000110805, 6882015.556357 ], [ 2037643.90440099989064, 6881909.392217 ], [ 2037718.064961999887601, 6881826.672971 ], [ 2037745.242219999898225, 6881765.347148000262678 ], [ 2037754.85581, 6881698.028501999564469 ], [ 2037743.705816, 6881615.666013999842107 ], [ 2037715.853114, 6881504.209992 ], [ 2037625.595528, 6881351.213815 ], [ 2037513.385693, 6881215.211042 ], [ 2037382.905829, 6881092.775012999773026 ], [ 2037282.37875, 6881024.899245999753475 ], [ 2037252.013096, 6881015.339402999728918 ], [ 2037155.354488, 6881000.553299999795854 ], [ 2037041.530755, 6881003.411426999606192 ], [ 2036891.290967, 6881029.823517999611795 ], [ 2036586.992784, 6881089.653978000395 ], [ 2036448.193576, 6881095.12833600025624 ], [ 2036362.425981, 6881107.929170000366867 ], [ 2036305.646305, 6881105.795128 ], [ 2036263.726405, 6881086.422833999618888 ], [ 2036223.67051, 6881017.227765999734402 ], [ 2036160.016951, 6880818.927953000180423 ], [ 2036117.878392, 6880710.485724000260234 ], [ 2036059.68291, 6880651.314418000169098 ], [ 2035980.064937, 6880594.883038000203669 ], [ 2035826.862283, 6880510.761382999829948 ], [ 2035784.547328, 6880502.04362600017339 ], [ 2035730.654264, 6880517.826012000441551 ], [ 2035655.885836, 6880616.529598999768496 ], [ 2035505.891062, 6880920.76380299963057 ], [ 2035330.24271, 6881245.415485999546945 ], [ 2035297.181224, 6881368.830656000413001 ], [ 2035232.322820999892429, 6881581.891479999758303 ], [ 2035209.637608, 6881712.844959000125527 ], [ 2035221.830134, 6881766.748521000146866 ], [ 2035350.435281000100076, 6881939.024783000349998 ], [ 2035435.692636, 6882034.861088999547064 ], [ 2035492.158428, 6882140.301598999649286 ], [ 2035513.000122, 6882247.963584999553859 ], [ 2035497.13569, 6882291.896556000225246 ], [ 2035443.576534, 6882393.192901000380516 ], [ 2035286.763392, 6882593.914099999703467 ], [ 2034998.019343, 6882900.105937999673188 ], [ 2034781.645286000100896, 6883077.200299999676645 ], [ 2034651.721975000109524, 6883176.510632 ], [ 2034521.795468, 6883275.820221999660134 ], [ 2034409.748357, 6883325.019646000117064 ], [ 2034244.052742, 6883382.878340000286698 ], [ 2034133.942606, 6883474.92822500038892 ], [ 2034074.06352400011383, 6883554.609051999635994 ], [ 2034016.391842, 6883670.011359999887645 ], [ 2033994.149993, 6883788.530984000302851 ], [ 2033984.760629, 6884037.612917000427842 ], [ 2033973.234007, 6884154.769829999655485 ], [ 2033955.94865, 6884236.070287000387907 ], [ 2033878.506613, 6884404.193412999622524 ], [ 2033785.592451999895275, 6884511.142222999595106 ], [ 2033567.737887, 6884725.599965999834239 ], [ 2033383.369938000105321, 6884900.363978000357747 ], [ 2033231.889754999894649, 6885051.409900999628007 ], [ 2033120.400285, 6885179.040881999768317 ], [ 2033082.339306, 6885245.302612000145018 ], [ 2033051.295226, 6885408.073045000433922 ], [ 2033035.293531, 6885549.135587000288069 ], [ 2033027.292468, 6885619.667848000302911 ], [ 2033019.343309, 6885689.741585000418127 ] ] ] } },
{ "type": "Feature", "properties": { "gml_id": "FossilFuelResource.per.pow76754", "identifier": "http://inspire.pgi.gov.pl/so/mr/Midas.paliwaKopalne/FossilFuelResource.per.pow76754", "beginLifespanVersion": null, "localId": "FossilFuelResource.per.pow76754", "namespace": "http://inspire.pgi.gov.pl/so/mr/Midas.paliwaKopalne", "scalar": -9999.0, "scalar_uom": "m", "dateOfDiscovery": null, "calorificValue": null, "quantity": null, "verticalExtent": null }, "geometry": { "type": "Polygon", "coordinates": [ [ [ 1985267.678137, 6832124.905414000153542 ], [ 1985431.318516, 6832120.818776000291109 ], [ 1985594.958762, 6832116.728813 ], [ 1986157.920988, 6832015.422408999875188 ], [ 1986614.503253, 6831927.584047 ], [ 1986813.454699999885634, 6831905.78087 ], [ 1987126.137216999894008, 6831940.031428 ], [ 1988343.870379, 6831888.219526999630034 ], [ 1988850.487346, 6831891.453958 ], [ 1989286.225855, 6831864.833182999864221 ], [ 1989570.892872999887913, 6831895.48264 ], [ 1990357.718234, 6831924.669757000170648 ], [ 1990601.669168999884278, 6831933.703494999557734 ], [ 1991025.893555, 6831968.055483999662101 ], [ 1991374.401932, 6831968.122455 ], [ 1991536.033651999896392, 6831943.009561999700963 ], [ 1991631.240895, 6831906.581268000416458 ], [ 1991786.218109, 6831713.941429000347853 ], [ 1992000.562037, 6831262.557253999635577 ], [ 1991984.42548, 6831090.760982999578118 ], [ 1991931.561364, 6830929.739151 ], [ 1991811.14142, 6830822.706477999687195 ], [ 1991502.767742, 6830662.605619000270963 ], [ 1991324.292283, 6830613.805165000259876 ], [ 1990916.81841, 6830648.722381999716163 ], [ 1990644.069782, 6830682.899713000282645 ], [ 1990216.741189, 6830685.94032 ], [ 1989989.258907, 6830690.326936 ], [ 1989651.371043, 6830722.41162300016731 ], [ 1988941.958946, 6830876.406511999666691 ], [ 1988207.904826000100002, 6831054.616638000123203 ], [ 1987919.116678, 6831154.589642000384629 ], [ 1987711.823006, 6831200.06564600020647 ], [ 1987600.671671, 6831209.122069000266492 ], [ 1987199.703604, 6831173.676222000271082 ], [ 1986779.616974999895319, 6831124.979775000363588 ], [ 1986168.666572, 6831102.41710100043565 ], [ 1986005.212813, 6831080.873079 ], [ 1985653.103091000113636, 6830987.496983 ], [ 1985416.965381, 6830889.575942000374198 ], [ 1985179.103819, 6830866.266873000189662 ], [ 1984807.085105, 6830857.535694000311196 ], [ 1984571.580262, 6830894.716044000349939 ], [ 1984397.64613, 6830962.100373 ], [ 1984226.784054, 6831108.596473 ], [ 1984123.223775, 6831313.06591400038451 ], [ 1984049.667226, 6831572.289183000102639 ], [ 1984090.817965, 6831794.404153999872506 ], [ 1984164.146498, 6831915.446754000149667 ], [ 1984266.493573, 6832010.35598099976778 ], [ 1984456.04923, 6832105.429809999652207 ], [ 1984671.65714, 6832152.906167999841273 ], [ 1984940.396978, 6832133.068879 ], [ 1985267.678137, 6832124.905414000153542 ] ] ] } },
{ "type": "Feature", "properties": { "gml_id": "FossilFuelResource.per.pow78933", "identifier": "http://inspire.pgi.gov.pl/so/mr/Midas.paliwaKopalne/FossilFuelResource.per.pow78933", "beginLifespanVersion": null, "localId": "FossilFuelResource.per.pow78933", "namespace": "http://inspire.pgi.gov.pl/so/mr/Midas.paliwaKopalne", "scalar": -63.0, "scalar_uom": "m", "dateOfDiscovery": null, "calorificValue": null, "quantity": null, "verticalExtent": null }, "geometry": { "type": "Polygon", "coordinates": [ [ [ 1979252.611211, 6867828.067932999692857 ], [ 1979690.341639, 6867821.889229999855161 ], [ 1980113.709108, 6867865.197869 ], [ 1980611.64927, 6868036.377816 ], [ 1980976.325102, 6868354.571879000402987 ], [ 1981175.779186000116169, 6868570.49452199973166 ], [ 1981381.178033, 6868700.571304 ], [ 1981534.247844999888912, 6868721.211617999710143 ], [ 1981675.280583, 6868651.180439 ], [ 1981817.505336999893188, 6868508.793909000232816 ], [ 1981902.279903, 6868293.083528 ], [ 1981966.510368, 6867954.91519199963659 ], [ 1981830.428341000108048, 6867179.260916999541223 ], [ 1981796.182943, 6866794.282613 ], [ 1981835.735332, 6866311.060054999776185 ], [ 1981818.261797, 6866003.273596 ], [ 1981801.833986, 6865632.21169999986887 ], [ 1981755.14449, 6865455.092005000449717 ], [ 1981645.854704, 6865245.285860000178218 ], [ 1981516.591277, 6865152.708367999643087 ], [ 1981377.190449000103399, 6865127.782302999868989 ], [ 1981132.812451, 6865177.969146000221372 ], [ 1979905.731876, 6865736.18429800029844 ], [ 1979592.47496, 6865857.518073 ], [ 1979129.336261, 6866039.61369 ], [ 1978882.858307, 6866211.796756999567151 ], [ 1978675.80968, 6866452.478322999551892 ], [ 1978601.135447, 6866867.261780999600887 ], [ 1978618.564207, 6867170.565403000451624 ], [ 1978729.561466, 6867543.31101099960506 ], [ 1978982.982280999887735, 6867764.705815999768674 ], [ 1979201.10302, 6867815.964437000453472 ], [ 1979252.611211, 6867828.067932999692857 ] ] ] } },
{ "type": "Feature", "properties": { "gml_id": "FossilFuelResource.per.pow76756", "identifier": "http://inspire.pgi.gov.pl/so/mr/Midas.paliwaKopalne/FossilFuelResource.per.pow76756", "beginLifespanVersion": null, "localId": "FossilFuelResource.per.pow76756", "namespace": "http://inspire.pgi.gov.pl/so/mr/Midas.paliwaKopalne", "scalar": -51.8, "scalar_uom": "m", "dateOfDiscovery": null, "calorificValue": null, "quantity": null, "verticalExtent": null }, "geometry": { "type": "Polygon", "coordinates": [ [ [ 2067498.761761, 6888066.752802000381052 ], [ 2067659.244393, 6888089.922705000266433 ], [ 2067767.407029999885708, 6888034.957492000423372 ], [ 2067827.201543, 6887942.840072000399232 ], [ 2067835.893143, 6887841.904850999824703 ], [ 2067837.007515, 6887650.121004000306129 ], [ 2067844.198254, 6887435.46255199983716 ], [ 2067841.635575, 6887279.08424299955368 ], [ 2067823.77614, 6887230.542907999828458 ], [ 2067798.353895, 6887195.941774999722838 ], [ 2067772.931868, 6887161.34054599981755 ], [ 2067682.864622, 6887099.705563999712467 ], [ 2067532.480488, 6887060.893869999796152 ], [ 2067488.174824000103399, 6887061.174742000177503 ], [ 2067418.43174, 6887080.131676999852061 ], [ 2067235.492323, 6887251.541743 ], [ 2067157.523967, 6887357.244878999888897 ], [ 2067117.444771, 6887442.918885 ], [ 2067094.210448999889195, 6887554.020302000455558 ], [ 2067086.045917, 6887638.998923 ], [ 2067105.546763, 6887744.447975000366569 ], [ 2067127.372032, 6887780.706701000221074 ], [ 2067161.24619200010784, 6887827.140087 ], [ 2067195.120743, 6887873.573432999663055 ], [ 2067268.803637, 6887948.879466 ], [ 2067498.761761, 6888066.752802000381052 ] ] ] } },
{ "type": "Feature", "properties": { "gml_id": "FossilFuelResource.per.pow76755", "identifier": "http://inspire.pgi.gov.pl/so/mr/Midas.paliwaKopalne/FossilFuelResource.per.pow76755", "beginLifespanVersion": null, "localId": "FossilFuelResource.per.pow76755", "namespace": "http://inspire.pgi.gov.pl/so/mr/Midas.paliwaKopalne", "scalar": -51.8, "scalar_uom": "m", "dateOfDiscovery": null, "calorificValue": null, "quantity": null, "verticalExtent": null }, "geometry": { "type": "Polygon", "coordinates": [ [ [ 2065158.699952, 6900609.556482999585569 ], [ 2065369.922599, 6899936.547735 ], [ 2065561.685219, 6899536.622324000112712 ], [ 2065826.821207, 6899162.090001 ], [ 2066105.497717, 6898860.730221999809146 ], [ 2066151.953933, 6898797.169183 ], [ 2066196.765172, 6898720.078146999701858 ], [ 2066305.958847, 6898407.848280999809504 ], [ 2066426.149267, 6898196.601266000419855 ], [ 2066537.809425000101328, 6898088.842609999701381 ], [ 2066635.145828, 6898018.452731000259519 ], [ 2066738.861911, 6897990.540764999575913 ], [ 2066804.748469, 6897985.168964000418782 ], [ 2066868.608817, 6897994.172096 ], [ 2067062.194792000111192, 6898059.675962000153959 ], [ 2067131.341586, 6898105.73911300022155 ], [ 2067196.464082, 6898188.072910999879241 ], [ 2067219.316572, 6898237.129522999748588 ], [ 2067226.721154, 6898289.284009999595582 ], [ 2067228.931724, 6898385.156618 ], [ 2067149.417522, 6898706.544157000258565 ], [ 2066944.571178, 6899222.199907000176609 ], [ 2066916.062843, 6899346.596101 ], [ 2066922.530153, 6899471.962704 ], [ 2066962.302542, 6899593.35628 ], [ 2067012.273894, 6899681.907765000127256 ], [ 2067053.215916, 6899726.122402000240982 ], [ 2067147.643928, 6899784.698913999833167 ], [ 2067262.798743, 6899802.393604 ], [ 2067373.434854000108317, 6899781.150778999552131 ], [ 2067492.058563, 6899713.132562999613583 ], [ 2067645.037645, 6899570.631485999561846 ], [ 2067720.623318, 6899475.623758000321686 ], [ 2067824.107201, 6899330.253835 ], [ 2068028.7284, 6898989.685255999676883 ], [ 2068154.536585999885574, 6898695.337338999845088 ], [ 2068309.719697, 6898212.431548000313342 ], [ 2068472.963184, 6897507.597569 ], [ 2068564.923881, 6897206.106680000200868 ], [ 2068592.758547999896109, 6897098.921214000321925 ], [ 2068616.359913, 6897024.11440800037235 ], [ 2068761.938422, 6896398.194242999888957 ], [ 2068833.167959, 6896008.383802000433207 ], [ 2068861.3193, 6895317.158719999715686 ], [ 2068862.188071, 6894942.815572000108659 ], [ 2068836.849014, 6894218.101838000118732 ], [ 2068837.547121, 6894112.708363999612629 ], [ 2068868.08458, 6893779.716512000188231 ], [ 2068874.271578, 6893676.930033000186086 ], [ 2068867.62512, 6893619.570855 ], [ 2068856.359995, 6893393.036206999793649 ], [ 2068824.77043900010176, 6893182.381949 ], [ 2068736.452797, 6893015.0247 ], [ 2068640.49131, 6892886.114157999865711 ], [ 2068238.426263999892399, 6892474.325208 ], [ 2068096.32436, 6892270.265886999666691 ], [ 2068071.311728, 6892226.830203999765217 ], [ 2067954.323756, 6892054.096873000264168 ], [ 2067862.680438, 6891856.731178999878466 ], [ 2067771.041595, 6891659.369261999614537 ], [ 2067580.494522, 6890986.5775349996984 ], [ 2067482.86749399988912, 6890623.692192999646068 ], [ 2067436.489372, 6890368.065278000198305 ], [ 2067373.330592, 6889978.97189399972558 ], [ 2067223.182006, 6889805.140236999839544 ], [ 2067251.548833, 6889910.899872000329196 ], [ 2067255.188339000102133, 6890118.889061000198126 ], [ 2067223.28322, 6890224.410055999644101 ], [ 2067134.359339, 6890338.657692999579012 ], [ 2067022.066673000110313, 6890462.783555 ], [ 2066683.428176, 6890728.497608999721706 ], [ 2066601.768495, 6890784.363839999772608 ], [ 2066652.866207000100985, 6890986.25613799970597 ], [ 2066706.973164, 6891487.646300000138581 ], [ 2066721.458681, 6891930.898823999799788 ], [ 2066710.552949, 6892235.505369000136852 ], [ 2066699.930991, 6892326.022845 ], [ 2066632.544223, 6892571.719945999793708 ], [ 2066586.365486, 6892692.981387999840081 ], [ 2066497.459085, 6892863.106270000338554 ], [ 2066293.246975, 6893116.745524999685585 ], [ 2066076.672683, 6893319.805435 ], [ 2065785.826856999890879, 6893539.779067000374198 ], [ 2065689.08387, 6893621.155248999595642 ], [ 2065634.462744, 6893660.142895 ], [ 2065347.984115999890491, 6893901.56812 ], [ 2064993.105093, 6894156.13569 ], [ 2064746.88583999988623, 6894375.45989799965173 ], [ 2064578.285516999894753, 6894538.806025999598205 ], [ 2064440.51975, 6894712.215219999663532 ], [ 2064416.130182000109926, 6894739.207157 ], [ 2064252.338954, 6894953.729832 ], [ 2064122.573186000110582, 6895225.363965 ], [ 2064038.355364, 6895510.517486000433564 ], [ 2063953.783151, 6896073.225417000241578 ], [ 2063939.13579, 6896298.925525999628007 ], [ 2063930.307328, 6896916.057548999786377 ], [ 2063949.113372, 6897456.405139000155032 ], [ 2063895.451807, 6897966.460505000315607 ], [ 2063834.962627, 6898270.863885000348091 ], [ 2063654.337767, 6898974.406341999769211 ], [ 2063573.650807, 6899221.768299999646842 ], [ 2063408.022936, 6899840.879497 ], [ 2063271.886778, 6900241.376216 ], [ 2063208.802507, 6900436.371681000106037 ], [ 2063152.310622, 6900722.420962000265718 ], [ 2063119.594274, 6901067.883166999556124 ], [ 2063140.461667, 6901486.461174 ], [ 2063182.915356, 6901772.384870000183582 ], [ 2063224.558746, 6901880.465955000370741 ], [ 2063358.7936, 6902092.353233000263572 ], [ 2063457.382164, 6902223.044948000460863 ], [ 2063592.650735, 6902343.718340000137687 ], [ 2063740.831178, 6902427.188610999844968 ], [ 2063867.980371, 6902467.750265000388026 ], [ 2063963.235019, 6902478.661256999708712 ], [ 2064083.957863, 6902464.89522899966687 ], [ 2064227.133883999893442, 6902413.196805000305176 ], [ 2064366.346163, 6902319.585633999668062 ], [ 2064618.542357, 6902020.545343999750912 ], [ 2064809.056558, 6901679.823824999853969 ], [ 2064865.874424, 6901546.51314300019294 ], [ 2064922.690566, 6901413.204248 ], [ 2064944.672207, 6901324.586585000157356 ], [ 2065034.698728, 6901100.356909000314772 ], [ 2065096.701242, 6900854.953223000280559 ], [ 2065158.699952, 6900609.556482999585569 ] ] ] } },
{ "type": "Feature", "properties": { "gml_id": "FossilFuelResource.per.pow76758", "identifier": "http://inspire.pgi.gov.pl/so/mr/Midas.paliwaKopalne/FossilFuelResource.per.pow76758", "beginLifespanVersion": null, "localId": "FossilFuelResource.per.pow76758", "namespace": "http://inspire.pgi.gov.pl/so/mr/Midas.paliwaKopalne", "scalar": -9999.0, "scalar_uom": "m", "dateOfDiscovery": null, "calorificValue": null, "quantity": null, "verticalExtent": null }, "geometry": { "type": "Polygon", "coordinates": [ [ [ 1980595.056817, 7078714.124792000278831 ], [ 1980902.409995000110939, 7078403.202379999682307 ], [ 1981180.967162, 7078142.998753 ], [ 1981489.199047, 7077889.649536999873817 ], [ 1981876.920742, 7077686.762450000271201 ], [ 1982762.921278999885544, 7077239.071684 ], [ 1983118.422358, 7077101.729847 ], [ 1983371.464049, 7077078.292899000458419 ], [ 1983845.927315, 7077043.400693999603391 ], [ 1984240.973186, 7076960.697294999845326 ], [ 1984524.318506, 7076960.16003100015223 ], [ 1984736.576632, 7076919.544751999899745 ], [ 1985038.29584, 7076843.209947999566793 ], [ 1985480.827536, 7076745.179213999770582 ], [ 1985723.39396, 7076660.464448999613523 ], [ 1985924.648695, 7076545.246899000369012 ], [ 1986039.217287, 7076401.328526999801397 ], [ 1986144.281893, 7076220.278738000430167 ], [ 1986218.579363000113517, 7075967.946120000444353 ], [ 1986292.237563, 7075810.077951 ], [ 1986324.758595, 7075624.691699 ], [ 1986328.91531, 7075328.390573999844491 ], [ 1986219.290386, 7074980.628530999645591 ], [ 1986126.894649, 7074664.196513 ], [ 1985963.749045, 7074374.620047999545932 ], [ 1985713.29386, 7074096.526297999545932 ], [ 1985440.858088, 7073867.340083999559283 ], [ 1984810.300702, 7073460.364811000414193 ], [ 1984218.38827, 7073019.826713000424206 ], [ 1983602.625484, 7072580.215748 ], [ 1983093.64082, 7072216.3676300002262 ], [ 1982704.483918, 7071855.752049 ], [ 1982510.92771, 7071599.404751 ], [ 1982454.025727, 7071369.671112 ], [ 1982500.676051, 7071135.834913999773562 ], [ 1982555.534429, 7071009.679471 ], [ 1982610.390884000109509, 7070883.525620999746025 ], [ 1982738.239429, 7070686.498929000459611 ], [ 1983241.502597, 7070098.677656999789178 ], [ 1983440.7108, 7069790.856422999873757 ], [ 1983639.903529, 7069483.041721000336111 ], [ 1983960.52173, 7068918.501837000250816 ], [ 1984231.128827, 7068299.981297000311315 ], [ 1984402.930417, 7067805.38910000026226 ], [ 1984507.23739, 7067217.547232000157237 ], [ 1984564.03435, 7066839.523148999549448 ], [ 1984642.16106, 7066396.689882 ], [ 1984647.080691, 7065916.842566999606788 ], [ 1984576.842645, 7065551.911529 ], [ 1984425.367588, 7065350.097896999679506 ], [ 1984152.326349, 7065097.160698000341654 ], [ 1983683.275207, 7064724.118168000131845 ], [ 1983391.769839, 7064607.778064999729395 ], [ 1982955.436922, 7064457.200261999852955 ], [ 1982387.742002000100911, 7064207.904810000211 ], [ 1982187.23625, 7064175.861898999661207 ], [ 1982053.539073, 7064221.095170999877155 ], [ 1981945.890265, 7064321.247941999696195 ], [ 1981927.652852, 7064465.829996 ], [ 1981951.393756, 7064664.710419000126421 ], [ 1981957.838011, 7065032.138004999607801 ], [ 1981965.866121, 7065439.484182000160217 ], [ 1981821.774405, 7066236.579911 ], [ 1981654.66222, 7066650.890673000365496 ], [ 1981366.12885, 7067221.910369000397623 ], [ 1980829.969127, 7067986.597555999644101 ], [ 1980397.693239, 7068555.324439000338316 ], [ 1979996.885911, 7069114.850581999868155 ], [ 1978998.010663, 7070497.601909999735653 ], [ 1979384.119373, 7070786.456551999785006 ], [ 1979812.272527, 7071129.65211100038141 ], [ 1980387.414592, 7071763.058764999732375 ], [ 1980591.376868, 7072083.042357999831438 ], [ 1980764.752153, 7072436.248739000409842 ], [ 1980864.56745, 7072744.355580000206828 ], [ 1980876.603485, 7073255.956547999754548 ], [ 1980803.975113, 7073642.897785999812186 ], [ 1980688.693011, 7073959.507333000190556 ], [ 1980581.063205, 7074267.821866 ], [ 1980322.330595, 7074590.085141999647021 ], [ 1980130.928406, 7074797.665982999838889 ], [ 1979879.823363, 7075111.630442 ], [ 1979726.844189, 7075281.697923 ], [ 1979573.858633, 7075451.766007999889553 ], [ 1979312.556876, 7075710.10801799967885 ], [ 1979091.417303999885917, 7075967.736895999871194 ], [ 1978675.422315, 7076483.336435000412166 ], [ 1977686.753316000103951, 7077390.080257999710739 ], [ 1976758.619491, 7078138.999179 ], [ 1976473.435014, 7078439.4984480002895 ], [ 1976190.72292, 7078804.247748999856412 ], [ 1975931.695752, 7079160.025957000441849 ], [ 1975710.528172, 7079347.715269999578595 ], [ 1975620.993877, 7079402.116504999808967 ], [ 1975350.596719, 7079572.554239000193775 ], [ 1975109.203538999892771, 7079765.392959999851882 ], [ 1974925.140048, 7080106.605428 ], [ 1974721.049606, 7080538.019058000296354 ], [ 1974678.144792, 7080887.917740999720991 ], [ 1974679.412556, 7081165.55290300026536 ], [ 1974615.757065, 7081464.519340000115335 ], [ 1974492.406251, 7081798.73921599984169 ], [ 1974452.901632, 7082360.382241999730468 ], [ 1974486.425153, 7083357.066290999762714 ], [ 1974538.560352, 7083858.797549 ], [ 1974696.030755, 7084290.592970999889076 ], [ 1974843.964823, 7084473.207306999713182 ], [ 1974997.833772, 7084566.145418000407517 ], [ 1975154.070098999887705, 7084597.780569000169635 ], [ 1975293.505245999898762, 7084559.439514 ], [ 1975440.523127, 7084473.722071999683976 ], [ 1975508.709263, 7084414.583478 ], [ 1975576.894217000110075, 7084355.444721000269055 ], [ 1975710.370687, 7084280.755103999748826 ], [ 1975955.7897, 7083880.565399000421166 ], [ 1976198.825983, 7083452.783890999853611 ], [ 1976802.994368, 7082748.202069000340998 ], [ 1977174.226412, 7082248.437508 ], [ 1978630.349433, 7080620.564097999595106 ], [ 1978949.187592, 7080291.761927000246942 ], [ 1979618.486882, 7079658.408230000175536 ], [ 1980287.679598, 7079025.046973999589682 ], [ 1980441.371129, 7078869.585889000445604 ], [ 1980595.056817, 7078714.124792000278831 ] ] ] } },
{ "type": "Feature", "properties": { "gml_id": "FossilFuelResource.per.pow76757", "identifier": "http://inspire.pgi.gov.pl/so/mr/Midas.paliwaKopalne/FossilFuelResource.per.pow76757", "beginLifespanVersion": null, "localId": "FossilFuelResource.per.pow76757", "namespace": "http://inspire.pgi.gov.pl/so/mr/Midas.paliwaKopalne", "scalar": -51.8, "scalar_uom": "m", "dateOfDiscovery": null, "calorificValue": null, "quantity": null, "verticalExtent": null }, "geometry": { "type": "Polygon", "coordinates": [ [ [ 2068895.908739, 6885547.65722499974072 ], [ 2068964.785892, 6885713.3207 ], [ 2069033.666029, 6885878.986980999819934 ], [ 2069109.412014999892563, 6885945.440042000263929 ], [ 2069168.537544, 6885978.663812000304461 ], [ 2069273.298417000100017, 6885971.527847999706864 ], [ 2069367.807732, 6885953.386652999557555 ], [ 2069423.910825, 6885917.976477 ], [ 2069551.857299, 6885693.194745000451803 ], [ 2069592.665861, 6885637.742542999796569 ], [ 2069662.927713, 6885496.269073000177741 ], [ 2069670.392057, 6885378.272444999776781 ], [ 2069663.916874000104144, 6885253.767109000124037 ], [ 2069609.640878, 6885074.400050000287592 ], [ 2069565.413895, 6884913.14377100020647 ], [ 2069528.016054, 6884865.724401 ], [ 2069507.077664, 6884856.14683 ], [ 2069486.13916, 6884846.569048999808729 ], [ 2069383.514502, 6884843.135150999762118 ], [ 2069319.467489, 6884851.650765 ], [ 2069215.188738999888301, 6884897.85927200037986 ], [ 2069077.744677, 6884982.029005000367761 ], [ 2068976.067048, 6885056.753297000192106 ], [ 2068931.587842, 6885115.622886000201106 ], [ 2068888.276059, 6885245.553355 ], [ 2068880.125699, 6885383.776960000395775 ], [ 2068895.908739, 6885547.65722499974072 ] ] ] } },
{ "type": "Feature", "properties": { "gml_id": "FossilFuelResource.progn.pow76729", "identifier": "http://inspire.pgi.gov.pl/so/mr/Midas.paliwaKopalne/FossilFuelResource.progn.pow76729", "beginLifespanVersion": null, "localId": "FossilFuelResource.progn.pow76729", "namespace": "http://inspire.pgi.gov.pl/so/mr/Midas.paliwaKopalne", "scalar": -23.5, "scalar_uom": "m", "dateOfDiscovery": null, "calorificValue": null, "quantity": null, "verticalExtent": null }, "geometry": { "type": "Polygon", "coordinates": [ [ [ 2024623.429534999886528, 6820129.277673999778926 ], [ 2024791.768910000100732, 6820073.344873 ], [ 2024929.036119, 6819925.94643700029701 ], [ 2025004.864374000113457, 6819755.355711 ], [ 2024986.582208999898285, 6819511.686700999736786 ], [ 2024888.809958, 6819174.723225999623537 ], [ 2024920.636356, 6818978.139573999680579 ], [ 2024952.461176, 6818781.56069300044328 ], [ 2025154.676647, 6818206.411919999867678 ], [ 2025146.202844, 6818067.284219999797642 ], [ 2025065.936113, 6817994.754600999876857 ], [ 2024977.136389000108466, 6817963.548535999841988 ], [ 2024900.035322, 6817988.314106999896467 ], [ 2024827.70307, 6818068.79972399957478 ], [ 2024673.6031, 6818652.741140999831259 ], [ 2024499.33607, 6819041.595103000290692 ], [ 2024317.11231, 6819277.436386000365019 ], [ 2024142.612803, 6819492.757802999578416 ], [ 2023941.255974, 6819686.227591999806464 ], [ 2023907.961313, 6819830.698737000115216 ], [ 2023923.328328, 6819970.126797 ], [ 2023996.69015, 6820042.41644399985671 ], [ 2024256.990257, 6820115.025302999652922 ], [ 2024440.209802, 6820122.153567000292242 ], [ 2024531.819542, 6820125.716221 ], [ 2024623.429534999886528, 6820129.277673999778926 ] ] ] } },
{ "type": "Feature", "properties": { "gml_id": "FossilFuelResource.progn.pow76728", "identifier": "http://inspire.pgi.gov.pl/so/mr/Midas.paliwaKopalne/FossilFuelResource.progn.pow76728", "beginLifespanVersion": null, "localId": "FossilFuelResource.progn.pow76728", "namespace": "http://inspire.pgi.gov.pl/so/mr/Midas.paliwaKopalne", "scalar": -23.5, "scalar_uom": "m", "dateOfDiscovery": null, "calorificValue": null, "quantity": null, "verticalExtent": null }, "geometry": { "type": "Polygon", "coordinates": [ [ [ 2021294.356700999895111, 6822172.254784000106156 ], [ 2021372.1571, 6822175.31141300033778 ], [ 2021860.991983, 6822250.046768999658525 ], [ 2022176.124507, 6822338.779369000345469 ], [ 2022425.095895, 6822348.530791999772191 ], [ 2022615.051728, 6822272.643114999867976 ], [ 2022749.780359, 6822014.064457000233233 ], [ 2022811.867701, 6821308.275225999765098 ], [ 2022865.600728, 6820817.443978000432253 ], [ 2022740.517313, 6820472.38945799972862 ], [ 2022614.281034, 6820335.539150999858975 ], [ 2022408.489358, 6820285.834470000118017 ], [ 2022239.303687, 6820362.511639 ], [ 2022157.037684, 6820518.970226 ], [ 2022073.574903, 6820883.634928000159562 ], [ 2021989.292421, 6821269.127445000223815 ], [ 2021824.037264, 6821422.330101000145078 ], [ 2021683.833608, 6821465.445506 ], [ 2021591.163169, 6821444.443279 ], [ 2021498.493217, 6821423.440043999813497 ], [ 2021430.837029, 6821382.598074999637902 ], [ 2021363.181526, 6821341.755583999678493 ], [ 2021298.355775, 6821228.126004000194371 ], [ 2021262.289188, 6821087.857394999824464 ], [ 2021241.678878, 6820906.527886999770999 ], [ 2021234.896527, 6820725.761966000311077 ], [ 2021196.936085, 6820634.021967999637127 ], [ 2021123.593914, 6820561.718353999778628 ], [ 2021048.355219, 6820537.934329000301659 ], [ 2020768.801596, 6820603.301001000218093 ], [ 2020619.80937, 6820694.626497999764979 ], [ 2020558.795059, 6820838.011346999555826 ], [ 2020468.219405, 6821028.847379 ], [ 2020280.550975, 6821222.786849999800324 ], [ 2019729.885357, 6821666.249644 ], [ 2019591.422127, 6821841.302148000337183 ], [ 2019606.17223, 6821994.65241099987179 ], [ 2019676.789072, 6822136.309050000272691 ], [ 2019859.157447, 6822254.605041 ], [ 2020410.218709, 6822331.885203000158072 ], [ 2020722.494502, 6822316.409144000150263 ], [ 2021060.956045000115409, 6822163.080728 ], [ 2021138.756253000115976, 6822166.139606 ], [ 2021216.556526, 6822169.197571 ], [ 2021294.356700999895111, 6822172.254784000106156 ] ] ] } },
{ "type": "Feature", "properties": { "gml_id": "FossilFuelResource.per.pow80699", "identifier": "http://inspire.pgi.gov.pl/so/mr/Midas.paliwaKopalne/FossilFuelResource.per.pow80699", "beginLifespanVersion": null, "localId": "FossilFuelResource.per.pow80699", "namespace": "http://inspire.pgi.gov.pl/so/mr/Midas.paliwaKopalne", "scalar": null, "scalar_uom": null, "dateOfDiscovery": null, "calorificValue": null, "quantity": null, "verticalExtent": null }, "geometry": { "type": "Polygon", "coordinates": [ [ [ 2155706.62102, 6476652.667028999887407 ], [ 2155256.193630999885499, 6476939.291817000135779 ], [ 2155219.446918, 6477236.711422 ], [ 2154471.179172, 6477547.170796999707818 ], [ 2154091.935153999831527, 6480123.475680000148714 ], [ 2153784.229772000107914, 6481732.651859999634326 ], [ 2153416.20584, 6482015.691251000389457 ], [ 2153416.199827, 6482015.707082999870181 ], [ 2152839.128033, 6482459.468093999661505 ], [ 2151719.892465, 6483296.555505 ], [ 2150832.671962, 6484210.812571999616921 ], [ 2150244.592341000214219, 6485343.164253000169992 ], [ 2150217.519629000220448, 6485458.384621 ], [ 2150217.506556, 6485458.394069000147283 ], [ 2149864.523490999825299, 6486960.524531999602914 ], [ 2149952.760584, 6486939.214955000206828 ], [ 2150848.066608, 6486336.550611999817193 ], [ 2151582.576926, 6485750.310418999753892 ], [ 2152435.797724000178277, 6485226.979568 ], [ 2153067.302033000160009, 6484758.919595000334084 ], [ 2153627.23582600010559, 6484273.652663 ], [ 2153312.956694, 6483181.076607 ], [ 2156925.181869000196457, 6482245.818509999662638 ], [ 2158136.270111000165343, 6479673.563563999719918 ], [ 2161597.238433000165969, 6478518.903506999835372 ], [ 2161666.240964999888092, 6478451.850344000384212 ], [ 2161735.242229000199586, 6478384.797148000448942 ], [ 2162300.614941999781877, 6476702.435189999639988 ], [ 2169616.611922999843955, 6472119.305944999679923 ], [ 2172886.700509000103921, 6472338.457562999799848 ], [ 2172838.258372, 6472052.263898000121117 ], [ 2171423.398676999844611, 6471966.537991000339389 ], [ 2171423.402855, 6471966.533586 ], [ 2171423.382118000183254, 6471966.532320999540389 ], [ 2172071.058319999836385, 6471288.054282000288367 ], [ 2168721.242569, 6471272.881246999837458 ], [ 2166108.867068000137806, 6471401.123298999853432 ], [ 2164597.785373, 6471401.249877999536693 ], [ 2164203.404227000195533, 6471670.750416000373662 ], [ 2163808.99768, 6471940.24095300026238 ], [ 2161658.660613, 6473535.84282 ], [ 2159863.157964, 6474732.1507090004161 ], [ 2159063.081975, 6475211.276685000397265 ], [ 2159063.075054000131786, 6475211.265151999890804 ], [ 2159063.06541799986735, 6475211.270987999625504 ], [ 2158972.493228999897838, 6475059.894965999759734 ], [ 2158570.574856999795884, 6475667.600526000373065 ], [ 2157511.269909999798983, 6476372.434678999707103 ], [ 2156502.466488, 6476687.471175 ], [ 2156132.323502, 6477187.924807 ], [ 2156132.312674, 6477187.911099 ], [ 2155706.62102, 6476652.667028999887407 ] ] ] } },
{ "type": "Feature", "properties": { "gml_id": "FossilFuelResource.per.pow80695", "identifier": "http://inspire.pgi.gov.pl/so/mr/Midas.paliwaKopalne/FossilFuelResource.per.pow80695", "beginLifespanVersion": null, "localId": "FossilFuelResource.per.pow80695", "namespace": "http://inspire.pgi.gov.pl/so/mr/Midas.paliwaKopalne", "scalar": null, "scalar_uom": null, "dateOfDiscovery": null, "calorificValue": null, "quantity": null, "verticalExtent": null }, "geometry": { "type": "Polygon", "coordinates": [ [ [ 2073722.209713000105694, 6401281.180375999771059 ], [ 2074016.932867999887094, 6401275.695728999562562 ], [ 2074597.378592999884859, 6401517.737220999784768 ], [ 2075104.161565, 6401722.556339000351727 ], [ 2075730.723285, 6401992.402591000311077 ], [ 2076670.45612, 6402475.732842000201344 ], [ 2077168.060571, 6402708.183089000172913 ], [ 2077785.747851, 6402885.374665999785066 ], [ 2078228.42095, 6402951.12281300034374 ], [ 2078569.760657999897376, 6402951.869237000122666 ], [ 2078966.862456, 6402758.4423209996894 ], [ 2079207.236543, 6402509.169082 ], [ 2079410.678758, 6402269.070464000105858 ], [ 2079485.458373, 6401788.203061000443995 ], [ 2079496.191548, 6401048.245857000350952 ], [ 2079474.159443, 6400987.392245000228286 ], [ 2079321.938288, 6400566.935425999574363 ], [ 2078944.911874, 6400038.982075000181794 ], [ 2078319.250695, 6399371.792425000108778 ], [ 2077224.051179, 6398435.38608600012958 ], [ 2075383.985458, 6396840.696870000101626 ], [ 2075123.096782, 6396614.5417590001598 ], [ 2075078.464779, 6396679.116546000353992 ], [ 2075033.832242, 6396743.691586 ], [ 2074816.7088, 6396918.065011000260711 ], [ 2074555.011291, 6397012.139306000433862 ], [ 2074543.005303, 6397405.268635000102222 ], [ 2074306.916717, 6397429.40363600011915 ], [ 2074248.934279, 6397529.772598999552429 ], [ 2074032.527848, 6397680.537236999720335 ], [ 2073821.533641, 6397910.274895000271499 ], [ 2073787.786692, 6397987.918174999766052 ], [ 2073813.671048, 6398169.548786000348628 ], [ 2073732.867293, 6398245.826268999837339 ], [ 2073652.792779, 6398298.497523999772966 ], [ 2073542.346363000106066, 6398318.522428999654949 ], [ 2073386.304603, 6398290.350550999864936 ], [ 2073436.355944, 6398449.260324000380933 ], [ 2073586.649461, 6398666.287894000299275 ], [ 2073637.712878, 6398793.855933000333607 ], [ 2073631.939943, 6398982.331848000176251 ], [ 2073571.564912, 6399161.667777 ], [ 2073408.267798, 6399368.80787600018084 ], [ 2073379.927777, 6399525.454257999546826 ], [ 2073472.279724, 6399842.901714 ], [ 2073691.646221, 6400369.196986 ], [ 2073624.756918, 6400760.69091899972409 ], [ 2073650.345061, 6400950.510715999640524 ], [ 2073686.276683, 6401115.843999999575317 ], [ 2073722.209713000105694, 6401281.180375999771059 ] ] ] } },
{ "type": "Feature", "properties": { "gml_id": "FossilFuelResource.per.pow80696", "identifier": "http://inspire.pgi.gov.pl/so/mr/Midas.paliwaKopalne/FossilFuelResource.per.pow80696", "beginLifespanVersion": null, "localId": "FossilFuelResource.per.pow80696", "namespace": "http://inspire.pgi.gov.pl/so/mr/Midas.paliwaKopalne", "scalar": null, "scalar_uom": null, "dateOfDiscovery": null, "calorificValue": null, "quantity": null, "verticalExtent": null }, "geometry": { "type": "Polygon", "coordinates": [ [ [ 2072889.447504, 6514243.443485000170767 ], [ 2075406.911654, 6514374.248575 ], [ 2083612.259914, 6514795.248955000191927 ], [ 2083519.677284, 6514298.174598 ], [ 2083212.077242, 6513800.724446999840438 ], [ 2082589.545301999896765, 6511831.074484 ], [ 2082358.529865, 6510490.465218000113964 ], [ 2082358.428019, 6510360.625825 ], [ 2074683.295905, 6510378.026263000443578 ], [ 2074271.278307, 6510391.21926200017333 ], [ 2074058.689421, 6510919.585346999578178 ], [ 2073822.794834, 6511668.607754999771714 ], [ 2073794.303736, 6511818.476153999567032 ], [ 2073812.09330500010401, 6512118.447359000332654 ], [ 2073848.38088500010781, 6512484.095947000198066 ], [ 2073875.210951, 6512887.225741 ], [ 2073705.64564, 6513317.900863000191748 ], [ 2073443.120624, 6513570.197010999545455 ], [ 2073114.905608, 6513897.283691000193357 ], [ 2072889.447504, 6514243.443485000170767 ] ] ] } },
{ "type": "Feature", "properties": { "gml_id": "FossilFuelResource.per.pow80697", "identifier": "http://inspire.pgi.gov.pl/so/mr/Midas.paliwaKopalne/FossilFuelResource.per.pow80697", "beginLifespanVersion": null, "localId": "FossilFuelResource.per.pow80697", "namespace": "http://inspire.pgi.gov.pl/so/mr/Midas.paliwaKopalne", "scalar": null, "scalar_uom": null, "dateOfDiscovery": null, "calorificValue": null, "quantity": null, "verticalExtent": null }, "geometry": { "type": "Polygon", "coordinates": [ [ [ 2137267.097457, 6501413.727872 ], [ 2136922.106096, 6502903.306202 ], [ 2135771.886433000210673, 6507867.611987999640405 ], [ 2137708.602275, 6507238.464530999772251 ], [ 2138230.144597, 6506889.355193000286818 ], [ 2138723.301353000104427, 6506474.789982999674976 ], [ 2139196.812421999871731, 6505872.967872000299394 ], [ 2139305.19493000023067, 6505113.737727000378072 ], [ 2139915.655747000128031, 6503902.555913000367582 ], [ 2140433.926783999893814, 6502963.51473299972713 ], [ 2141184.830064999870956, 6501892.270344999618828 ], [ 2141379.310752000194043, 6501582.303876000456512 ], [ 2141971.511704000178725, 6500558.786019000224769 ], [ 2142389.542361999861896, 6499717.51066100038588 ], [ 2140732.356642, 6499795.965618999674916 ], [ 2141080.85652, 6500383.28233200032264 ], [ 2141084.256571, 6500493.209669999778271 ], [ 2140807.175071000121534, 6500583.74891799967736 ], [ 2140234.787727000191808, 6500453.016812999732792 ], [ 2139055.990987999830395, 6500882.02539400011301 ], [ 2138068.623536, 6501049.096056000329554 ], [ 2137708.980908, 6501178.387956 ], [ 2137573.226958000101149, 6501262.152545000426471 ], [ 2137267.097457, 6501413.727872 ] ] ] } },
{ "type": "Feature", "properties": { "gml_id": "FossilFuelResource.per.pow80698", "identifier": "http://inspire.pgi.gov.pl/so/mr/Midas.paliwaKopalne/FossilFuelResource.per.pow80698", "beginLifespanVersion": null, "localId": "FossilFuelResource.per.pow80698", "namespace": "http://inspire.pgi.gov.pl/so/mr/Midas.paliwaKopalne", "scalar": null, "scalar_uom": null, "dateOfDiscovery": null, "calorificValue": null, "quantity": null, "verticalExtent": null }, "geometry": { "type": "Polygon", "coordinates": [ [ [ 2099729.670041999779642, 6443907.649315999820828 ], [ 2098468.007758, 6443900.551819000393152 ], [ 2092346.32208, 6443863.392205 ], [ 2092462.586374, 6443959.556866000406444 ], [ 2092314.379773, 6444062.039456999860704 ], [ 2092139.340383, 6445170.195409 ], [ 2091905.55133, 6447631.367258000187576 ], [ 2092528.961549000116065, 6449023.925522999837995 ], [ 2092768.293177, 6449030.667475 ], [ 2093270.195139, 6449644.170694 ], [ 2094487.756538, 6449674.242922999896109 ], [ 2099252.778376, 6449915.36795200034976 ], [ 2099729.670041999779642, 6443907.649315999820828 ] ] ] } },
{ "type": "Feature", "properties": { "gml_id": "FossilFuelResource.progn.pow76720", "identifier": "http://inspire.pgi.gov.pl/so/mr/Midas.paliwaKopalne/FossilFuelResource.progn.pow76720", "beginLifespanVersion": null, "localId": "FossilFuelResource.progn.pow76720", "namespace": "http://inspire.pgi.gov.pl/so/mr/Midas.paliwaKopalne", "scalar": -22.1, "scalar_uom": "m", "dateOfDiscovery": null, "calorificValue": null, "quantity": null, "verticalExtent": null }, "geometry": { "type": "Polygon", "coordinates": [ [ [ 2101578.025506, 6792769.385374999605119 ], [ 2101683.218627000227571, 6792831.089629 ], [ 2101803.261539, 6792893.226975999772549 ], [ 2101923.306290000211447, 6792955.363176999613643 ], [ 2101954.074583999812603, 6792962.269930999726057 ], [ 2102009.129956, 6792958.323931000195444 ], [ 2102119.777018, 6792901.828045000322163 ], [ 2102161.931256, 6792869.135823000222445 ], [ 2102219.739263, 6792803.238316999748349 ], [ 2102260.161799999885261, 6792715.204525000415742 ], [ 2102316.625759, 6792561.015282000415027 ], [ 2102339.864965000189841, 6792415.359038 ], [ 2102347.593479999806732, 6792287.374010999687016 ], [ 2102352.205763, 6792011.073769999668002 ], [ 2102308.067387000191957, 6791770.656391999684274 ], [ 2102286.793804000131786, 6791677.766086 ], [ 2101760.496820999775082, 6791667.639492999762297 ], [ 2101234.201349, 6791657.478625999763608 ], [ 2101218.343026999849826, 6791701.517285999841988 ], [ 2101190.323836000170559, 6791764.391025999560952 ], [ 2101130.075177, 6791856.747914000414312 ], [ 2101066.576979999896139, 6791935.533886999823153 ], [ 2100825.240218, 6792200.635122000239789 ], [ 2100809.472748000174761, 6792244.775986 ], [ 2100804.771701000165194, 6792286.530076 ], [ 2100817.678849, 6792317.629882000386715 ], [ 2100837.194395000115037, 6792346.504166999831796 ], [ 2100863.396683999802917, 6792371.012067999690771 ], [ 2100951.0660640001297, 6792415.963305000215769 ], [ 2101102.425809000153095, 6792499.039320000447333 ], [ 2101472.833984000142664, 6792707.680057000368834 ], [ 2101578.025506, 6792769.385374999605119 ] ] ] } },
{ "type": "Feature", "properties": { "gml_id": "FossilFuelResource.progn.pow76841", "identifier": "http://inspire.pgi.gov.pl/so/mr/Midas.paliwaKopalne/FossilFuelResource.progn.pow76841", "beginLifespanVersion": null, "localId": "FossilFuelResource.progn.pow76841", "namespace": "http://inspire.pgi.gov.pl/so/mr/Midas.paliwaKopalne", "scalar": -27.5, "scalar_uom": "m", "dateOfDiscovery": null, "calorificValue": null, "quantity": null, "verticalExtent": null }, "geometry": { "type": "Polygon", "coordinates": [ [ [ 1713673.36064499989152, 6661448.952223000116646 ], [ 1713802.143712, 6661517.091501999646425 ], [ 1713948.876146000111476, 6661631.772258000448346 ], [ 1714017.761981, 6661678.031583 ], [ 1714086.648445, 6661724.290602999739349 ], [ 1714210.904954, 6661774.698181999847293 ], [ 1714605.410157, 6661848.040110999718308 ], [ 1714946.791478000115603, 6661921.657750000245869 ], [ 1715082.831229999894276, 6661948.563229000195861 ], [ 1715271.476578, 6662029.677326999604702 ], [ 1715393.640803, 6662100.054274000227451 ], [ 1715491.542609999887645, 6662186.11356099974364 ], [ 1715556.506813, 6662321.222450000233948 ], [ 1715581.642506999894977, 6662458.761829 ], [ 1715584.415526, 6662558.684306999668479 ], [ 1715653.56673499988392, 6662649.366181000135839 ], [ 1715735.870877, 6662717.745976 ], [ 1715893.341767, 6662763.488509000279009 ], [ 1716044.008959, 6662778.184856999665499 ], [ 1716229.788804, 6662739.384351000189781 ], [ 1716336.026659, 6662729.894220000132918 ], [ 1716489.057659, 6662773.429275999777019 ], [ 1716688.836663, 6662869.812505000270903 ], [ 1716855.509511, 6662962.323869000189006 ], [ 1716983.134446, 6663004.639082999899983 ], [ 1717056.143953, 6662995.34718899987638 ], [ 1717133.369048, 6662946.030430000275373 ], [ 1717192.767926, 6662879.062411 ], [ 1717223.06097, 6662756.731867999769747 ], [ 1717251.086423, 6662625.531341000460088 ], [ 1717228.281676, 6662510.176755 ], [ 1717170.199997, 6662365.865797 ], [ 1717096.517750000115484, 6662257.472872000187635 ], [ 1717018.519006, 6662171.316960000433028 ], [ 1716871.606768, 6662034.474095 ], [ 1716791.359194, 6661941.668116999790072 ], [ 1716730.782488999888301, 6661802.107959000393748 ], [ 1716667.498172, 6661575.963817999698222 ], [ 1716617.275796, 6661312.011470999568701 ], [ 1716558.630548000102863, 6661121.3865240002051 ], [ 1716509.109706, 6660979.554430999793112 ], [ 1716415.618522, 6660816.551256 ], [ 1716283.838246, 6660610.808298000134528 ], [ 1716212.996109, 6660540.501222999766469 ], [ 1716070.677879, 6660428.087926000356674 ], [ 1715992.317277, 6660408.514236999675632 ], [ 1715957.628854, 6660399.859795000404119 ], [ 1715804.840536, 6660394.06059299968183 ], [ 1715568.081455, 6660410.936181999742985 ], [ 1715424.312473, 6660433.931498000398278 ], [ 1715364.497781000100076, 6660425.39901200029999 ], [ 1715233.561427, 6660366.17208 ], [ 1715166.811402, 6660287.575910000130534 ], [ 1715128.736237, 6660207.862172000110149 ], [ 1715108.023284999886528, 6660063.656916 ], [ 1715138.80986, 6659626.115031000226736 ], [ 1715129.322278, 6659517.95885800011456 ], [ 1715108.991181, 6659442.578834 ], [ 1715086.495129, 6659376.108705 ], [ 1715035.126270999899134, 6659294.256753000430763 ], [ 1714986.121463, 6659237.918019000440836 ], [ 1714937.117334, 6659181.579238000325859 ], [ 1714788.785159, 6659054.420188999734819 ], [ 1714644.46766, 6658973.080860000103712 ], [ 1714540.973696, 6658944.034962999634445 ], [ 1714437.480671, 6658914.987726000137627 ], [ 1714380.680582, 6658899.03787500038743 ], [ 1714079.55881, 6658878.490554000250995 ], [ 1713623.719082, 6658896.476168000139296 ], [ 1713311.01624, 6658950.747751999646425 ], [ 1712873.339727000100538, 6659055.184701999649405 ], [ 1712440.260870999889448, 6659197.30468500033021 ], [ 1711445.078197, 6659592.187494999729097 ], [ 1711131.304289000108838, 6659698.126375 ], [ 1710868.247445000102744, 6659768.272082 ], [ 1710662.743885, 6659840.342420999892056 ], [ 1710501.490741, 6659907.762714999727905 ], [ 1710398.276915, 6660010.388280999846756 ], [ 1710380.758878, 6660034.597594999708235 ], [ 1710349.916281, 6660077.228546 ], [ 1710350.519787, 6660199.340343000367284 ], [ 1710377.914256, 6660367.937529999762774 ], [ 1710354.435363, 6660543.453001 ], [ 1710298.073119, 6660787.97790199983865 ], [ 1710211.711023, 6661011.648395 ], [ 1710111.384674, 6661316.350870000198483 ], [ 1710110.075189, 6661500.675963000394404 ], [ 1710142.150361, 6661720.343888999894261 ], [ 1710213.799466, 6661882.106882000342011 ], [ 1710318.877268, 6662090.33305099979043 ], [ 1710456.598391, 6662272.529907999560237 ], [ 1710645.714499, 6662455.9095 ], [ 1710814.561674, 6662568.327731999568641 ], [ 1710929.910151, 6662607.728993999771774 ], [ 1711073.758712, 6662593.675477 ], [ 1711190.741258, 6662517.577823 ], [ 1711318.658369, 6662416.990710999816656 ], [ 1711400.102232, 6662323.303233000449836 ], [ 1711459.288719, 6662203.076232000254095 ], [ 1711489.394043, 6662027.472348 ], [ 1711486.47942, 6661889.814240000210702 ], [ 1711481.627964, 6661806.958217999897897 ], [ 1711401.873002, 6661358.797860000282526 ], [ 1711367.775585, 6661183.555401000194252 ], [ 1711364.660637999884784, 6661005.937982999719679 ], [ 1711407.698993, 6660763.68802999984473 ], [ 1711482.09104, 6660590.125474999658763 ], [ 1711520.18152100010775, 6660541.603247 ], [ 1711592.671063000103459, 6660430.215811000205576 ], [ 1711671.968014, 6660354.324186 ], [ 1711751.461112, 6660313.944958999752998 ], [ 1711950.505238, 6660277.405809000134468 ], [ 1711999.173648, 6660272.713091 ], [ 1712189.735418, 6660309.459920999594033 ], [ 1712418.313418, 6660419.284528000280261 ], [ 1712653.924426, 6660602.333395999856293 ], [ 1712958.757458, 6660896.051419000141323 ], [ 1713183.519327, 6661116.891060000285506 ], [ 1713352.562267, 6661264.771022000350058 ], [ 1713544.579926, 6661380.811548000201583 ], [ 1713673.36064499989152, 6661448.952223000116646 ] ] ] } },
{ "type": "Feature", "properties": { "gml_id": "FossilFuelResource.per.pow79596", "identifier": "http://inspire.pgi.gov.pl/so/mr/Midas.paliwaKopalne/FossilFuelResource.per.pow79596", "beginLifespanVersion": null, "localId": "FossilFuelResource.per.pow79596", "namespace": "http://inspire.pgi.gov.pl/so/mr/Midas.paliwaKopalne", "scalar": -1100.0, "scalar_uom": "m", "dateOfDiscovery": null, "calorificValue": null, "quantity": null, "verticalExtent": null }, "geometry": { "type": "Polygon", "coordinates": [ [ [ 2070931.661822, 6433916.020092000253499 ], [ 2071172.874752, 6433989.980742 ], [ 2071414.09213, 6434063.935058999806643 ], [ 2071706.959722, 6434162.380946000106633 ], [ 2071872.361375, 6434215.160354999825358 ], [ 2072100.557811, 6434275.438255 ], [ 2072106.227468, 6434250.707472999580204 ], [ 2071781.81461, 6433797.452242 ], [ 2070517.688244, 6432030.916999000124633 ], [ 2070517.650931, 6432032.446580000221729 ], [ 2070517.212092, 6432050.466582999564707 ], [ 2070517.130119, 6432463.480069999583066 ], [ 2070582.678036999888718, 6432803.011438 ], [ 2070675.679613, 6433170.716741000302136 ], [ 2070836.418579, 6433687.735100000165403 ], [ 2069656.17204, 6433351.163596999831498 ], [ 2069771.406721, 6433522.509740999899805 ], [ 2070390.872687, 6433712.389916 ], [ 2070931.661822, 6433916.020092000253499 ] ] ] } },
{ "type": "Feature", "properties": { "gml_id": "FossilFuelResource.progn.pow80433", "identifier": "http://inspire.pgi.gov.pl/so/mr/Midas.paliwaKopalne/FossilFuelResource.progn.pow80433", "beginLifespanVersion": null, "localId": "FossilFuelResource.progn.pow80433", "namespace": "http://inspire.pgi.gov.pl/so/mr/Midas.paliwaKopalne", "scalar": -1000.0, "scalar_uom": "m", "dateOfDiscovery": null, "calorificValue": null, "quantity": null, "verticalExtent": null }, "geometry": { "type": "Polygon", "coordinates": [ [ [ 2141322.286063999868929, 6482778.680096000432968 ], [ 2141947.025545, 6482949.882859 ], [ 2142088.923223, 6482537.177543999627233 ], [ 2142694.405555999837816, 6483084.216640000231564 ], [ 2143405.604944999795407, 6483957.420032000169158 ], [ 2144481.831085000187159, 6484798.545040000230074 ], [ 2144951.692631000187248, 6485165.684899999760091 ], [ 2145454.345634, 6485349.070166000165045 ], [ 2146806.997605000156909, 6485842.413956999778748 ], [ 2146807.004170999862254, 6485842.416437 ], [ 2146807.00588, 6485842.414238000288606 ], [ 2146807.007139000110328, 6485842.416737999767065 ], [ 2146807.006829, 6485842.417365999892354 ], [ 2146807.005891, 6485842.417055999860168 ], [ 2146763.899822, 6486047.542616000398993 ], [ 2146763.9015410002321, 6486047.543235000222921 ], [ 2146967.015238, 6486119.726901000365615 ], [ 2147389.333116, 6486278.169363000430167 ], [ 2149585.652431999798864, 6487059.504981 ], [ 2149820.871042000129819, 6487146.261072999797761 ], [ 2149820.873544, 6487146.262001999653876 ], [ 2150244.583116, 6485343.160848 ], [ 2150694.868594999890774, 6484476.150387999601662 ], [ 2150832.662738, 6484210.809169 ], [ 2151719.883398000150919, 6483296.552102000452578 ], [ 2152839.118811000138521, 6482459.464850000105798 ], [ 2153784.230709, 6481732.652011999860406 ], [ 2154091.935935, 6480123.475832000374794 ], [ 2154471.180104999803007, 6477547.170323999598622 ], [ 2154285.409606, 6477624.235037 ], [ 2154501.057966, 6476174.848507000133395 ], [ 2154518.372196999844164, 6476058.467729000374675 ], [ 2151334.133781, 6475110.427772999741137 ], [ 2150678.857592000160366, 6474958.130799000151455 ], [ 2148548.128188, 6474462.536066999658942 ], [ 2147866.563856999855489, 6474303.88638 ], [ 2147280.549699999857694, 6472952.156797000207007 ], [ 2146864.940140999853611, 6472925.712047999724746 ], [ 2146449.333012000191957, 6472899.246682999655604 ], [ 2144932.262626000214368, 6472802.463472999632359 ], [ 2143390.975972, 6472751.789963999763131 ], [ 2143415.226848000194877, 6472705.403494000434875 ], [ 2143128.754310000222176, 6473050.855980000458658 ], [ 2142693.230033, 6473545.938074000179768 ], [ 2142339.377385000232607, 6473951.651436000131071 ], [ 2141627.855367000214756, 6475118.491845999844372 ], [ 2141132.453461000230163, 6476169.735531999729574 ], [ 2140681.482758, 6476628.397711999714375 ], [ 2140537.025009000208229, 6476775.308427000418305 ], [ 2140069.366785, 6477250.872595 ], [ 2139430.200299, 6477927.972404000349343 ], [ 2139308.297615, 6478097.358174 ], [ 2138224.265333999879658, 6479603.406748999841511 ], [ 2138056.291741, 6480238.957031999714673 ], [ 2137891.608452000189573, 6481841.681149000301957 ], [ 2139915.375784, 6482392.946600000374019 ], [ 2141322.286063999868929, 6482778.680096000432968 ] ] ] } },
{ "type": "Feature", "properties": { "gml_id": "FossilFuelResource.progn.pow78913", "identifier": "http://inspire.pgi.gov.pl/so/mr/Midas.paliwaKopalne/FossilFuelResource.progn.pow78913", "beginLifespanVersion": null, "localId": "FossilFuelResource.progn.pow78913", "namespace": "http://inspire.pgi.gov.pl/so/mr/Midas.paliwaKopalne", "scalar": -58.1, "scalar_uom": "m", "dateOfDiscovery": null, "calorificValue": null, "quantity": null, "verticalExtent": null }, "geometry": { "type": "Polygon", "coordinates": [ [ [ 1661854.952767, 6883414.702424 ], [ 1662306.824193, 6883161.995740000158548 ], [ 1662587.012089, 6883004.043495999649167 ], [ 1663044.754691, 6882759.213835 ], [ 1663896.830815, 6882546.315178000368178 ], [ 1663629.792333000106737, 6881027.53598800022155 ], [ 1663315.336216, 6879793.656717999838293 ], [ 1663702.498466, 6878758.166817000135779 ], [ 1663363.439366, 6878797.428852999582887 ], [ 1663016.464285, 6878884.122836999595165 ], [ 1662740.414121, 6878994.575884000398219 ], [ 1662480.082768, 6879144.564193 ], [ 1662338.054565999889746, 6879255.128348000347614 ], [ 1662196.022333, 6879365.691355999559164 ], [ 1662022.360229, 6879563.193719999864697 ], [ 1661572.109189, 6880361.411760999821126 ], [ 1661469.246608, 6880685.534329 ], [ 1661350.601433, 6881033.368135999888182 ], [ 1661295.162201, 6881254.752650000154972 ], [ 1661224.004282, 6881412.851796999573708 ], [ 1661097.608265, 6881610.451023999601603 ], [ 1660979.124785, 6881768.503358 ], [ 1660631.654272, 6882155.66168 ], [ 1660331.512795000104234, 6882495.43802999984473 ], [ 1660126.056808, 6882811.594193999655545 ], [ 1660054.804687000112608, 6883017.190353999845684 ], [ 1660046.631087, 6883262.400600000284612 ], [ 1660101.55653, 6883507.694837000221014 ], [ 1660195.95916, 6883721.422050000168383 ], [ 1660353.576581999892369, 6883871.91886099986732 ], [ 1660534.940432, 6883943.321163999848068 ], [ 1660747.965119, 6883927.753500999882817 ], [ 1660968.917684, 6883880.534151 ], [ 1661339.911095000104979, 6883698.970623999834061 ], [ 1661683.276227, 6883509.461089000105858 ], [ 1661854.952767, 6883414.702424 ] ] ] } },
{ "type": "Feature", "properties": { "gml_id": "FossilFuelResource.progn.pow20334", "identifier": "http://inspire.pgi.gov.pl/so/mr/Midas.paliwaKopalne/FossilFuelResource.progn.pow20334", "beginLifespanVersion": null, "localId": "FossilFuelResource.progn.pow20334", "namespace": "http://inspire.pgi.gov.pl/so/mr/Midas.paliwaKopalne", "scalar": -750.0, "scalar_uom": "m", "dateOfDiscovery": null, "calorificValue": null, "quantity": null, "verticalExtent": null }, "geometry": { "type": "Polygon", "coordinates": [ [ [ 2080820.584414, 6487586.670372 ], [ 2081365.738225, 6488238.472717000171542 ], [ 2085613.437356, 6484905.078506999649107 ], [ 2082541.264342, 6479830.747457999736071 ], [ 2081073.984394, 6479012.424928000196815 ], [ 2079944.393829, 6478365.481603999622166 ], [ 2075960.016255, 6483175.749223999679089 ], [ 2076032.8088, 6483206.052619 ], [ 2076559.905742, 6483380.01868399977684 ], [ 2077135.091373, 6483477.167015999555588 ], [ 2077250.585159, 6483496.902664000168443 ], [ 2077723.920519, 6483554.416783000342548 ], [ 2078104.318674, 6483610.685402000322938 ], [ 2078383.089596, 6483618.999234000220895 ], [ 2078736.034995999885723, 6483642.253859999589622 ], [ 2079009.738406, 6483683.106344999745488 ], [ 2079241.558831, 6483728.067063 ], [ 2079440.550597, 6483795.900748999789357 ], [ 2079588.064777000108734, 6483891.029721999540925 ], [ 2079739.331545, 6484056.121140999719501 ], [ 2079879.275316, 6484379.547341000288725 ], [ 2079925.19722, 6484785.676726999692619 ], [ 2079967.730887, 6485093.887273999862373 ], [ 2080067.528970000101253, 6485649.925737 ], [ 2080177.65201500011608, 6486126.874989000149071 ], [ 2080306.383169, 6486604.089087000116706 ], [ 2080565.067306, 6487101.646905000321567 ], [ 2080820.584414, 6487586.670372 ] ] ] } },
{ "type": "Feature", "properties": { "gml_id": "FossilFuelResource.progn.pow78917", "identifier": "http://inspire.pgi.gov.pl/so/mr/Midas.paliwaKopalne/FossilFuelResource.progn.pow78917", "beginLifespanVersion": null, "localId": "FossilFuelResource.progn.pow78917", "namespace": "http://inspire.pgi.gov.pl/so/mr/Midas.paliwaKopalne", "scalar": -58.1, "scalar_uom": "m", "dateOfDiscovery": null, "calorificValue": null, "quantity": null, "verticalExtent": null }, "geometry": { "type": "Polygon", "coordinates": [ [ [ 1666822.537363, 6861887.45168299973011 ], [ 1666543.865264, 6861887.343190999701619 ], [ 1666342.587824, 6861941.587983 ], [ 1666149.012192, 6862042.416412999853492 ], [ 1665994.119814, 6862189.845548000186682 ], [ 1665839.172257999889553, 6862438.177090000361204 ], [ 1665715.165787, 6862725.355748999863863 ], [ 1665660.840375, 6863004.816696999594569 ], [ 1665614.229856, 6863299.815959 ], [ 1665559.713196, 6863897.629940000362694 ], [ 1665536.034093, 6864775.053547999821603 ], [ 1665504.737077, 6865372.988111999817193 ], [ 1665442.544799, 6865800.101226000115275 ], [ 1665372.565358999883756, 6866320.417715 ], [ 1665248.311459, 6866910.647021000273526 ], [ 1665124.07994, 6867431.001606999896467 ], [ 1664922.346853000111878, 6867966.875014999881387 ], [ 1664728.374136, 6868440.642947999760509 ], [ 1669121.011839, 6868481.074907000176609 ], [ 1669144.346411, 6867385.74123299960047 ], [ 1669097.922935, 6866717.727992 ], [ 1668966.349708, 6865762.402483999729156 ], [ 1668741.880568, 6864869.304622 ], [ 1668424.552852999884635, 6863875.344886000268161 ], [ 1668131.618278, 6863074.853323999792337 ], [ 1668060.863026, 6862881.484515000134706 ], [ 1668000.621352, 6862728.586122999899089 ], [ 1667837.107031, 6862414.18953900039196 ], [ 1667725.133849, 6862238.655213000252843 ], [ 1667707.04117100010626, 6862219.655812 ], [ 1667627.519286, 6862136.107988 ], [ 1667441.781728, 6862004.094393 ], [ 1667147.647389, 6861926.37232800014317 ], [ 1666822.537363, 6861887.45168299973011 ] ] ] } },
{ "type": "Feature", "properties": { "gml_id": "FossilFuelResource.progn.pow78916", "identifier": "http://inspire.pgi.gov.pl/so/mr/Midas.paliwaKopalne/FossilFuelResource.progn.pow78916", "beginLifespanVersion": null, "localId": "FossilFuelResource.progn.pow78916", "namespace": "http://inspire.pgi.gov.pl/so/mr/Midas.paliwaKopalne", "scalar": -58.1, "scalar_uom": "m", "dateOfDiscovery": null, "calorificValue": null, "quantity": null, "verticalExtent": null }, "geometry": { "type": "Polygon", "coordinates": [ [ [ 1674336.029896, 6873656.296771000139415 ], [ 1674084.275409, 6873672.012597999535501 ], [ 1673705.083969, 6873687.799825999885798 ], [ 1673627.377204, 6873697.183926000259817 ], [ 1673245.068031, 6873694.24108299985528 ], [ 1672859.631414, 6873681.93435399979353 ], [ 1672638.953318, 6873703.824195999652147 ], [ 1672517.746407999889925, 6873744.385204999707639 ], [ 1672203.863622, 6873931.505587000399828 ], [ 1671917.958473, 6874134.189554999582469 ], [ 1671740.809828, 6874293.221353 ], [ 1671653.817225999897346, 6874433.504121 ], [ 1671607.217852, 6874604.971680999733508 ], [ 1671619.684696, 6874757.716935999691486 ], [ 1671678.779305, 6874854.349105999805033 ], [ 1671778.291255, 6874985.24902500025928 ], [ 1671964.840952999889851, 6875119.259571 ], [ 1672313.067941, 6875259.435141 ], [ 1672571.1429, 6875343.537309999577701 ], [ 1673846.040722, 6875866.753349999897182 ], [ 1674029.50388, 6875907.205543999560177 ], [ 1674247.164059, 6875947.618297000415623 ], [ 1674387.095092, 6875991.186702 ], [ 1674586.138574, 6876084.598252000287175 ], [ 1674713.63498, 6876121.935983000323176 ], [ 1674838.00039, 6876121.859116000123322 ], [ 1675049.410445, 6876096.791780999861658 ], [ 1675195.513785, 6876062.397146999835968 ], [ 1675369.583296, 6876012.381791999563575 ], [ 1675512.551638, 6875921.87128399964422 ], [ 1675630.609088, 6875800.196734 ], [ 1675680.208370999898762, 6875609.980618 ], [ 1675667.645181, 6875432.279012000188231 ], [ 1675611.612165, 6875320.086051000282168 ], [ 1675487.182309, 6875211.058910000137985 ], [ 1675151.32317, 6875052.300591999664903 ], [ 1675079.801224, 6875030.518651000224054 ], [ 1674986.535631, 6875030.579392000101507 ], [ 1674883.935293, 6875015.064379000104964 ], [ 1674781.320063, 6874974.602924999780953 ], [ 1674572.932692, 6874806.380628 ], [ 1674492.055581, 6874697.319036999717355 ], [ 1674460.903485, 6874603.82572599966079 ], [ 1674473.307452, 6874525.887512000277638 ], [ 1674526.108947, 6874463.506059000268579 ], [ 1674650.430161, 6874432.256814000196755 ], [ 1674787.200122, 6874429.057281999848783 ], [ 1674868.038084999890998, 6874447.718458999879658 ], [ 1674917.779272, 6874466.382228 ], [ 1674970.633287, 6874466.348520999774337 ], [ 1675014.120407, 6874425.797628999687731 ], [ 1675057.570676, 6874304.201961000449955 ], [ 1675057.507853, 6874207.56286200042814 ], [ 1675020.115086, 6874082.907545000314713 ], [ 1674945.437279, 6873945.814996999688447 ], [ 1674836.58641, 6873852.364635 ], [ 1674681.102699, 6873755.843066000379622 ], [ 1674494.570219000102952, 6873674.899299000389874 ], [ 1674336.029896, 6873656.296771000139415 ] ] ] } },
{ "type": "Feature", "properties": { "gml_id": "FossilFuelResource.per.pow20371", "identifier": "http://inspire.pgi.gov.pl/so/mr/Midas.paliwaKopalne/FossilFuelResource.per.pow20371", "beginLifespanVersion": null, "localId": "FossilFuelResource.per.pow20371", "namespace": "http://inspire.pgi.gov.pl/so/mr/Midas.paliwaKopalne", "scalar": -1000.0, "scalar_uom": "m", "dateOfDiscovery": null, "calorificValue": null, "quantity": null, "verticalExtent": null }, "geometry": { "type": "Polygon", "coordinates": [ [ [ 2128150.556779, 6442411.377072 ], [ 2130038.146762, 6441499.350598 ], [ 2130218.758096000179648, 6441420.886346000246704 ], [ 2132166.374626, 6440574.471288000233471 ], [ 2132175.598764, 6440573.132255 ], [ 2134360.971063000150025, 6440255.595627999864519 ], [ 2134792.491682, 6440192.825762 ], [ 2138276.886761, 6439676.664682 ], [ 2141969.450137999840081, 6438899.054201000370085 ], [ 2142707.531581, 6438707.779904000461102 ], [ 2143235.162893, 6438655.484430000185966 ], [ 2143172.915349000133574, 6438611.635688000358641 ], [ 2143159.630245000123978, 6438602.277299 ], [ 2143035.300850000232458, 6438526.079862999729812 ], [ 2143819.669947000220418, 6438325.988746999762952 ], [ 2145006.46878599980846, 6438033.298678999766707 ], [ 2145939.754031000193208, 6437800.408908000215888 ], [ 2145519.153885, 6437376.090332999825478 ], [ 2144944.037562, 6436954.724119000136852 ], [ 2144193.0107, 6436529.048388999886811 ], [ 2143520.969244999811053, 6436205.326628999784589 ], [ 2142728.638038999866694, 6435904.998196000233293 ], [ 2141816.086015, 6435665.169398000463843 ], [ 2141033.417229999788105, 6435545.753154000267386 ], [ 2140209.283295, 6435547.04230699967593 ], [ 2139269.509570000227541, 6435627.342577000148594 ], [ 2138079.705990000162274, 6435717.141699000261724 ], [ 2137107.428698999807239, 6435750.809599 ], [ 2136074.872173000127077, 6435705.494218000210822 ], [ 2135771.367579999845475, 6435655.343236999586225 ], [ 2135278.373507999815047, 6435566.977680999785662 ], [ 2134574.472204000223428, 6435395.810185000300407 ], [ 2133703.879584, 6435159.712378 ], [ 2132819.444098, 6434918.896044 ], [ 2132046.160214, 6434664.006682000122964 ], [ 2131136.924294999800622, 6434310.319752999581397 ], [ 2130129.336598, 6433954.545215000398457 ], [ 2130108.603813999798149, 6433945.083065999671817 ], [ 2128062.176564999856055, 6433919.725333999842405 ], [ 2128047.835343999788165, 6433919.312583999708295 ], [ 2126634.842286, 6434833.448041000403464 ], [ 2126663.308528999798, 6435472.571848000399768 ], [ 2126659.30713, 6436413.375958999618888 ], [ 2126647.569482, 6439172.540745999664068 ], [ 2125987.538478, 6439171.922213000245392 ], [ 2124321.456652, 6439169.924019999802113 ], [ 2125006.554556, 6439756.451120000332594 ], [ 2128150.556779, 6442411.377072 ] ] ] } },
{ "type": "Feature", "properties": { "gml_id": "FossilFuelResource.per.pow82175", "identifier": "http://inspire.pgi.gov.pl/so/mr/Midas.paliwaKopalne/FossilFuelResource.per.pow82175", "beginLifespanVersion": null, "localId": "FossilFuelResource.per.pow82175", "namespace": "http://inspire.pgi.gov.pl/so/mr/Midas.paliwaKopalne", "scalar": -1300.0, "scalar_uom": "m", "dateOfDiscovery": null, "calorificValue": null, "quantity": null, "verticalExtent": null }, "geometry": { "type": "Polygon", "coordinates": [ [ [ 2132692.29593, 6476392.387381999753416 ], [ 2132444.950420000124723, 6476941.677949000149965 ], [ 2132439.933714, 6476941.518957000225782 ], [ 2132768.396044, 6476975.051512000150979 ], [ 2133003.768896999768913, 6476989.307567999698222 ], [ 2133635.347455, 6477007.714325999841094 ], [ 2133827.57277, 6477013.306981000117958 ], [ 2134753.336744000203907, 6476998.811153000220656 ], [ 2135846.680288, 6476991.733800999820232 ], [ 2136865.635724000167102, 6476989.991349999792874 ], [ 2137893.946196999866515, 6476992.685782000422478 ], [ 2138073.504188000224531, 6477001.442773999646306 ], [ 2138829.677548000123352, 6477038.278369000181556 ], [ 2139116.068498, 6477032.33969600033015 ], [ 2139806.556975, 6477017.980782000347972 ], [ 2140305.125498999841511, 6477039.205596 ], [ 2140672.410774, 6477054.822168 ], [ 2140756.59176200022921, 6477058.990214000456035 ], [ 2141515.063661000225693, 6477096.505785999819636 ], [ 2142064.841686999890953, 6477160.157267999835312 ], [ 2142633.507346999831498, 6477246.882651000283659 ], [ 2143048.328980000223964, 6477307.372030000202358 ], [ 2143374.814110000152141, 6477373.542573000304401 ], [ 2143677.787090000230819, 6477020.048004999756813 ], [ 2143878.607634, 6476686.422763999551535 ], [ 2144210.98031899984926, 6476463.222788999788463 ], [ 2144613.883216000162065, 6476304.493474000133574 ], [ 2145073.697703000158072, 6476238.375385999679565 ], [ 2145605.681729999836534, 6476202.356687 ], [ 2145659.436499, 6476198.715161999687552 ], [ 2146423.001569, 6476245.507811999879777 ], [ 2147376.620802000164986, 6476233.930006000213325 ], [ 2148178.097147, 6476336.083301999606192 ], [ 2148783.696798, 6476398.596492 ], [ 2149331.24408, 6476489.217581000179052 ], [ 2148975.22069300012663, 6475926.477370000444353 ], [ 2148322.243721, 6475270.358016000129282 ], [ 2147566.819883000105619, 6474525.860085999593139 ], [ 2147426.779945, 6474409.308021999895573 ], [ 2146471.611163000110537, 6473614.235526000149548 ], [ 2145791.097829999867827, 6472953.496688 ], [ 2145064.16898, 6472283.525442999787629 ], [ 2144472.406151, 6471711.190844000317156 ], [ 2143903.918306999839842, 6471110.831348 ], [ 2143502.998013, 6470566.102821 ], [ 2143477.424238, 6470526.445562999695539 ], [ 2143408.855289, 6470420.114027 ], [ 2143106.648718, 6469951.451945000328124 ], [ 2142705.540081, 6469243.603504999540746 ], [ 2142383.553847999777645, 6468554.299150000326335 ], [ 2142038.227508999872953, 6467776.524740999564528 ], [ 2141651.020943, 6466928.974428 ], [ 2141324.533952999860048, 6466221.187184000387788 ], [ 2141136.499567000195384, 6465767.424162999726832 ], [ 2141092.23006, 6465660.589107000268996 ], [ 2141007.07228699978441, 6465455.074523 ], [ 2140668.300751000177115, 6465555.482215999625623 ], [ 2139075.561547, 6466026.718918000347912 ], [ 2139013.40032, 6468874.038607999682426 ], [ 2139009.615129, 6469132.25885699968785 ], [ 2139006.120974999852479, 6469296.776546999812126 ], [ 2139225.533899, 6469875.894860999658704 ], [ 2135786.836302, 6470852.854078000411391 ], [ 2135205.009466, 6471571.552685 ], [ 2135506.200772999785841, 6471866.702332000248134 ], [ 2134007.600956, 6473449.352238000370562 ], [ 2133612.507197, 6474188.269744000397623 ], [ 2132788.042423999868333, 6476384.05600699968636 ], [ 2132692.29593, 6476392.387381999753416 ] ] ] } },
{ "type": "Feature", "properties": { "gml_id": "FossilFuelResource.per.pow82296", "identifier": "http://inspire.pgi.gov.pl/so/mr/Midas.paliwaKopalne/FossilFuelResource.per.pow82296", "beginLifespanVersion": null, "localId": "FossilFuelResource.per.pow82296", "namespace": "http://inspire.pgi.gov.pl/so/mr/Midas.paliwaKopalne", "scalar": -1200.0, "scalar_uom": "m", "dateOfDiscovery": null, "calorificValue": null, "quantity": null, "verticalExtent": null }, "geometry": { "type": "Polygon", "coordinates": [ [ [ 2079918.62751, 6478396.603906 ], [ 2079944.393829, 6478365.481603999622166 ], [ 2074305.094155, 6475132.670431000180542 ], [ 2072899.882116, 6474425.562986999750137 ], [ 2072859.396055, 6474425.54562299977988 ], [ 2074966.859283, 6475601.789206 ], [ 2078972.426911, 6477835.468748000450432 ], [ 2079918.62751, 6478396.603906 ] ] ] } },
{ "type": "Feature", "properties": { "gml_id": "FossilFuelResource.per.pow76730", "identifier": "http://inspire.pgi.gov.pl/so/mr/Midas.paliwaKopalne/FossilFuelResource.per.pow76730", "beginLifespanVersion": null, "localId": "FossilFuelResource.per.pow76730", "namespace": "http://inspire.pgi.gov.pl/so/mr/Midas.paliwaKopalne", "scalar": -57.9, "scalar_uom": "m", "dateOfDiscovery": null, "calorificValue": null, "quantity": null, "verticalExtent": null }, "geometry": { "type": "Polygon", "coordinates": [ [ [ 2006169.554417, 6810175.967477000318468 ], [ 2006487.905325, 6810128.38160299975425 ], [ 2007328.92475, 6809941.035468 ], [ 2007747.766741999890655, 6809760.599689999595284 ], [ 2008115.894711, 6809508.728028999641538 ], [ 2008326.671495, 6809257.367902999743819 ], [ 2008468.245983, 6809006.63357700034976 ], [ 2008527.958618, 6808728.29959 ], [ 2008531.834558, 6808419.983341 ], [ 2008512.582489, 6808128.047066999599338 ], [ 2008570.880344, 6807884.358476 ], [ 2008680.95729, 6807642.774046 ], [ 2008821.137061000103131, 6807553.19078900013119 ], [ 2008961.313585999887437, 6807463.605890999548137 ], [ 2009782.735674999887124, 6807282.201941000297666 ], [ 2010447.073711, 6807180.961729000322521 ], [ 2010761.147634, 6807107.071000000461936 ], [ 2011022.80823599989526, 6806961.738653000444174 ], [ 2011199.463012, 6806695.124533000402153 ], [ 2011287.331185, 6806487.309177 ], [ 2011273.283241, 6806407.043503999710083 ], [ 2011192.83827, 6806344.879921999759972 ], [ 2010868.645008, 6806241.636835999786854 ], [ 2010617.552852999884635, 6806297.304898999631405 ], [ 2010134.414761, 6806364.314634 ], [ 2009340.787301, 6806501.817842000164092 ], [ 2008687.160965, 6806766.259315 ], [ 2008136.697702, 6807170.008769 ], [ 2007805.977586, 6807482.252351 ], [ 2007605.951286, 6807810.244829 ], [ 2007553.383477, 6808081.885770999826491 ], [ 2007563.610575, 6808276.400146 ], [ 2007573.838128, 6808470.918991999700665 ], [ 2007696.602404, 6808767.109127 ], [ 2007746.681467, 6808980.593725999817252 ], [ 2007710.683459, 6809100.437396000139415 ], [ 2007618.751426, 6809235.339933999814093 ], [ 2007507.939699, 6809324.391483999788761 ], [ 2007308.084955, 6809392.46115200035274 ], [ 2006678.076165, 6809325.014743999578059 ], [ 2005931.363694, 6809110.582574999891222 ], [ 2005435.831486, 6808968.852261999621987 ], [ 2005038.762616, 6808955.939938000403345 ], [ 2004632.288847000105307, 6809171.407530999742448 ], [ 2004352.11738, 6809509.92695099953562 ], [ 2004272.683797, 6809759.71100000012666 ], [ 2004330.578397, 6809949.301408000290394 ], [ 2004434.20551, 6810120.003034999594092 ], [ 2004585.719518, 6810219.868270000442863 ], [ 2004840.176563, 6810254.648951999843121 ], [ 2005447.902943, 6810276.25935 ], [ 2005851.199875, 6810223.540871 ], [ 2006169.554417, 6810175.967477000318468 ] ] ] } },
{ "type": "Feature", "properties": { "gml_id": "FossilFuelResource.per.pow76732", "identifier": "http://inspire.pgi.gov.pl/so/mr/Midas.paliwaKopalne/FossilFuelResource.per.pow76732", "beginLifespanVersion": null, "localId": "FossilFuelResource.per.pow76732", "namespace": "http://inspire.pgi.gov.pl/so/mr/Midas.paliwaKopalne", "scalar": -57.9, "scalar_uom": "m", "dateOfDiscovery": null, "calorificValue": null, "quantity": null, "verticalExtent": null }, "geometry": { "type": "Polygon", "coordinates": [ [ [ 2002356.48245, 6805864.393747 ], [ 2002495.725636, 6805753.80927 ], [ 2002660.889094, 6805637.794348999857903 ], [ 2002777.66256, 6805510.665469000115991 ], [ 2002895.328775, 6805405.345272 ], [ 2003023.699027, 6805242.782009 ], [ 2003090.158884, 6805163.60273400042206 ], [ 2003156.617604, 6805084.423673000186682 ], [ 2003311.249383, 6804925.151647999882698 ], [ 2003548.149854, 6804652.265003999695182 ], [ 2003769.041198, 6804488.590455000288785 ], [ 2003844.775117, 6804453.611393 ], [ 2003920.508389, 6804418.631764000281692 ], [ 2004018.931676999898627, 6804294.528760000132024 ], [ 2004054.675986000103876, 6804181.689625999890268 ], [ 2004043.693356999894604, 6804028.813395 ], [ 2004003.977944, 6803902.446891999803483 ], [ 2003948.598389, 6803820.481975000351667 ], [ 2003854.011979, 6803768.07020500022918 ], [ 2003715.898046, 6803765.814593000337481 ], [ 2003548.168234, 6803806.011919000186026 ], [ 2003245.024737, 6803844.752297 ], [ 2003020.145586, 6803884.622368999756873 ], [ 2002929.723044000100344, 6803910.199724 ], [ 2002682.207191, 6804024.331226999871433 ], [ 2002617.638023, 6804054.103013999760151 ], [ 2002491.492313, 6804111.717442000284791 ], [ 2002365.344824, 6804169.330288999713957 ], [ 2002285.044102, 6804229.418095 ], [ 2002072.777682, 6804364.814236000180244 ], [ 2001958.936136, 6804456.858794 ], [ 2001775.964565, 6804669.666407999582589 ], [ 2001710.672695, 6804777.180180000141263 ], [ 2001561.227991, 6804958.032537000253797 ], [ 2001420.669168000109494, 6805142.896017 ], [ 2001281.709438000107184, 6805367.010056000202894 ], [ 2001155.959194000111893, 6805594.944302000105381 ], [ 2001052.669230000115931, 6805839.430812999606133 ], [ 2001012.856798, 6806037.654323000460863 ], [ 2001023.079694, 6806181.380060999654233 ], [ 2001083.731258, 6806279.373708000406623 ], [ 2001200.222429, 6806357.584993000142276 ], [ 2001323.808989, 6806396.18372100032866 ], [ 2001481.657938, 6806420.275436 ], [ 2001590.063798000104725, 6806407.079064999707043 ], [ 2001743.983244, 6806335.215909999795258 ], [ 2001777.934672999894246, 6806313.068287 ], [ 2001811.885753, 6806290.92074 ], [ 2001879.787525, 6806246.62507 ], [ 2001900.81948, 6806228.279106999747455 ], [ 2001921.851501999888569, 6806209.933131 ], [ 2002078.691316, 6806103.002402000129223 ], [ 2002147.963858, 6806038.990058000199497 ], [ 2002217.23531, 6805974.97745000012219 ], [ 2002356.48245, 6805864.393747 ] ] ] } },
{ "type": "Feature", "properties": { "gml_id": "FossilFuelResource.per.pow76734", "identifier": "http://inspire.pgi.gov.pl/so/mr/Midas.paliwaKopalne/FossilFuelResource.per.pow76734", "beginLifespanVersion": null, "localId": "FossilFuelResource.per.pow76734", "namespace": "http://inspire.pgi.gov.pl/so/mr/Midas.paliwaKopalne", "scalar": -67.9, "scalar_uom": "m", "dateOfDiscovery": null, "calorificValue": null, "quantity": null, "verticalExtent": null }, "geometry": { "type": "Polygon", "coordinates": [ [ [ 1991541.166625, 6817370.007232000119984 ], [ 1991640.335197, 6817240.543325000442564 ], [ 1991831.302479, 6816946.060691 ], [ 1991959.636113000102341, 6816725.806277999654412 ], [ 1992169.610474, 6816460.462046000175178 ], [ 1992307.918914, 6816341.384922999888659 ], [ 1992473.118751, 6816149.533328999765217 ], [ 1992576.669032, 6816055.757353999651968 ], [ 1992732.092725000111386, 6815918.077538000419736 ], [ 1992828.018972000107169, 6815782.782348000444472 ], [ 1992905.132626, 6815624.334687000140548 ], [ 1992948.688378, 6815521.011389000341296 ], [ 1992940.833435, 6815324.153940999880433 ], [ 1992883.000114, 6815069.571465999819338 ], [ 1992793.519796, 6814917.816607999615371 ], [ 1992714.275618, 6814873.196925999596715 ], [ 1992445.828596, 6814866.037246 ], [ 1992298.506834999890998, 6814907.777607000432909 ], [ 1992165.224054000107571, 6815002.726483000442386 ], [ 1992070.363862, 6815164.845029000192881 ], [ 1991975.499694, 6815326.965648000128567 ], [ 1991890.994782, 6815449.848725000396371 ], [ 1991729.825585, 6815743.072220000438392 ], [ 1991697.447016, 6815828.029656999744475 ], [ 1991596.259134, 6815981.437384 ], [ 1991516.272715, 6816068.297926999628544 ], [ 1991410.814191, 6816114.333418999798596 ], [ 1991046.130165, 6816236.426916000433266 ], [ 1990917.344485, 6816295.342086000367999 ], [ 1990561.669982, 6816494.749942 ], [ 1990427.867919, 6816577.753174000419676 ], [ 1990181.893025000113994, 6816838.524895999580622 ], [ 1990119.253918, 6816912.718043999746442 ], [ 1989964.18209, 6817211.709699000231922 ], [ 1989913.389263000106439, 6817434.842133999802172 ], [ 1990010.396307, 6817777.624176999554038 ], [ 1990036.100614999886602, 6817824.415095999836922 ], [ 1990288.15086, 6818017.586241000331938 ], [ 1990354.103769, 6818026.919730000197887 ], [ 1990449.811801, 6818035.068389000371099 ], [ 1990803.860199, 6817943.277251999825239 ], [ 1990984.349727999884635, 6817834.47841 ], [ 1991297.699355, 6817618.773311000317335 ], [ 1991369.847482, 6817559.122817999683321 ], [ 1991441.994714, 6817499.471944999881089 ], [ 1991491.581067, 6817434.739486999809742 ], [ 1991541.166625, 6817370.007232000119984 ] ] ] } },
{ "type": "Feature", "properties": { "gml_id": "FossilFuelResource.per.pow76612", "identifier": "http://inspire.pgi.gov.pl/so/mr/Midas.paliwaKopalne/FossilFuelResource.per.pow76612", "beginLifespanVersion": null, "localId": "FossilFuelResource.per.pow76612", "namespace": "http://inspire.pgi.gov.pl/so/mr/Midas.paliwaKopalne", "scalar": -147.8, "scalar_uom": "m", "dateOfDiscovery": null, "calorificValue": null, "quantity": null, "verticalExtent": null }, "geometry": { "type": "Polygon", "coordinates": [ [ [ 1727347.50633, 6816592.768135 ], [ 1727198.074654000112787, 6816610.230282000266016 ], [ 1727000.007727, 6816688.950682999566197 ], [ 1727340.013962, 6816855.197183 ], [ 1727609.68329400010407, 6816986.796272000297904 ], [ 1727722.268591, 6817046.906959 ], [ 1727804.733722, 6817140.029873999767005 ], [ 1727957.588978, 6817274.806385999545455 ], [ 1728131.483651, 6817409.429983999580145 ], [ 1728163.369118, 6817292.063245999626815 ], [ 1728178.881626, 6817174.800363999791443 ], [ 1728173.292833, 6817048.344657000154257 ], [ 1728130.619192, 6816964.30216300021857 ], [ 1727935.735069, 6816834.526902000419796 ], [ 1727748.091031, 6816735.147075000219047 ], [ 1727544.047152, 6816631.191982000134885 ], [ 1727347.50633, 6816592.768135 ] ] ] } },
{ "type": "Feature", "properties": { "gml_id": "FossilFuelResource.per.pow76733", "identifier": "http://inspire.pgi.gov.pl/so/mr/Midas.paliwaKopalne/FossilFuelResource.per.pow76733", "beginLifespanVersion": null, "localId": "FossilFuelResource.per.pow76733", "namespace": "http://inspire.pgi.gov.pl/so/mr/Midas.paliwaKopalne", "scalar": -57.9, "scalar_uom": "m", "dateOfDiscovery": null, "calorificValue": null, "quantity": null, "verticalExtent": null }, "geometry": { "type": "Polygon", "coordinates": [ [ [ 2005503.466664, 6805627.432817 ], [ 2005446.168711999896914, 6805798.229922999627888 ], [ 2005376.023846, 6806076.012275000102818 ], [ 2005431.934364000102505, 6806313.937699000351131 ], [ 2005578.837726, 6806524.432678 ], [ 2005741.692560999887064, 6806683.624963000416756 ], [ 2005857.454013, 6806726.508422999642789 ], [ 2005996.186373, 6806714.891912999562919 ], [ 2006263.26086, 6806608.043441000394523 ], [ 2006552.370983, 6806384.295358999632299 ], [ 2006735.649882, 6806128.479473000392318 ], [ 2006774.957585, 6806012.268344 ], [ 2006774.89765, 6805929.108156999573112 ], [ 2006722.926493, 6805847.282580999657512 ], [ 2006569.162167999893427, 6805719.699445 ], [ 2006368.995374, 6805628.320713999681175 ], [ 2006229.591673, 6805487.449345 ], [ 2006200.609268999891356, 6805351.135249 ], [ 2006259.555363, 6805135.288747999817133 ], [ 2006341.283471, 6804826.827672 ], [ 2006358.309371, 6804494.933032000437379 ], [ 2006287.625393, 6804110.965781999751925 ], [ 2006196.804498, 6803923.619811000302434 ], [ 2006033.868731, 6803767.966875 ], [ 2005836.446349, 6803610.894322000443935 ], [ 2005669.257282, 6803558.980751999653876 ], [ 2005099.690907, 6803545.898633999750018 ], [ 2004676.880532, 6803576.941623999737203 ], [ 2004542.824487, 6803644.146071 ], [ 2004504.209022, 6803743.005222000181675 ], [ 2004527.82283, 6803840.972927999682724 ], [ 2004573.412777000106871, 6803908.673074999824166 ], [ 2004661.959475, 6803940.043410999700427 ], [ 2004828.256694, 6803929.590176999568939 ], [ 2005092.866299000103027, 6803964.758394000120461 ], [ 2005347.90057, 6804065.35738 ], [ 2005536.692258, 6804222.095134999603033 ], [ 2005594.469227, 6804330.133097000420094 ], [ 2005652.24789, 6804438.172092 ], [ 2005704.280972, 6804686.297636000439525 ], [ 2005654.826366999885067, 6805176.232521000318229 ], [ 2005555.482849, 6805472.376841999590397 ], [ 2005503.466664, 6805627.432817 ] ] ] } },
{ "type": "Feature", "properties": { "gml_id": "FossilFuelResource.per.pow76736", "identifier": "http://inspire.pgi.gov.pl/so/mr/Midas.paliwaKopalne/FossilFuelResource.per.pow76736", "beginLifespanVersion": null, "localId": "FossilFuelResource.per.pow76736", "namespace": "http://inspire.pgi.gov.pl/so/mr/Midas.paliwaKopalne", "scalar": -1025.0, "scalar_uom": "m", "dateOfDiscovery": null, "calorificValue": null, "quantity": null, "verticalExtent": null }, "geometry": { "type": "Polygon", "coordinates": [ [ [ 1833655.776488, 6552056.060770999640226 ], [ 1834793.385981, 6552608.176687999628484 ], [ 1837273.297552, 6551576.370423999615014 ], [ 1838624.475966, 6551019.319582000374794 ], [ 1838664.077809, 6548551.932652999646962 ], [ 1838277.274042, 6548656.370605000294745 ], [ 1837804.08104, 6548745.148498999886215 ], [ 1837327.545526, 6548799.850867999717593 ], [ 1837187.749818, 6548787.947851000353694 ], [ 1836795.432852, 6548754.531166999600828 ], [ 1836284.88361, 6548647.416829000227153 ], [ 1835443.252269, 6548310.314603 ], [ 1833655.776488, 6552056.060770999640226 ] ] ] } },
{ "type": "Feature", "properties": { "gml_id": "FossilFuelResource.per.pow76735", "identifier": "http://inspire.pgi.gov.pl/so/mr/Midas.paliwaKopalne/FossilFuelResource.per.pow76735", "beginLifespanVersion": null, "localId": "FossilFuelResource.per.pow76735", "namespace": "http://inspire.pgi.gov.pl/so/mr/Midas.paliwaKopalne", "scalar": -1225.0, "scalar_uom": "m", "dateOfDiscovery": null, "calorificValue": null, "quantity": null, "verticalExtent": null }, "geometry": { "type": "Polygon", "coordinates": [ [ [ 1811035.071299, 6570736.881399 ], [ 1815677.423972, 6570609.049371000379324 ], [ 1814105.98307599988766, 6567365.907793000340462 ], [ 1811778.501541, 6568578.573200999759138 ], [ 1811658.058228, 6569406.355739000253379 ], [ 1811334.397989, 6569479.036751000210643 ], [ 1811213.684615, 6569986.330774 ], [ 1811177.578463, 6570138.059165 ], [ 1811145.854276, 6570271.370063999667764 ], [ 1811035.071299, 6570736.881399 ] ] ] } },
{ "type": "Feature", "properties": { "gml_id": "FossilFuelResource.per.pow76738", "identifier": "http://inspire.pgi.gov.pl/so/mr/Midas.paliwaKopalne/FossilFuelResource.per.pow76738", "beginLifespanVersion": null, "localId": "FossilFuelResource.per.pow76738", "namespace": "http://inspire.pgi.gov.pl/so/mr/Midas.paliwaKopalne", "scalar": -9999.0, "scalar_uom": "m", "dateOfDiscovery": null, "calorificValue": null, "quantity": null, "verticalExtent": null }, "geometry": { "type": "Polygon", "coordinates": [ [ [ 2098924.246689000166953, 6848906.08530000038445 ], [ 2102398.289322, 6852187.307013999670744 ], [ 2102493.437872999813408, 6858325.767713 ], [ 2104562.575344, 6860567.472915999591351 ], [ 2105083.638220999855548, 6861084.773147 ], [ 2106450.530226999893785, 6862390.831449000164866 ], [ 2108200.106129, 6864228.425091000273824 ], [ 2108836.301566999871284, 6864888.808600000105798 ], [ 2109929.962989000137895, 6864929.487307 ], [ 2111826.187018, 6864992.631427000276744 ], [ 2113637.122888000216335, 6865028.980236999690533 ], [ 2114866.482547, 6865120.855890999548137 ], [ 2116078.969918999820948, 6865126.443726000376046 ], [ 2117027.377655, 6865087.55385799985379 ], [ 2117359.506105000153184, 6865070.313964 ], [ 2118801.975991, 6864995.279354999773204 ], [ 2118821.116789999883622, 6863056.693444999866188 ], [ 2118869.03611999982968, 6860567.850212000310421 ], [ 2118518.26897, 6848002.471041000448167 ], [ 2118168.594515, 6835456.47562799975276 ], [ 2114867.273157, 6838852.98527 ], [ 2114445.951104000210762, 6839397.888119 ], [ 2114286.773577999789268, 6839711.837113999761641 ], [ 2114169.259052999783307, 6839879.553232000209391 ], [ 2113950.98990900022909, 6840062.141493 ], [ 2113534.710147, 6840374.843089000321925 ], [ 2112951.013861, 6840842.051602000370622 ], [ 2111815.947095000185072, 6841736.067185999825597 ], [ 2110714.886436, 6842991.333867999725044 ], [ 2108576.652373999822885, 6845428.042378 ], [ 2101943.662299000192434, 6839245.859116000123322 ], [ 2100654.215470000170171, 6839284.180401000194252 ], [ 2095442.668371, 6839436.957359000109136 ], [ 2092417.897875, 6842753.228112 ], [ 2097317.814921, 6847387.85648399963975 ], [ 2098924.246689000166953, 6848906.08530000038445 ] ] ] } },
{ "type": "Feature", "properties": { "gml_id": "FossilFuelResource.per.pow76737", "identifier": "http://inspire.pgi.gov.pl/so/mr/Midas.paliwaKopalne/FossilFuelResource.per.pow76737", "beginLifespanVersion": null, "localId": "FossilFuelResource.per.pow76737", "namespace": "http://inspire.pgi.gov.pl/so/mr/Midas.paliwaKopalne", "scalar": -1300.0, "scalar_uom": "m", "dateOfDiscovery": null, "calorificValue": null, "quantity": null, "verticalExtent": null }, "geometry": { "type": "Polygon", "coordinates": [ [ [ 1835443.252269, 6548310.314603 ], [ 1836284.88361, 6548647.416829000227153 ], [ 1836795.432852, 6548754.531166999600828 ], [ 1837187.749818, 6548787.947851000353694 ], [ 1837327.545526, 6548799.850867999717593 ], [ 1837804.08104, 6548745.148498999886215 ], [ 1838277.274042, 6548656.370605000294745 ], [ 1838664.077809, 6548551.932652999646962 ], [ 1839972.257516, 6548056.434759000316262 ], [ 1839981.738692, 6546994.93647 ], [ 1838098.105463, 6546371.190773 ], [ 1836234.120241, 6545099.365166 ], [ 1836058.900663, 6546277.118816999718547 ], [ 1835672.596232, 6547565.490791999734938 ], [ 1835443.252269, 6548310.314603 ] ] ] } },
{ "type": "Feature", "properties": { "gml_id": "FossilFuelResource.per.pow76739", "identifier": "http://inspire.pgi.gov.pl/so/mr/Midas.paliwaKopalne/FossilFuelResource.per.pow76739", "beginLifespanVersion": null, "localId": "FossilFuelResource.per.pow76739", "namespace": "http://inspire.pgi.gov.pl/so/mr/Midas.paliwaKopalne", "scalar": -99.6, "scalar_uom": "m", "dateOfDiscovery": null, "calorificValue": null, "quantity": null, "verticalExtent": null }, "geometry": { "type": "Polygon", "coordinates": [ [ [ 2139031.004177, 6870326.163498999550939 ], [ 2139449.479601, 6870173.333971000276506 ], [ 2139609.964894, 6870071.710412999615073 ], [ 2139715.823330999817699, 6869983.130560000427067 ], [ 2139797.693487000185996, 6869865.17447 ], [ 2139824.95664899982512, 6869760.26539000030607 ], [ 2139808.392868999857455, 6869630.280132000334561 ], [ 2139709.147518, 6869450.264205999672413 ], [ 2139623.045437000226229, 6869337.778567000292242 ], [ 2139535.768087999895215, 6869273.24053 ], [ 2139423.246540000196546, 6869232.058392000384629 ], [ 2139211.814102999866009, 6869198.035191999748349 ], [ 2138832.403400000184774, 6869169.452259999699891 ], [ 2138745.895021, 6869174.512521999888122 ], [ 2138659.386531999800354, 6869179.572018999606371 ], [ 2138391.917899999767542, 6869216.126241000369191 ], [ 2138247.898634000215679, 6869250.936997000128031 ], [ 2138098.350259, 6869309.604337999597192 ], [ 2137942.91519600013271, 6869406.511013000272214 ], [ 2137821.199000999797136, 6869503.091601000167429 ], [ 2137748.014258, 6869689.166472 ], [ 2137712.439224999863654, 6869867.100510999560356 ], [ 2137704.93937599984929, 6870043.672477000392973 ], [ 2137829.925009000115097, 6870181.17246 ], [ 2137970.875384000129998, 6870271.071112000383437 ], [ 2138220.626879999879748, 6870354.066274999640882 ], [ 2138451.691939, 6870393.39439 ], [ 2138634.266653, 6870397.923852999694645 ], [ 2138812.244440999813378, 6870387.942177999764681 ], [ 2139031.004177, 6870326.163498999550939 ] ] ] } },
{ "type": "Feature", "properties": { "gml_id": "FossilFuelResource.progn.pow20303", "identifier": "http://inspire.pgi.gov.pl/so/mr/Midas.paliwaKopalne/FossilFuelResource.progn.pow20303", "beginLifespanVersion": null, "localId": "FossilFuelResource.progn.pow20303", "namespace": "http://inspire.pgi.gov.pl/so/mr/Midas.paliwaKopalne", "scalar": -1050.0, "scalar_uom": "m", "dateOfDiscovery": null, "calorificValue": null, "quantity": null, "verticalExtent": null }, "geometry": { "type": "Polygon", "coordinates": [ [ [ 2100298.43517699977383, 6462223.862738000229001 ], [ 2099474.257555, 6452523.831062000244856 ], [ 2099456.294888, 6452312.315202999860048 ], [ 2099404.43778399983421, 6451701.686835000291467 ], [ 2099256.75059700012207, 6449962.447114 ], [ 2099252.752590000163764, 6449915.358706000261009 ], [ 2094515.008537, 6449675.62179800029844 ], [ 2093270.211601, 6449644.176347999833524 ], [ 2093147.083393, 6449641.125257999636233 ], [ 2095406.292464, 6453175.491599 ], [ 2091025.159892, 6453993.887422 ], [ 2091038.715879, 6455310.501092 ], [ 2088545.791718, 6454393.577627000398934 ], [ 2087118.480964000103995, 6454719.106524 ], [ 2085226.914434, 6454767.029411000199616 ], [ 2085110.599247, 6451294.475007999688387 ], [ 2084993.978079, 6451339.463816000148654 ], [ 2082497.921509, 6451257.932729000225663 ], [ 2082748.304881, 6452267.894078000448644 ], [ 2082739.253084, 6452304.16211 ], [ 2082078.645313, 6454950.604899000376463 ], [ 2081854.55255, 6455685.127986 ], [ 2081164.584879, 6458356.869355999864638 ], [ 2081043.331244, 6458679.623874999582767 ], [ 2080917.489399, 6458873.349727000109851 ], [ 2080792.684623, 6459032.737250999547541 ], [ 2080668.668607, 6459166.385793999768794 ], [ 2080431.852487, 6459348.080162 ], [ 2080178.74512100010179, 6459471.261877999641001 ], [ 2080055.891113, 6459535.97038200031966 ], [ 2079837.32147300010547, 6459742.09181800018996 ], [ 2079773.714645, 6459860.429526999592781 ], [ 2079764.19114, 6459966.509594 ], [ 2079759.307394, 6460049.037983000278473 ], [ 2081264.790489, 6460239.865445000119507 ], [ 2082487.66103500011377, 6460394.668995999731123 ], [ 2083231.85014, 6460426.145100000314415 ], [ 2083675.222444, 6460491.3137569995597 ], [ 2084191.500687000108883, 6460560.384054999798536 ], [ 2092788.473897, 6461495.300028 ], [ 2095303.462191000115126, 6461767.101526999846101 ], [ 2095401.468762, 6461776.092814999632537 ], [ 2100298.43517699977383, 6462223.862738000229001 ] ] ] } },
{ "type": "Feature", "properties": { "gml_id": "FossilFuelResource.per.pow80556", "identifier": "http://inspire.pgi.gov.pl/so/mr/Midas.paliwaKopalne/FossilFuelResource.per.pow80556", "beginLifespanVersion": null, "localId": "FossilFuelResource.per.pow80556", "namespace": "http://inspire.pgi.gov.pl/so/mr/Midas.paliwaKopalne", "scalar": null, "scalar_uom": null, "dateOfDiscovery": null, "calorificValue": null, "quantity": null, "verticalExtent": null }, "geometry": { "type": "Polygon", "coordinates": [ [ [ 2056402.205928, 6436847.091383 ], [ 2056549.157209, 6437056.870791000314057 ], [ 2056640.269326, 6437145.277106000110507 ], [ 2056344.612512, 6437543.541938000358641 ], [ 2056046.038808, 6437978.660077 ], [ 2055821.037059, 6438516.34848599974066 ], [ 2055660.811799, 6439063.680745 ], [ 2055658.962128000101075, 6439092.729973999783397 ], [ 2056696.085872, 6438438.260134999640286 ], [ 2057664.757196, 6437866.048533 ], [ 2058443.50077, 6437405.918461999855936 ], [ 2057864.506195, 6436980.79315899964422 ], [ 2057122.82303599989973, 6436447.91200099978596 ], [ 2056822.408791, 6436232.043802999891341 ], [ 2055900.428442, 6435460.671135 ], [ 2055972.543298, 6435892.869644000194967 ], [ 2056053.552563, 6436292.588069000281394 ], [ 2056255.262011, 6436637.314806000329554 ], [ 2056402.205928, 6436847.091383 ] ] ] } },
{ "type": "Feature", "properties": { "gml_id": "FossilFuelResource.progn.pow20305", "identifier": "http://inspire.pgi.gov.pl/so/mr/Midas.paliwaKopalne/FossilFuelResource.progn.pow20305", "beginLifespanVersion": null, "localId": "FossilFuelResource.progn.pow20305", "namespace": "http://inspire.pgi.gov.pl/so/mr/Midas.paliwaKopalne", "scalar": -1000.0, "scalar_uom": "m", "dateOfDiscovery": null, "calorificValue": null, "quantity": null, "verticalExtent": null }, "geometry": { "type": "Polygon", "coordinates": [ [ [ 2087872.436321000102907, 6450348.692451000213623 ], [ 2090848.690131, 6449578.184795999899507 ], [ 2093270.19998, 6449644.161976999603212 ], [ 2092768.309482, 6449030.673128999769688 ], [ 2092528.977853, 6449023.931179 ], [ 2091905.567787, 6447631.372914000414312 ], [ 2091979.380363, 6446854.406398000195622 ], [ 2092136.797938, 6445197.142954000271857 ], [ 2092314.396223, 6444062.045110000297427 ], [ 2092462.586375, 6443959.556710000149906 ], [ 2091081.768447, 6444109.017834999598563 ], [ 2090435.191902, 6444072.071775999851525 ], [ 2088805.847991, 6445311.558971 ], [ 2087880.335801, 6445820.568667000159621 ], [ 2087474.910431, 6446043.500651 ], [ 2087074.104142, 6446203.138368000276387 ], [ 2087086.146175999892876, 6446218.971559000201523 ], [ 2087633.527034, 6449061.34258500020951 ], [ 2087872.436321000102907, 6450348.692451000213623 ] ] ] } },
{ "type": "Feature", "properties": { "gml_id": "FossilFuelResource.progn.pow20426", "identifier": "http://inspire.pgi.gov.pl/so/mr/Midas.paliwaKopalne/FossilFuelResource.progn.pow20426", "beginLifespanVersion": null, "localId": "FossilFuelResource.progn.pow20426", "namespace": "http://inspire.pgi.gov.pl/so/mr/Midas.paliwaKopalne", "scalar": -1000.0, "scalar_uom": "m", "dateOfDiscovery": null, "calorificValue": null, "quantity": null, "verticalExtent": null }, "geometry": { "type": "Polygon", "coordinates": [ [ [ 2123536.513183999806643, 6466388.724193999543786 ], [ 2124166.87592, 6466441.744730999693274 ], [ 2126476.883754, 6463162.24823 ], [ 2124025.855365000199527, 6462196.939532999880612 ], [ 2123569.146499, 6461980.028377999551594 ], [ 2123476.720530999824405, 6461265.193749999627471 ], [ 2123486.480241000186652, 6461119.924886000342667 ], [ 2123070.270966, 6458118.578969 ], [ 2121666.661551999859512, 6458256.613699000328779 ], [ 2121009.859466, 6454461.791925 ], [ 2120850.281661999877542, 6452977.898900999687612 ], [ 2120948.715975, 6452196.890708000399172 ], [ 2120702.768507999833673, 6450388.583896 ], [ 2120650.31922, 6450152.127790999598801 ], [ 2120647.193396000191569, 6450021.482978000305593 ], [ 2120536.854470000136644, 6449303.270052 ], [ 2120377.699101999867707, 6448267.204206 ], [ 2120329.666377, 6447769.08433 ], [ 2114865.234557, 6449399.860422000288963 ], [ 2113880.354016, 6449510.880400000140071 ], [ 2113940.225519, 6449958.005792999640107 ], [ 2114601.631955000106245, 6454894.273984 ], [ 2114716.274687999859452, 6455749.624188999645412 ], [ 2114754.538081, 6456033.205523 ], [ 2114865.060504000168294, 6456813.615474999882281 ], [ 2114889.215692, 6457004.549723000265658 ], [ 2115035.074519999790937, 6458078.078536000102758 ], [ 2115385.2237, 6460521.973609999753535 ], [ 2115442.334857999812812, 6460909.772603999823332 ], [ 2115517.282608999870718, 6461277.95308499969542 ], [ 2115679.452124, 6462675.987107999622822 ], [ 2115941.048932, 6464344.03101299982518 ], [ 2116177.442619, 6466114.080973000265658 ], [ 2117343.200454, 6466178.178868999704719 ], [ 2122244.339013, 6466326.713705999776721 ], [ 2123017.011432, 6466370.557930000126362 ], [ 2123393.488413999788463, 6466382.798564 ], [ 2123536.513183999806643, 6466388.724193999543786 ] ] ] } },
{ "type": "Feature", "properties": { "gml_id": "FossilFuelResource.per.pow80557", "identifier": "http://inspire.pgi.gov.pl/so/mr/Midas.paliwaKopalne/FossilFuelResource.per.pow80557", "beginLifespanVersion": null, "localId": "FossilFuelResource.per.pow80557", "namespace": "http://inspire.pgi.gov.pl/so/mr/Midas.paliwaKopalne", "scalar": null, "scalar_uom": null, "dateOfDiscovery": null, "calorificValue": null, "quantity": null, "verticalExtent": null }, "geometry": { "type": "Polygon", "coordinates": [ [ [ 2043721.321158, 6442248.27917299978435 ], [ 2048306.497292000101879, 6440256.028629000298679 ], [ 2050526.822851999895647, 6442220.044898999854922 ], [ 2050748.311087, 6442084.372883999720216 ], [ 2052881.137181, 6440798.931291 ], [ 2052998.471177, 6440728.191813999786973 ], [ 2052212.720043, 6439938.969329999759793 ], [ 2052016.049019, 6439741.406298000365496 ], [ 2047903.837564, 6434918.775895000435412 ], [ 2047678.499740000115708, 6434862.716284000314772 ], [ 2047473.876324, 6434855.72630999982357 ], [ 2047340.003789, 6434851.212263000197709 ], [ 2046859.703464, 6435072.237893999554217 ], [ 2046647.918985999887809, 6435041.070957000367343 ], [ 2046445.14438, 6434978.869564999826252 ], [ 2046255.098138999892399, 6435004.2264 ], [ 2046126.503751, 6435078.646776 ], [ 2045753.842538, 6435144.949575000442564 ], [ 2045455.594343, 6435340.493437999859452 ], [ 2045328.541359, 6435367.877628000453115 ], [ 2044960.452342, 6435299.675628 ], [ 2044802.211941, 6435318.253296 ], [ 2044667.262054, 6435345.176182 ], [ 2044559.558651, 6435499.435216000303626 ], [ 2044445.689954, 6435835.590064999647439 ], [ 2044363.43551, 6435935.628902999684215 ], [ 2044250.507749, 6436010.54188400041312 ], [ 2043910.917492, 6436030.767865999601781 ], [ 2043751.84481, 6436072.647532000206411 ], [ 2043642.9638420001138, 6436258.779515 ], [ 2043501.044183, 6436490.915586999617517 ], [ 2043385.367182, 6436560.678217999637127 ], [ 2043340.087813, 6436587.984740000218153 ], [ 2043246.473074, 6436605.769844000227749 ], [ 2043029.402145, 6436761.249672999605536 ], [ 2042814.322923, 6437075.636017999611795 ], [ 2042771.953452, 6437461.638314999639988 ], [ 2042729.579957, 6437847.658261000178754 ], [ 2042511.25841, 6437909.218337999656796 ], [ 2040963.52745, 6438345.452653000131249 ], [ 2040788.623501, 6439403.047871000133455 ], [ 2040564.791325999889523, 6440981.102254999801517 ], [ 2040411.646164, 6443052.543366 ], [ 2040397.388299, 6443305.321724000386894 ], [ 2040404.274451, 6443687.649305 ], [ 2043721.321158, 6442248.27917299978435 ] ] ] } },
{ "type": "Feature", "properties": { "gml_id": "FossilFuelResource.progn.pow20304", "identifier": "http://inspire.pgi.gov.pl/so/mr/Midas.paliwaKopalne/FossilFuelResource.progn.pow20304", "beginLifespanVersion": null, "localId": "FossilFuelResource.progn.pow20304", "namespace": "http://inspire.pgi.gov.pl/so/mr/Midas.paliwaKopalne", "scalar": -1020.0, "scalar_uom": "m", "dateOfDiscovery": null, "calorificValue": null, "quantity": null, "verticalExtent": null }, "geometry": { "type": "Polygon", "coordinates": [ [ [ 2085110.599247, 6451294.475007999688387 ], [ 2085226.914434, 6454767.029411000199616 ], [ 2087118.480964000103995, 6454719.106524 ], [ 2088545.791718, 6454393.577627000398934 ], [ 2091038.715879, 6455310.501092 ], [ 2091025.159892, 6453993.887422 ], [ 2095406.292464, 6453175.491599 ], [ 2093147.083393, 6449641.125257999636233 ], [ 2091685.86329, 6449604.777250000275671 ], [ 2090848.690131, 6449578.184795999899507 ], [ 2087872.436321000102907, 6450348.692451000213623 ], [ 2087035.227761, 6450565.234082000330091 ], [ 2086568.22412, 6450732.008863000199199 ], [ 2085110.599247, 6451294.475007999688387 ] ] ] } },
{ "type": "Feature", "properties": { "gml_id": "FossilFuelResource.per.pow80558", "identifier": "http://inspire.pgi.gov.pl/so/mr/Midas.paliwaKopalne/FossilFuelResource.per.pow80558", "beginLifespanVersion": null, "localId": "FossilFuelResource.per.pow80558", "namespace": "http://inspire.pgi.gov.pl/so/mr/Midas.paliwaKopalne", "scalar": null, "scalar_uom": null, "dateOfDiscovery": null, "calorificValue": null, "quantity": null, "verticalExtent": null }, "geometry": { "type": "Polygon", "coordinates": [ [ [ 2060177.307331, 6474665.232754999771714 ], [ 2059204.687228, 6474690.887512000277638 ], [ 2058199.069199, 6475116.46758 ], [ 2056482.435638, 6476042.398528999648988 ], [ 2055897.466604, 6475116.403680000454187 ], [ 2055265.019890999887139, 6474030.811764 ], [ 2053688.43525299988687, 6471467.839915 ], [ 2048542.146653, 6463094.239082000218332 ], [ 2046214.248712, 6463208.747217999771237 ], [ 2045386.858273, 6463234.315337999723852 ], [ 2045550.364571, 6463648.180720999836922 ], [ 2045882.812942000105977, 6464232.359934999607503 ], [ 2046235.045502, 6464879.881923999637365 ], [ 2046389.9371, 6465632.604732999578118 ], [ 2046342.508457, 6467028.580532999709249 ], [ 2046145.39194, 6468255.240782000124454 ], [ 2046004.89014, 6469197.965978999622166 ], [ 2046134.804897, 6470042.905222999863327 ], [ 2046533.08822, 6471072.832843 ], [ 2047288.684142, 6472568.387269999831915 ], [ 2047366.930832, 6472713.855550000444055 ], [ 2048843.655792, 6475458.643280999734998 ], [ 2049159.153297, 6475960.241411999799311 ], [ 2050075.892188, 6477417.492491999641061 ], [ 2050990.649257, 6478316.444286 ], [ 2051364.254693000111729, 6478690.439303999766707 ], [ 2051761.736538, 6478926.873263999819756 ], [ 2052045.662380999885499, 6478992.703216999769211 ], [ 2052308.160214, 6478931.243197999894619 ], [ 2052524.627042, 6478131.423163999803364 ], [ 2052515.921766000101343, 6477428.70047300029546 ], [ 2052544.066873, 6476743.35349200014025 ], [ 2052676.660744, 6476228.819061 ], [ 2052816.415003, 6475997.069408999755979 ], [ 2053156.039437, 6475751.089193000458181 ], [ 2053631.117343, 6475821.072835999540985 ], [ 2055083.05002, 6476714.759033 ], [ 2055665.777876, 6477073.968484000302851 ], [ 2056163.854546, 6477325.802764999680221 ], [ 2056757.557151, 6477401.678622 ], [ 2057250.723317, 6477461.87538 ], [ 2058170.468574, 6477821.289107999764383 ], [ 2059107.977535, 6478508.837961999699473 ], [ 2059426.175032, 6478838.298566999845207 ], [ 2059797.799318, 6479120.697808000259101 ], [ 2060083.957318, 6479268.378480000421405 ], [ 2060322.228589, 6479326.004684999585152 ], [ 2060593.061332, 6479236.663234 ], [ 2060841.122626, 6478974.427559000439942 ], [ 2060951.017706, 6478825.42276499979198 ], [ 2061060.90869, 6478676.419303 ], [ 2061255.549822, 6478461.25522300042212 ], [ 2061542.613443, 6478298.417153 ], [ 2062049.479392, 6478184.500837 ], [ 2062453.930382, 6478328.932027 ], [ 2063125.41922, 6478584.900816 ], [ 2063980.64180100010708, 6478899.807693 ], [ 2064550.17528499988839, 6479085.371511000208557 ], [ 2065092.190873, 6479262.51303599961102 ], [ 2065376.243913, 6479327.890734000131488 ], [ 2065640.382713, 6479329.877427999861538 ], [ 2065965.268496, 6479220.631042 ], [ 2066379.41627, 6479045.030325000174344 ], [ 2066770.939482, 6479043.520081999711692 ], [ 2066990.067492, 6479064.95014899969101 ], [ 2067224.922146, 6478994.632667999714613 ], [ 2067322.806726, 6478942.173122 ], [ 2065256.301293999888003, 6477785.274123 ], [ 2064274.766045, 6477275.438780999742448 ], [ 2063448.417786, 6476846.097546 ], [ 2060212.566014, 6474957.398881999775767 ], [ 2060177.307331, 6474665.232754999771714 ] ] ] } },
{ "type": "Feature", "properties": { "gml_id": "FossilFuelResource.per.pow80559", "identifier": "http://inspire.pgi.gov.pl/so/mr/Midas.paliwaKopalne/FossilFuelResource.per.pow80559", "beginLifespanVersion": null, "localId": "FossilFuelResource.per.pow80559", "namespace": "http://inspire.pgi.gov.pl/so/mr/Midas.paliwaKopalne", "scalar": null, "scalar_uom": null, "dateOfDiscovery": null, "calorificValue": null, "quantity": null, "verticalExtent": null }, "geometry": { "type": "Polygon", "coordinates": [ [ [ 2179458.572484999895096, 6462931.749788000248373 ], [ 2179706.710070999804884, 6462670.046972 ], [ 2182021.475137, 6460283.90573799982667 ], [ 2181163.76933, 6459939.850519999861717 ], [ 2183105.853821, 6455661.067672999575734 ], [ 2185262.779342, 6451763.468581999652088 ], [ 2185603.033814, 6451164.281573000364006 ], [ 2185904.097813, 6451249.89684300031513 ], [ 2186264.775535999797285, 6450474.495310000143945 ], [ 2186598.085666, 6449651.871085000224411 ], [ 2186931.330666999798268, 6448829.314651999622583 ], [ 2187162.30199, 6448254.657762999646366 ], [ 2187873.899596, 6446481.605823 ], [ 2188165.901442000176758, 6445501.01269800029695 ], [ 2187647.581104, 6445272.437703000381589 ], [ 2186740.854635000228882, 6444726.851016 ], [ 2186326.620435, 6444468.920928999781609 ], [ 2185609.237989999819547, 6445591.751330999657512 ], [ 2185915.181317000184208, 6446091.229031000286341 ], [ 2185210.661367, 6447003.777002999559045 ], [ 2184797.218737000133842, 6447821.382956 ], [ 2184737.835198, 6447941.349047999829054 ], [ 2184737.219746000133455, 6447942.592365000396967 ], [ 2184737.200885000173002, 6447942.585510999895632 ], [ 2184737.200732000172138, 6447942.585823999717832 ], [ 2184404.690787000115961, 6447821.431994999758899 ], [ 2183931.930435, 6447655.740353000350296 ], [ 2183931.911576999817044, 6447655.733808999881148 ], [ 2185337.986115000210702, 6445204.591933 ], [ 2184950.069488999899477, 6444492.787782999686897 ], [ 2184581.651277, 6443954.947014999575913 ], [ 2186149.281291999854147, 6443070.03158999979496 ], [ 2186419.208691999781877, 6442929.96851299982518 ], [ 2187637.497372, 6442284.664939000271261 ], [ 2188790.782436000183225, 6441568.412596999667585 ], [ 2189313.543877, 6439870.258667999878526 ], [ 2189535.802563, 6439239.29002199973911 ], [ 2189790.151957000140101, 6438383.207909000106156 ], [ 2190654.029397, 6435662.088689000345767 ], [ 2190993.094548, 6433172.194673 ], [ 2191062.464850000105798, 6431622.675435 ], [ 2191050.146609, 6431630.73340000025928 ], [ 2190424.96745300013572, 6432039.665172999724746 ], [ 2190274.675419, 6432145.931154999881983 ], [ 2189483.407753, 6432744.459796999581158 ], [ 2188845.524576, 6433356.636682 ], [ 2188347.532552000135183, 6433834.493661000393331 ], [ 2187958.661644999869168, 6434304.017911000177264 ], [ 2187735.601700999774039, 6434858.911035000346601 ], [ 2187093.871741999872029, 6434715.143974999897182 ], [ 2184923.378626000136137, 6436252.4512959998101 ], [ 2182547.762025999836624, 6438094.065720999613404 ], [ 2182220.796019999776036, 6438352.228059999644756 ], [ 2181459.671970999799669, 6438953.106255000457168 ], [ 2181683.377539999783039, 6438953.095371999777853 ], [ 2181907.083073, 6438953.078308999538422 ], [ 2181841.273496999870986, 6439171.395666999742389 ], [ 2181843.36262399982661, 6443304.205066000111401 ], [ 2181148.614509, 6444095.86247 ], [ 2180608.79584199981764, 6444273.320360999554396 ], [ 2179958.696239000186324, 6444486.979638 ], [ 2179802.537591, 6444538.293687 ], [ 2179236.305836, 6444724.331322000361979 ], [ 2179025.483911000192165, 6445291.965757000260055 ], [ 2178814.625088000204414, 6445859.630633000284433 ], [ 2177995.872651999816298, 6446807.699241999536753 ], [ 2177954.50128, 6447495.423445999622345 ], [ 2177488.070634999778122, 6448245.331233999691904 ], [ 2177429.476092, 6449717.461118999868631 ], [ 2177428.519729, 6450397.192040000110865 ], [ 2177411.665736999828368, 6451362.670223000459373 ], [ 2177345.689572, 6454624.084606000222266 ], [ 2175545.622003000229597, 6455194.100618000142276 ], [ 2175001.983051000162959, 6455366.167047999799252 ], [ 2174229.475401000119746, 6455432.587504000402987 ], [ 2172741.389804999809712, 6457586.667259000241756 ], [ 2172204.898130999878049, 6458319.433793 ], [ 2170997.273343, 6460016.352924999780953 ], [ 2169964.712979999836534, 6461096.093469999730587 ], [ 2169530.378310999833047, 6461506.975499999709427 ], [ 2168714.172507000155747, 6462380.027816000394523 ], [ 2166120.953534, 6465116.21055299974978 ], [ 2165682.017631, 6465579.17612100020051 ], [ 2165540.608113000169396, 6465728.316665000282228 ], [ 2174189.910952, 6467185.537178999744356 ], [ 2176087.547234000172466, 6467504.005316000431776 ], [ 2176237.872058, 6467543.298713999800384 ], [ 2176733.774328, 6466666.48233 ], [ 2177180.502811000216752, 6465876.503873 ], [ 2177940.284641, 6464532.699404000304639 ], [ 2179458.572484999895096, 6462931.749788000248373 ] ] ] } },
{ "type": "Feature", "properties": { "gml_id": "FossilFuelResource.per.pow80673", "identifier": "http://inspire.pgi.gov.pl/so/mr/Midas.paliwaKopalne/FossilFuelResource.per.pow80673", "beginLifespanVersion": null, "localId": "FossilFuelResource.per.pow80673", "namespace": "http://inspire.pgi.gov.pl/so/mr/Midas.paliwaKopalne", "scalar": null, "scalar_uom": null, "dateOfDiscovery": null, "calorificValue": null, "quantity": null, "verticalExtent": null }, "geometry": { "type": "Polygon", "coordinates": [ [ [ 2077682.02544, 6418692.696585999801755 ], [ 2078601.952503, 6420420.94508200045675 ], [ 2079417.021181, 6419529.439694000408053 ], [ 2079767.586708, 6419220.398694000206888 ], [ 2080437.170508, 6418910.197165999561548 ], [ 2081301.813485, 6418694.215024 ], [ 2081729.734579, 6418729.457149 ], [ 2082157.659803, 6418764.677430000156164 ], [ 2082157.660421, 6418764.677743 ], [ 2082157.66073099989444, 6418764.677744000218809 ], [ 2083299.734032, 6419318.035255 ], [ 2083299.73496, 6419318.035569 ], [ 2084758.958953, 6420482.281112999655306 ], [ 2086228.365143, 6421669.027148 ], [ 2087009.34839, 6422045.725917999632657 ], [ 2087009.3487, 6422045.725918999873102 ], [ 2087934.85838000010699, 6422007.366153 ], [ 2087568.144091, 6421133.954741000197828 ], [ 2087481.393251, 6420245.194798000156879 ], [ 2087768.76586, 6419464.686689999885857 ], [ 2087768.766788, 6419464.687004 ], [ 2089169.848596999887377, 6419932.698257000185549 ], [ 2089169.849525, 6419932.698571000248194 ], [ 2089524.251866, 6420040.044491999782622 ], [ 2090088.836435, 6419799.668817999772727 ], [ 2090554.715257, 6419621.072848999872804 ], [ 2091743.538823, 6419656.314163000322878 ], [ 2091743.539752, 6419656.314476000145078 ], [ 2093249.919729, 6419989.408339999616146 ], [ 2093536.993152, 6420017.086949000135064 ], [ 2094146.19168, 6419812.086651000194252 ], [ 2094146.192454, 6419812.086964 ], [ 2094463.71884, 6419942.088217999786139 ], [ 2094288.274403, 6419210.590409000404179 ], [ 2094094.681234, 6418821.155520999804139 ], [ 2093891.729386, 6418542.916879000142217 ], [ 2093670.136863, 6418403.648616 ], [ 2093430.012377, 6418310.682702999562025 ], [ 2093041.931889000115916, 6418310.17344900034368 ], [ 2092773.858207, 6418393.204798 ], [ 2092404.150704, 6418466.81918300036341 ], [ 2092163.826643999898806, 6418522.072931 ], [ 2091932.821356, 6418521.736728999763727 ], [ 2091785.087578, 6418447.38961 ], [ 2091618.945683, 6418326.683120000176132 ], [ 2091517.767587, 6418020.760444999672472 ], [ 2091573.984938, 6417501.98931 ], [ 2091519.458241, 6416899.703125 ], [ 2091464.518158, 6416575.374138000421226 ], [ 2091289.577492, 6416195.291702999733388 ], [ 2091022.265697, 6415824.34156300034374 ], [ 2090847.169596000108868, 6415564.700508000329137 ], [ 2090653.774534, 6415203.146789000369608 ], [ 2090534.179812, 6414906.559614 ], [ 2090516.518185, 6414406.390960999764502 ], [ 2090627.881383, 6414073.161647000350058 ], [ 2090665.504535, 6413647.217358999885619 ], [ 2090592.132581, 6413332.239805 ], [ 2090463.030731, 6413220.906007000245154 ], [ 2089909.128178, 6413127.381089 ], [ 2089382.421754, 6413330.19520299974829 ], [ 2089160.845243, 6413302.020641 ], [ 2088736.538409, 6413041.965617000125349 ], [ 2088275.392903999891132, 6412744.788892 ], [ 2087519.1771, 6412261.832580000162125 ], [ 2086671.126032, 6411584.217597999610007 ], [ 2086090.277068, 6411212.660047999583185 ], [ 2085453.680426, 6411026.108148000203073 ], [ 2084779.783022, 6411015.32097200024873 ], [ 2083810.20562, 6411114.8600770002231 ], [ 2083274.64539, 6411159.83214099984616 ], [ 2082840.724681, 6411167.99773 ], [ 2082656.040224999887869, 6411186.041677 ], [ 2082535.479502, 6411398.664900000207126 ], [ 2082543.927856, 6411704.209218 ], [ 2083031.040936, 6412585.049792 ], [ 2083288.199329, 6413141.278087999671698 ], [ 2083545.459271, 6413669.754226 ], [ 2083728.824291, 6414216.598386 ], [ 2083829.291531, 6414679.9171660002321 ], [ 2083994.668206, 6415041.533440000377595 ], [ 2084399.860831, 6415551.935221999883652 ], [ 2084740.763007, 6415923.251834000460804 ], [ 2085238.483564000111073, 6416406.091981999576092 ], [ 2085625.689376, 6416758.988245000131428 ], [ 2086031.364895999897271, 6417130.451271000318229 ], [ 2086335.467681, 6417492.429840000346303 ], [ 2086390.29199600010179, 6417779.763247 ], [ 2085522.586839, 6417425.796908999793231 ], [ 2086140.393584, 6417983.062938 ], [ 2086315.449837999884039, 6418215.07863700017333 ], [ 2086315.133735, 6418363.330110999755561 ], [ 2086250.236266, 6418465.11549299955368 ], [ 2086056.196181, 6418464.695647000335157 ], [ 2085677.74529, 6418287.812614999711514 ], [ 2085281.14485999988392, 6417971.893350999802351 ], [ 2084746.138747, 6417590.791043999604881 ], [ 2083967.105283, 6417257.367510999552906 ], [ 2083592.471389, 6417096.994919000193477 ], [ 2082475.630896, 6416705.068931999616325 ], [ 2081357.86469, 6416692.821740999817848 ], [ 2080766.250696, 6416830.141328000463545 ], [ 2080044.563248000107706, 6417217.181510999798775 ], [ 2079452.017615, 6417650.884174999780953 ], [ 2078794.791303, 6418065.838139999657869 ], [ 2078165.824444, 6418286.268438999541104 ], [ 2077823.668163, 6418377.848748999647796 ], [ 2077601.62183, 6418469.79999899957329 ], [ 2077578.969728, 6418495.379742000252008 ], [ 2077682.02544, 6418692.696585999801755 ] ] ] } },
{ "type": "Feature", "properties": { "gml_id": "FossilFuelResource.progn.pow20309", "identifier": "http://inspire.pgi.gov.pl/so/mr/Midas.paliwaKopalne/FossilFuelResource.progn.pow20309", "beginLifespanVersion": null, "localId": "FossilFuelResource.progn.pow20309", "namespace": "http://inspire.pgi.gov.pl/so/mr/Midas.paliwaKopalne", "scalar": -1000.0, "scalar_uom": "m", "dateOfDiscovery": null, "calorificValue": null, "quantity": null, "verticalExtent": null }, "geometry": { "type": "Polygon", "coordinates": [ [ [ 2154812.313112, 6446219.749305999837816 ], [ 2155387.19459499977529, 6442748.033002000302076 ], [ 2156284.162366999778897, 6437334.263798999600112 ], [ 2142695.486585, 6438691.906366 ], [ 2141957.404875, 6438883.181101 ], [ 2138264.840884, 6439660.793951 ], [ 2137893.225958, 6440224.551176000386477 ], [ 2137151.424143, 6441349.703954 ], [ 2136963.19295800011605, 6441635.18966200016439 ], [ 2137817.640492000151426, 6443350.443413999862969 ], [ 2137285.727366, 6445344.017462999559939 ], [ 2137056.128177000209689, 6446204.358331000432372 ], [ 2137018.11668, 6446653.158207000233233 ], [ 2136974.863361999858171, 6446666.967810999602079 ], [ 2136931.610055, 6446680.777212999761105 ], [ 2135957.024468, 6447079.931531 ], [ 2136133.600717000197619, 6447505.812988 ], [ 2136255.233928999863565, 6447802.513558999635279 ], [ 2136636.062526000197977, 6448866.773380000144243 ], [ 2137081.190832000225782, 6450109.347020000219345 ], [ 2137104.897623000200838, 6450170.314965999685228 ], [ 2137738.911971, 6451802.606925999745727 ], [ 2138446.139039999805391, 6453816.694086999632418 ], [ 2139330.228751, 6456174.426151 ], [ 2139562.294967, 6456793.190135000273585 ], [ 2139900.703296000137925, 6456700.290756000205874 ], [ 2140223.909033, 6456644.703187 ], [ 2141291.701993000227958, 6456371.979601999744773 ], [ 2141687.350738000124693, 6456271.253294000402093 ], [ 2142625.257834, 6456030.084564999677241 ], [ 2142694.604997000191361, 6456012.299386000260711 ], [ 2144224.234352, 6455981.678963 ], [ 2149321.813778, 6456056.079819000326097 ], [ 2149856.983285, 6456061.697617 ], [ 2151420.969507, 6456057.674564000219107 ], [ 2153618.433596, 6456102.082678999751806 ], [ 2153651.490945000201464, 6455575.155985999852419 ], [ 2153813.179789000190794, 6454343.996287000365555 ], [ 2153995.546112, 6452955.192206 ], [ 2154181.641076, 6451422.07127199973911 ], [ 2154260.538602999877185, 6450771.461557 ], [ 2154434.3586550001055, 6449337.888609999790788 ], [ 2154560.177023999858648, 6448300.030704 ], [ 2154622.352982, 6447787.09459500014782 ], [ 2154658.736957000102848, 6447487.157114 ], [ 2154812.313112, 6446219.749305999837816 ] ] ] } },
{ "type": "Feature", "properties": { "gml_id": "FossilFuelResource.per.pow80674", "identifier": "http://inspire.pgi.gov.pl/so/mr/Midas.paliwaKopalne/FossilFuelResource.per.pow80674", "beginLifespanVersion": null, "localId": "FossilFuelResource.per.pow80674", "namespace": "http://inspire.pgi.gov.pl/so/mr/Midas.paliwaKopalne", "scalar": null, "scalar_uom": null, "dateOfDiscovery": null, "calorificValue": null, "quantity": null, "verticalExtent": null }, "geometry": { "type": "Polygon", "coordinates": [ [ [ 2147778.071205, 6436850.624955999664962 ], [ 2146978.132206, 6436176.784089 ], [ 2146030.900934999808669, 6435652.239760999567807 ], [ 2145473.877648000139743, 6435367.137472 ], [ 2144963.955327999778092, 6435239.635692999698222 ], [ 2144408.150520000141114, 6435195.896708999760449 ], [ 2143704.198704999871552, 6435152.821750000119209 ], [ 2143305.776914999820292, 6435098.979542000219226 ], [ 2142990.481823000125587, 6434998.306435000151396 ], [ 2142740.052205, 6434906.609367 ], [ 2145795.30919, 6434826.977686 ], [ 2147257.989062, 6434763.861705999821424 ], [ 2145639.929858, 6433360.79211699962616 ], [ 2143795.780427, 6432970.54126700013876 ], [ 2142035.830424999818206, 6432737.331212 ], [ 2140573.080093, 6432706.690405 ], [ 2139749.573814, 6432793.77766599971801 ], [ 2139101.396064000204206, 6432750.092616000212729 ], [ 2138739.806245000101626, 6432612.351277999579906 ], [ 2138572.692142, 6432492.364903000183403 ], [ 2138599.854596000164747, 6432343.732986000366509 ], [ 2138738.014709, 6432176.081303999759257 ], [ 2137256.617004999890924, 6432079.963120000436902 ], [ 2136412.356753, 6431572.756478000432253 ], [ 2136124.695504, 6431378.949354999698699 ], [ 2135808.933546000160277, 6431092.43298100028187 ], [ 2135780.680711000226438, 6430962.606925000436604 ], [ 2135817.002183999866247, 6430776.854705000296235 ], [ 2136066.17404, 6430590.29806699976325 ], [ 2136518.928204, 6430402.953028 ], [ 2137166.397652000188828, 6430316.902599000371993 ], [ 2137527.12574, 6430269.071301000192761 ], [ 2137914.867507, 6430035.516002000309527 ], [ 2138061.171273999847472, 6429598.781534999608994 ], [ 2137726.420277, 6429191.848470999859273 ], [ 2137105.202724, 6428869.562802 ], [ 2135771.82512200018391, 6428605.635936999693513 ], [ 2134106.390704, 6428602.486433999612927 ], [ 2132478.065868999809027, 6428626.71220999956131 ], [ 2131220.183693000115454, 6428760.768721000291407 ], [ 2130480.518685, 6428930.137558000162244 ], [ 2129740.684090999886394, 6429053.050614999607205 ], [ 2129120.620137, 6429008.528053999878466 ], [ 2128583.432734, 6428824.542569000273943 ], [ 2127990.494388999883085, 6428547.905055999755859 ], [ 2126952.182467999868095, 6427780.756253999657929 ], [ 2125868.097683, 6427124.986321000382304 ], [ 2124609.611176, 6426951.903737000189722 ], [ 2124063.584969, 6426841.905461000278592 ], [ 2123453.100178999826312, 6426852.609259 ], [ 2122843.703846000134945, 6427354.909145999699831 ], [ 2121723.141303999815136, 6426763.651847999542952 ], [ 2120844.138305999804288, 6426635.58469 ], [ 2120048.567882999777794, 6426590.750098999589682 ], [ 2119262.472800999879837, 6426666.406451 ], [ 2118467.240447000134736, 6426816.210858000442386 ], [ 2117727.511481999885291, 6426984.404135 ], [ 2117172.703096999786794, 6427115.145712000317872 ], [ 2116663.993233, 6427153.02118599973619 ], [ 2115905.250325, 6426996.419103000313044 ], [ 2114979.730820000171661, 6426598.799108999781311 ], [ 2114063.506752000190318, 6426163.98544 ], [ 2113202.832158000208437, 6425691.937761000357568 ], [ 2112440.82031900016591, 6425373.84375 ], [ 2112249.845565, 6425294.110488999634981 ], [ 2111733.485543999820948, 6425136.54191100038588 ], [ 2111487.793366, 6425071.206541 ], [ 2111027.647613000124693, 6424950.390657000243664 ], [ 2110727.894857999868691, 6424888.071781000122428 ], [ 2110357.373120000120252, 6424837.502336 ], [ 2109904.747198999859393, 6425046.030009999871254 ], [ 2109509.98117099981755, 6425332.989459999836981 ], [ 2109096.585128, 6425908.637253999710083 ], [ 2108856.218061999883503, 6426094.267458000220358 ], [ 2108079.405288000125438, 6426317.255629000253975 ], [ 2107709.403215, 6426233.939886 ], [ 2107394.892699, 6426122.763673 ], [ 2106802.991832000203431, 6426234.261355999857187 ], [ 2105933.388059999793768, 6425260.663981 ], [ 2105054.817100999876857, 6425121.68476300034672 ], [ 2104259.507147000171244, 6424444.768632999621332 ], [ 2103556.796987, 6423675.120802000164986 ], [ 2102928.233794999774545, 6422553.199966999702156 ], [ 2102373.855624999850988, 6421116.24197299964726 ], [ 2101570.195005999878049, 6419494.071437999606133 ], [ 2100636.802776999771595, 6419493.726863999851048 ], [ 2100092.217425, 6418131.282084999606013 ], [ 2099898.722437, 6417056.412064 ], [ 2099695.861002, 6416315.163795 ], [ 2099280.457417999859899, 6415786.909277999773622 ], [ 2098809.59760499978438, 6415397.574598000384867 ], [ 2098338.679982999805361, 6415156.432048000395298 ], [ 2097904.694408, 6414970.871662000194192 ], [ 2097433.724781999830157, 6414859.361212999559939 ], [ 2096898.011626, 6414868.17819800041616 ], [ 2096251.375783, 6414969.479516999796033 ], [ 2096112.662193, 6415145.333626000210643 ], [ 2096407.756666, 6415664.328121 ], [ 2096942.727397, 6416581.902181000448763 ], [ 2097412.990809, 6417684.796877999790013 ], [ 2097486.412109000142664, 6418305.656309000216424 ], [ 2097606.112751999869943, 6418843.197746000252664 ], [ 2097596.406194999814034, 6419436.27426499966532 ], [ 2097651.427560000214726, 6419983.10417199973017 ], [ 2096939.740557, 6420047.39002799987793 ], [ 2095451.613507, 6420203.516083999536932 ], [ 2095144.076073, 6420155.733478999696672 ], [ 2095323.570202, 6420204.010653999634087 ], [ 2095673.704597, 6420225.198781000450253 ], [ 2096109.575391, 6420152.438490999862552 ], [ 2096109.575545, 6420152.438958000391722 ], [ 2096109.57632, 6420152.438803999684751 ], [ 2096273.36837, 6420852.894952000118792 ], [ 2096447.707497, 6421397.994115999899805 ], [ 2097073.452409, 6422060.903426 ], [ 2097513.969606, 6422201.290234999731183 ], [ 2097805.857973999809474, 6422000.048755000345409 ], [ 2098360.080213999841362, 6421475.321530999615788 ], [ 2098712.531919000204653, 6421463.38926300033927 ], [ 2098712.532693, 6421463.389575 ], [ 2099715.864963000174612, 6421779.059159000404179 ], [ 2099715.865737, 6421779.059471 ], [ 2101127.742668999824673, 6422437.310844000428915 ], [ 2101127.743598000146449, 6422437.311156 ], [ 2101550.139591, 6423067.329905999824405 ], [ 2101902.881116999778897, 6423827.845807 ], [ 2102434.769607, 6424483.103821 ], [ 2103340.106608000118285, 6425170.991763999685645 ], [ 2103824.015358, 6425124.174877 ], [ 2104164.610377000179142, 6425137.274341000244021 ], [ 2104164.610686, 6425137.274652999825776 ], [ 2104164.611306, 6425137.274652999825776 ], [ 2105544.893538999836892, 6426555.193203999660909 ], [ 2107053.223071999847889, 6426222.795885000377893 ], [ 2107053.223536999896169, 6426222.796352 ], [ 2107053.224002, 6426222.796197 ], [ 2107518.186952999792993, 6426648.45665 ], [ 2107518.187107999809086, 6426648.456806000322104 ], [ 2108065.213860999792814, 6426742.321348999626935 ], [ 2110032.604915999807417, 6426698.017835999839008 ], [ 2110032.605846, 6426698.018148000352085 ], [ 2112270.1765, 6427509.671187000349164 ], [ 2112270.177275000140071, 6427509.671497999690473 ], [ 2113836.015534, 6429122.302992000244558 ], [ 2114345.203119, 6429728.745486999861896 ], [ 2114443.112782, 6430014.363169999793172 ], [ 2113121.170927000232041, 6430481.197468999773264 ], [ 2115492.085339, 6431614.077894000336528 ], [ 2115492.085649999789894, 6431614.077894000336528 ], [ 2117498.337353, 6431489.138745999895036 ], [ 2119274.482799000106752, 6431609.019070000387728 ], [ 2121257.192014, 6431866.96267499960959 ], [ 2121257.191858999896795, 6431866.962830999866128 ], [ 2121257.192944999784231, 6431866.962985999882221 ], [ 2119907.045146000105888, 6433901.72114900033921 ], [ 2119539.204987000208348, 6433880.57003999967128 ], [ 2118508.194782, 6433858.513449000194669 ], [ 2118867.096793999895453, 6434339.540918 ], [ 2119041.768377999775112, 6434351.019232000224292 ], [ 2121029.774857, 6434481.398389000445604 ], [ 2126622.792461, 6434817.58361 ], [ 2126626.411001999862492, 6434898.827251999638975 ], [ 2126650.604166000150144, 6436124.486982 ], [ 2126650.604942, 6436124.487292 ], [ 2126834.955817999783903, 6436180.638062000274658 ], [ 2127385.845135999843478, 6436348.404449 ], [ 2127385.846068, 6436348.404759 ], [ 2128791.159010999836028, 6437038.674239999614656 ], [ 2128791.159322000108659, 6437038.674239999614656 ], [ 2129440.77027599979192, 6436995.864552999846637 ], [ 2129440.770587, 6436995.864864000119269 ], [ 2129440.771052999887615, 6436995.864862999878824 ], [ 2129874.424615, 6437410.924216000363231 ], [ 2129874.42477, 6437410.924371000379324 ], [ 2130424.448692, 6437509.609067999757826 ], [ 2130424.449002999812365, 6437509.60922299977392 ], [ 2130424.449624000117183, 6437509.609376999549568 ], [ 2130821.792839999776334, 6437892.404570000246167 ], [ 2131710.629528, 6438576.458246000111103 ], [ 2132558.49363, 6439059.309809999540448 ], [ 2132673.883547000121325, 6439111.659873000346124 ], [ 2133348.089346, 6439417.494583000428975 ], [ 2133348.090276999864727, 6439417.494737000204623 ], [ 2133780.122307000216097, 6439684.220804999582469 ], [ 2134348.926835999824107, 6440239.728402 ], [ 2134780.447501, 6440176.958191 ], [ 2138264.843371000140905, 6439660.795033999718726 ], [ 2139549.645903000142425, 6439390.425107999704778 ], [ 2137384.807391, 6439006.784161999821663 ], [ 2144254.432056, 6437883.649516000412405 ], [ 2144208.405722000170499, 6437509.507880000397563 ], [ 2147778.071205, 6436850.624955999664962 ] ] ] } },
{ "type": "Feature", "properties": { "gml_id": "FossilFuelResource.per.pow80554", "identifier": "http://inspire.pgi.gov.pl/so/mr/Midas.paliwaKopalne/FossilFuelResource.per.pow80554", "beginLifespanVersion": null, "localId": "FossilFuelResource.per.pow80554", "namespace": "http://inspire.pgi.gov.pl/so/mr/Midas.paliwaKopalne", "scalar": -1000.0, "scalar_uom": "m", "dateOfDiscovery": null, "calorificValue": null, "quantity": null, "verticalExtent": null }, "geometry": { "type": "Polygon", "coordinates": [ [ [ 2099591.76042400021106, 6477371.240218999795616 ], [ 2101125.852577, 6476715.178082000464201 ], [ 2103895.517529, 6475623.477547000162303 ], [ 2104744.334036, 6475303.908169000409544 ], [ 2105131.412357000168413, 6475046.983865999616683 ], [ 2105733.446591, 6474644.253843000158668 ], [ 2107511.902110000140965, 6473323.825194999575615 ], [ 2107640.53155, 6473074.383212000131607 ], [ 2108285.647086, 6471823.212244999594986 ], [ 2108943.796747, 6471333.909107999876142 ], [ 2110280.958617, 6470339.539076000452042 ], [ 2110707.944036, 6470021.942940000444651 ], [ 2110891.371535, 6469995.292259999550879 ], [ 2110782.768213000148535, 6468216.419048000127077 ], [ 2110306.725500000175089, 6467900.059159999713302 ], [ 2109599.703867999836802, 6467430.127244999632239 ], [ 2109002.172305, 6467001.176668000407517 ], [ 2108638.97846300015226, 6466740.418505 ], [ 2108638.977994999848306, 6466740.41866 ], [ 2108638.97675, 6466740.417878 ], [ 2108096.422515000216663, 6467014.539446 ], [ 2105297.119491000194103, 6466915.420521000400186 ], [ 2105297.116837, 6466915.425359999760985 ], [ 2105297.11075, 6466915.436130000278354 ], [ 2099089.248652, 6467904.614834999665618 ], [ 2096364.392176, 6468962.220423 ], [ 2095186.17478, 6469419.205605000257492 ], [ 2095186.169643, 6469419.203716999851167 ], [ 2095181.843771, 6469417.589859999716282 ], [ 2095181.551608, 6469425.107204000465572 ], [ 2093370.216661, 6469659.035492000170052 ], [ 2091847.998058999888599, 6469817.43755 ], [ 2090844.481927, 6469864.619339999742806 ], [ 2089201.013178, 6469941.625891 ], [ 2086075.200624, 6470087.186436999589205 ], [ 2085953.515453, 6470106.381013999693096 ], [ 2085842.14867, 6470118.14266400039196 ], [ 2085824.767863, 6470249.546187999658287 ], [ 2085741.283727, 6470868.084510000422597 ], [ 2085747.764882, 6470876.762074000202119 ], [ 2085911.358282, 6471180.744687000289559 ], [ 2087300.168971, 6473223.039811999537051 ], [ 2087300.168502, 6473223.040122999809682 ], [ 2087400.583803, 6473370.675974000245333 ], [ 2088129.140028999885544, 6474441.730615000240505 ], [ 2090835.206316, 6477026.041628000326455 ], [ 2092615.313498, 6478779.267688999883831 ], [ 2095186.090223, 6479253.477087999694049 ], [ 2098057.426868999842554, 6478027.069040999747813 ], [ 2099591.76042400021106, 6477371.240218999795616 ] ] ] } },
{ "type": "Feature", "properties": { "gml_id": "FossilFuelResource.per.pow80675", "identifier": "http://inspire.pgi.gov.pl/so/mr/Midas.paliwaKopalne/FossilFuelResource.per.pow80675", "beginLifespanVersion": null, "localId": "FossilFuelResource.per.pow80675", "namespace": "http://inspire.pgi.gov.pl/so/mr/Midas.paliwaKopalne", "scalar": null, "scalar_uom": null, "dateOfDiscovery": null, "calorificValue": null, "quantity": null, "verticalExtent": null }, "geometry": { "type": "Polygon", "coordinates": [ [ [ 2082745.616355, 6437254.045442 ], [ 2082745.616354, 6437254.045753000304103 ], [ 2084104.004504, 6437251.958371000364423 ], [ 2084661.712895999895409, 6437255.654977000318468 ], [ 2085766.676398, 6437262.868214 ], [ 2087035.560821, 6437214.980557999573648 ], [ 2091339.870045, 6437362.211155000142753 ], [ 2094459.292134, 6436508.145434999838471 ], [ 2095224.357818, 6436298.486014000140131 ], [ 2096803.517053, 6435865.491858 ], [ 2099773.736314999870956, 6435050.204475999809802 ], [ 2099824.944625, 6437025.83865899965167 ], [ 2106028.470156999770552, 6435931.509100999683142 ], [ 2108369.806494, 6435526.110223 ], [ 2109168.576223, 6435392.670168999582529 ], [ 2109710.238465, 6435304.936521000228822 ], [ 2110222.219971000216901, 6435221.976785000413656 ], [ 2110573.164293999783695, 6435165.092411000281572 ], [ 2111166.193860999774188, 6435068.933795999735594 ], [ 2111728.827257, 6434977.663920000195503 ], [ 2112506.233527999836951, 6434851.48928099963814 ], [ 2113601.93671299982816, 6434673.52764100022614 ], [ 2113750.513514, 6434576.318004 ], [ 2113899.086858000140637, 6434479.106835000216961 ], [ 2117304.277873000130057, 6434393.489880999550223 ], [ 2117560.606077999807894, 6434386.988461 ], [ 2118867.096018, 6434339.540606999769807 ], [ 2118508.193851000163704, 6433858.513138 ], [ 2119539.204210999887437, 6433880.569729000329971 ], [ 2119907.044214999768883, 6433901.720838 ], [ 2121257.191858999896795, 6431866.962830999866128 ], [ 2119274.483575, 6431609.019380999729037 ], [ 2117498.338283999823034, 6431489.139057000167668 ], [ 2115492.086269999854267, 6431614.078204999677837 ], [ 2115492.085649999789894, 6431614.077894000336528 ], [ 2115492.085339, 6431614.077894000336528 ], [ 2113121.170927000232041, 6430481.197468999773264 ], [ 2113121.169995999895036, 6430481.197158000431955 ], [ 2114443.112007, 6430014.362858000211418 ], [ 2114345.202188, 6429728.745175999589264 ], [ 2113836.014604, 6429122.302681 ], [ 2112270.1765, 6427509.671187000349164 ], [ 2110032.605846, 6426698.018148000352085 ], [ 2108065.214790999889374, 6426742.321661000140011 ], [ 2108065.213860999792814, 6426742.321348999626935 ], [ 2107518.187107999809086, 6426648.456806000322104 ], [ 2107518.186952999792993, 6426648.45665 ], [ 2107518.186333000194281, 6426648.456493999809027 ], [ 2107053.223536999896169, 6426222.796352 ], [ 2105544.893848999869078, 6426555.193515 ], [ 2105544.893538999836892, 6426555.193203999660909 ], [ 2105544.893073999788612, 6426555.193203999660909 ], [ 2104164.610686, 6425137.274652999825776 ], [ 2103824.016288000158966, 6425124.17518899962306 ], [ 2103340.107073000166565, 6425170.992075 ], [ 2103340.106608000118285, 6425170.991763999685645 ], [ 2103340.106143, 6425170.991763000376523 ], [ 2102434.768833000212908, 6424483.103508999571204 ], [ 2101902.880342000164092, 6423827.845494999550283 ], [ 2101550.138662000186741, 6423067.329594000242651 ], [ 2101127.742668999824673, 6422437.310844000428915 ], [ 2099715.865737, 6421779.059471 ], [ 2099715.864963000174612, 6421779.059159000404179 ], [ 2098712.532693, 6421463.389575 ], [ 2098360.080988000147045, 6421475.321843000128865 ], [ 2097805.858748000115156, 6422000.049067 ], [ 2097513.970534999854863, 6422201.290547999553382 ], [ 2097513.969606, 6422201.290234999731183 ], [ 2097073.452409, 6422060.903426 ], [ 2097073.45148, 6422060.903113 ], [ 2096447.706723, 6421397.99380400031805 ], [ 2096273.367597, 6420852.894639000296593 ], [ 2096109.575545, 6420152.438958000391722 ], [ 2095673.70537, 6420225.199094000272453 ], [ 2095323.571131, 6420204.010967000387609 ], [ 2095323.570202, 6420204.010653999634087 ], [ 2095144.076073, 6420155.733478999696672 ], [ 2095144.075608, 6420155.733478000387549 ], [ 2094681.894828000105917, 6420031.405247 ], [ 2094463.71884, 6419942.088217999786139 ], [ 2094146.192454, 6419812.086964 ], [ 2093536.993926, 6420017.087107 ], [ 2093249.920657, 6419989.408653999678791 ], [ 2093249.919729, 6419989.408339999616146 ], [ 2091743.539752, 6419656.314476000145078 ], [ 2090554.716031, 6419621.07316100038588 ], [ 2090088.837364, 6419799.669131999835372 ], [ 2089524.25264, 6420040.044804999604821 ], [ 2089524.251866, 6420040.044491999782622 ], [ 2089169.849525, 6419932.698571000248194 ], [ 2089169.848596999887377, 6419932.698257000185549 ], [ 2087768.766788, 6419464.687004 ], [ 2087481.394179, 6420245.195112000219524 ], [ 2087568.144864, 6421133.955054 ], [ 2087934.859154, 6422007.366467 ], [ 2087009.349319, 6422045.726231999695301 ], [ 2087009.3487, 6422045.725918999873102 ], [ 2087009.34839, 6422045.725917999632657 ], [ 2086228.365143, 6421669.027148 ], [ 2086228.36437, 6421669.026835000142455 ], [ 2084758.958025, 6420482.280798999592662 ], [ 2083299.734032, 6419318.035255 ], [ 2082157.66073099989444, 6418764.677744000218809 ], [ 2082157.660421, 6418764.677743 ], [ 2081729.735507, 6418729.457463 ], [ 2081301.814412999898195, 6418694.215338 ], [ 2080437.171281, 6418910.197479999624193 ], [ 2079767.587636, 6419220.399008000269532 ], [ 2079417.022109, 6419529.44000899977982 ], [ 2078601.952503, 6420420.94508200045675 ], [ 2079437.716941, 6422023.623712999746203 ], [ 2079754.981471, 6422627.410523000173271 ], [ 2080138.872897, 6424017.49473400041461 ], [ 2080325.343060000101104, 6424766.528374999761581 ], [ 2080385.729339, 6424977.372188 ], [ 2080021.927958, 6426363.656248999759555 ], [ 2079209.618132, 6429458.103403000161052 ], [ 2083481.664874, 6429749.774790000170469 ], [ 2083390.779584999894723, 6429992.485688 ], [ 2083155.929192, 6432754.244687000289559 ], [ 2083324.15109, 6432653.202657000161707 ], [ 2082812.671742, 6436720.91758400015533 ], [ 2082745.616355, 6437254.045442 ] ] ] } },
{ "type": "Feature", "properties": { "gml_id": "FossilFuelResource.per.pow80555", "identifier": "http://inspire.pgi.gov.pl/so/mr/Midas.paliwaKopalne/FossilFuelResource.per.pow80555", "beginLifespanVersion": null, "localId": "FossilFuelResource.per.pow80555", "namespace": "http://inspire.pgi.gov.pl/so/mr/Midas.paliwaKopalne", "scalar": null, "scalar_uom": null, "dateOfDiscovery": null, "calorificValue": null, "quantity": null, "verticalExtent": null }, "geometry": { "type": "Polygon", "coordinates": [ [ [ 2057583.770417, 6435855.705597000196576 ], [ 2058367.094388, 6436519.324098000302911 ], [ 2058998.804749999893829, 6437077.749502000398934 ], [ 2059205.853488000109792, 6436955.376365999691188 ], [ 2060051.15298, 6436403.512091999873519 ], [ 2059628.49625, 6435671.621295999735594 ], [ 2059205.913347, 6434939.773097 ], [ 2058980.291647, 6434479.841497999615967 ], [ 2058543.9518, 6433590.273904000408947 ], [ 2057261.569987, 6430975.226153000257909 ], [ 2057274.217201, 6430973.30827600043267 ], [ 2057261.723004, 6430949.666171000339091 ], [ 2057183.607515, 6430967.30024699959904 ], [ 2057055.096753, 6431042.242510999552906 ], [ 2056911.074301, 6431353.326941000297666 ], [ 2056806.188242, 6431428.809522000141442 ], [ 2056570.090917, 6431421.065855000168085 ], [ 2056138.055447, 6431579.034377000294626 ], [ 2056588.282112, 6431849.346508 ], [ 2056791.18083, 6431971.15447000041604 ], [ 2057039.777748999884352, 6432195.304867999628186 ], [ 2057186.3776, 6432455.997739000245929 ], [ 2057322.632212, 6432911.542351 ], [ 2057365.873828, 6433450.119575000368059 ], [ 2057387.51538, 6433871.728023 ], [ 2056695.686326, 6433923.311092000454664 ], [ 2056037.245641000103205, 6434133.629226 ], [ 2055035.564802, 6434462.874471999704838 ], [ 2054366.590511, 6434905.16790600027889 ], [ 2056699.715276, 6435000.467155000194907 ], [ 2056726.255108, 6434999.918774999678135 ], [ 2056634.731752, 6435051.858903000131249 ], [ 2057583.770417, 6435855.705597000196576 ] ] ] } },
{ "type": "Feature", "properties": { "gml_id": "FossilFuelResource.per.pow80676", "identifier": "http://inspire.pgi.gov.pl/so/mr/Midas.paliwaKopalne/FossilFuelResource.per.pow80676", "beginLifespanVersion": null, "localId": "FossilFuelResource.per.pow80676", "namespace": "http://inspire.pgi.gov.pl/so/mr/Midas.paliwaKopalne", "scalar": null, "scalar_uom": null, "dateOfDiscovery": null, "calorificValue": null, "quantity": null, "verticalExtent": null }, "geometry": { "type": "Polygon", "coordinates": [ [ [ 2124322.754398, 6439173.069880000315607 ], [ 2128059.096235, 6442328.477907000109553 ], [ 2128138.511006, 6442395.513905 ], [ 2130206.712458999827504, 6441405.021662999875844 ], [ 2132163.553112000226974, 6440557.266092999838293 ], [ 2134348.925904000177979, 6440239.728248000144958 ], [ 2134247.764252999797463, 6440140.936836999841034 ], [ 2133780.121375000104308, 6439684.220495999790728 ], [ 2133348.089346, 6439417.494583000428975 ], [ 2132673.883547000121325, 6439111.659873000346124 ], [ 2132558.49363, 6439059.309809999540448 ], [ 2132558.492697, 6439059.309500000439584 ], [ 2131710.628596, 6438576.457936 ], [ 2130821.7920630001463, 6437892.404260000213981 ], [ 2130424.449002999812365, 6437509.60922299977392 ], [ 2130424.448692, 6437509.609067999757826 ], [ 2129874.42477, 6437410.924371000379324 ], [ 2129874.424615, 6437410.924216000363231 ], [ 2129874.423994, 6437410.924216999672353 ], [ 2129440.770587, 6436995.864864000119269 ], [ 2128791.159943, 6437038.674549999646842 ], [ 2128791.159322000108659, 6437038.674239999614656 ], [ 2128791.159010999836028, 6437038.674239999614656 ], [ 2127385.846068, 6436348.404759 ], [ 2127385.845135999843478, 6436348.404449 ], [ 2126834.955817999783903, 6436180.638062000274658 ], [ 2126650.604942, 6436124.487292 ], [ 2126529.286342999897897, 6439171.922772999852896 ], [ 2124387.078207000158727, 6439172.813985000364482 ], [ 2124322.754398, 6439173.069880000315607 ] ] ] } },
{ "type": "Feature", "properties": { "gml_id": "FossilFuelResource.per.pow80560", "identifier": "http://inspire.pgi.gov.pl/so/mr/Midas.paliwaKopalne/FossilFuelResource.per.pow80560", "beginLifespanVersion": null, "localId": "FossilFuelResource.per.pow80560", "namespace": "http://inspire.pgi.gov.pl/so/mr/Midas.paliwaKopalne", "scalar": null, "scalar_uom": null, "dateOfDiscovery": null, "calorificValue": null, "quantity": null, "verticalExtent": null }, "geometry": { "type": "Polygon", "coordinates": [ [ [ 2184059.04569, 6454007.291127 ], [ 2183202.757954, 6455602.955108 ], [ 2184572.761402000207454, 6455614.987103000283241 ], [ 2185875.918931, 6455609.865001000463963 ], [ 2187456.252894000150263, 6455557.545195000246167 ], [ 2189011.317418000195175, 6455361.761173999868333 ], [ 2189405.39837499987334, 6455297.253267999738455 ], [ 2189745.973424000199884, 6454179.427578000351787 ], [ 2190010.257191999815404, 6452891.714754999615252 ], [ 2190070.381200000178069, 6451615.77530699968338 ], [ 2189342.992996000219136, 6451307.391475000418723 ], [ 2189655.589079999830574, 6450196.412143999710679 ], [ 2189889.642761, 6449542.399115 ], [ 2190316.528368, 6448709.486345999874175 ], [ 2190660.875992999877781, 6447970.596350000239909 ], [ 2191183.076312, 6447378.599585000425577 ], [ 2191737.965173, 6447223.468525 ], [ 2192639.53815900022164, 6447371.335781999863684 ], [ 2193234.598656000103801, 6447485.435937000438571 ], [ 2194014.343686, 6447522.922512999735773 ], [ 2194867.764833999797702, 6447512.955117999576032 ], [ 2195609.213376, 6447448.403834999538958 ], [ 2196743.140106, 6448402.52948 ], [ 2197961.584497999865562, 6447876.143114999867976 ], [ 2198940.167313000187278, 6447473.486684000119567 ], [ 2199677.257625999860466, 6447055.102141000330448 ], [ 2200328.389785000123084, 6446442.384921000339091 ], [ 2200608.908483999781311, 6445871.478900999762118 ], [ 2200884.433827000204474, 6444900.725193000398576 ], [ 2201067.516849999781698, 6443959.126229000277817 ], [ 2201051.705107000190765, 6442685.370015 ], [ 2201129.168684000149369, 6441457.126326999627054 ], [ 2201283.76019399985671, 6440469.783061999827623 ], [ 2201303.930269000120461, 6439856.031475 ], [ 2201241.386533999815583, 6439299.126685 ], [ 2200958.412937, 6438903.00882999971509 ], [ 2200648.58672699984163, 6438581.583839000202715 ], [ 2199815.781053000129759, 6437932.078055 ], [ 2198563.02852200018242, 6437027.494849000126123 ], [ 2196921.252727, 6436108.9205 ], [ 2197131.984852000139654, 6435911.284637999720871 ], [ 2195992.691567, 6435934.191882000304759 ], [ 2195122.796478999778628, 6436018.808619 ], [ 2194494.041089000180364, 6436137.404729999601841 ], [ 2194371.878496, 6435927.740629999898374 ], [ 2194017.860312, 6435320.109217000193894 ], [ 2192747.131891, 6433383.649383 ], [ 2191893.76915, 6432352.82997400034219 ], [ 2191061.681638999842107, 6431640.598135 ], [ 2190993.113533, 6433172.201034000143409 ], [ 2190654.048233, 6435662.095208999700844 ], [ 2189790.170797000173479, 6438383.214277000166476 ], [ 2189663.00271000014618, 6438811.245516000315547 ], [ 2189535.821560999844223, 6439239.296546 ], [ 2189313.562876999843866, 6439870.265193000435829 ], [ 2188790.801283, 6441568.419126000255346 ], [ 2187637.516218999866396, 6442284.671315000392497 ], [ 2186419.227694999892265, 6442929.974891000427306 ], [ 2186149.300141000188887, 6443070.038126000203192 ], [ 2184581.670282000210136, 6443954.953553999774158 ], [ 2184950.088339999783784, 6444492.794323000125587 ], [ 2185338.005123000126332, 6445204.598314999602735 ], [ 2183931.930435, 6447655.740353000350296 ], [ 2184404.690787000115961, 6447821.431994999758899 ], [ 2184404.709799999836832, 6447821.438536999747157 ], [ 2184737.200885000173002, 6447942.585510999895632 ], [ 2184737.81633900012821, 6447941.342504999600351 ], [ 2184797.199723000172526, 6447821.376415000297129 ], [ 2185210.642353999894112, 6447003.770463 ], [ 2185915.162461, 6446091.222492 ], [ 2185609.219137, 6445591.744947000406682 ], [ 2186326.603881999850273, 6444468.910790000110865 ], [ 2186326.620435, 6444468.920928999781609 ], [ 2186326.622889, 6444468.917169 ], [ 2186740.873643000144511, 6444726.857549999840558 ], [ 2187151.567836000118405, 6444973.993235999718308 ], [ 2187562.28626, 6445221.115731 ], [ 2187562.287039999850094, 6445221.116035999730229 ], [ 2187647.600736999884248, 6445272.444387 ], [ 2188165.921078000217676, 6445501.019535999745131 ], [ 2187873.91923200013116, 6446481.612506999634206 ], [ 2187162.321787000168115, 6448254.664605 ], [ 2186931.350465000141412, 6448829.321494 ], [ 2186264.795181000139564, 6450474.502000999636948 ], [ 2185904.117614999879152, 6451249.903532999567688 ], [ 2185603.053460999857634, 6451164.288421999663115 ], [ 2185262.798988999798894, 6451763.475275999866426 ], [ 2184059.04569, 6454007.291127 ] ] ] } },
{ "type": "Feature", "properties": { "gml_id": "FossilFuelResource.per.pow80561", "identifier": "http://inspire.pgi.gov.pl/so/mr/Midas.paliwaKopalne/FossilFuelResource.per.pow80561", "beginLifespanVersion": null, "localId": "FossilFuelResource.per.pow80561", "namespace": "http://inspire.pgi.gov.pl/so/mr/Midas.paliwaKopalne", "scalar": null, "scalar_uom": null, "dateOfDiscovery": null, "calorificValue": null, "quantity": null, "verticalExtent": null }, "geometry": { "type": "Polygon", "coordinates": [ [ [ 2180676.803842000197619, 6435747.357769999653101 ], [ 2180255.168662, 6436203.299711000174284 ], [ 2179851.082992, 6436640.221200999803841 ], [ 2179430.298163, 6437229.202689000405371 ], [ 2179167.005661999806762, 6437826.078774999827147 ], [ 2179003.337888999842107, 6438171.265479000285268 ], [ 2178692.180284, 6438601.393485000357032 ], [ 2178315.320547, 6438939.207526000216603 ], [ 2178018.066124999895692, 6439175.979673 ], [ 2181841.273496999870986, 6439171.395666999742389 ], [ 2181907.083073, 6438953.078308999538422 ], [ 2181683.377539999783039, 6438953.095371999777853 ], [ 2181459.671970999799669, 6438953.106255000457168 ], [ 2182220.796019999776036, 6438352.228059999644756 ], [ 2182547.762025999836624, 6438094.065720999613404 ], [ 2184923.378626000136137, 6436252.4512959998101 ], [ 2185695.339704, 6435705.787278999574482 ], [ 2187093.871741999872029, 6434715.143974999897182 ], [ 2187735.601700999774039, 6434858.911035000346601 ], [ 2187958.661644999869168, 6434304.017911000177264 ], [ 2188347.532552000135183, 6433834.493661000393331 ], [ 2188845.524576, 6433356.636682 ], [ 2189483.407753, 6432744.459796999581158 ], [ 2190274.675419, 6432145.931154999881983 ], [ 2190424.96745300013572, 6432039.665172999724746 ], [ 2191050.146609, 6431630.73340000025928 ], [ 2190800.908167, 6431417.367309000343084 ], [ 2190342.596102000214159, 6430057.675371999852359 ], [ 2189941.087543, 6428808.953466 ], [ 2189571.424811999779195, 6427949.775731000117958 ], [ 2188514.732828, 6428684.322390999644995 ], [ 2187595.55123500013724, 6429306.054521 ], [ 2187125.920707, 6429542.754024 ], [ 2186740.921440000180155, 6429917.807653999887407 ], [ 2186385.563556000124663, 6430487.477234000340104 ], [ 2185911.556549, 6431234.696961999870837 ], [ 2185564.620629, 6431730.071891999803483 ], [ 2185290.169739999808371, 6432066.938656000420451 ], [ 2184535.494618999771774, 6432529.140851999633014 ], [ 2184388.758886000141501, 6432674.45355200022459 ], [ 2184242.017895999830216, 6432819.766361 ], [ 2183710.198986, 6433363.350402999669313 ], [ 2183104.766868, 6433963.342786000110209 ], [ 2182692.910294, 6434477.938439000397921 ], [ 2181629.646286999806762, 6434655.028714999556541 ], [ 2181098.392877, 6435291.41928 ], [ 2180676.803842000197619, 6435747.357769999653101 ] ] ] } },
{ "type": "Feature", "properties": { "gml_id": "FossilFuelResource.per.pow81093", "identifier": "http://inspire.pgi.gov.pl/so/mr/Midas.paliwaKopalne/FossilFuelResource.per.pow81093", "beginLifespanVersion": null, "localId": "FossilFuelResource.per.pow81093", "namespace": "http://inspire.pgi.gov.pl/so/mr/Midas.paliwaKopalne", "scalar": null, "scalar_uom": null, "dateOfDiscovery": null, "calorificValue": null, "quantity": null, "verticalExtent": null }, "geometry": { "type": "Polygon", "coordinates": [ [ [ 2245836.322495, 6507974.633011000230908 ], [ 2266735.958387, 6518936.364021999761462 ], [ 2281761.71637099981308, 6518754.086787999607623 ], [ 2281822.191691999789327, 6500072.525957000441849 ], [ 2281856.180294, 6489632.794428000226617 ], [ 2281901.854446, 6475672.836090999655426 ], [ 2273387.512988000176847, 6475823.296896999701858 ], [ 2273564.620228, 6490069.672848000191152 ], [ 2262688.378937, 6489978.128688000142574 ], [ 2262597.238034000154585, 6475905.597713000141084 ], [ 2265910.430265, 6475900.301714999601245 ], [ 2269223.601013000123203, 6475893.680118000134826 ], [ 2268989.924589000176638, 6468044.966356 ], [ 2277421.628893, 6458706.605947 ], [ 2277337.388537, 6450481.972915999591351 ], [ 2275457.113537, 6449853.444497999735177 ], [ 2275394.442292000167072, 6449832.486945999786258 ], [ 2266086.912957, 6447281.893202000297606 ], [ 2259871.557275, 6446993.074972 ], [ 2241108.613038000185043, 6446664.733253000304103 ], [ 2240899.993303999770433, 6457921.360809000208974 ], [ 2238277.526475000195205, 6462207.341330000199378 ], [ 2232247.278122, 6472051.4170540003106 ], [ 2232220.845784999895841, 6500796.87103 ], [ 2245836.322495, 6507974.633011000230908 ] ] ] } },
{ "type": "Feature", "properties": { "gml_id": "FossilFuelResource.progn.pow80335", "identifier": "http://inspire.pgi.gov.pl/so/mr/Midas.paliwaKopalne/FossilFuelResource.progn.pow80335", "beginLifespanVersion": null, "localId": "FossilFuelResource.progn.pow80335", "namespace": "http://inspire.pgi.gov.pl/so/mr/Midas.paliwaKopalne", "scalar": -1100.0, "scalar_uom": "m", "dateOfDiscovery": null, "calorificValue": null, "quantity": null, "verticalExtent": null }, "geometry": { "type": "Polygon", "coordinates": [ [ [ 2056149.673402, 6446204.364573 ], [ 2058195.551424, 6448690.503459 ], [ 2059205.309121000114828, 6448251.981510000303388 ], [ 2062135.489139, 6446202.521293999627233 ], [ 2065865.644094000104815, 6443512.964658999815583 ], [ 2062133.051362, 6439793.698167 ], [ 2061850.316575, 6439511.837272999808192 ], [ 2061620.388163999887183, 6439114.687676999717951 ], [ 2060060.801706, 6436420.189674999564886 ], [ 2060051.15298, 6436403.512091999873519 ], [ 2059205.850855, 6436955.375413999892771 ], [ 2056696.085872, 6438438.260134999640286 ], [ 2054541.208419, 6439797.872530999593437 ], [ 2052881.131916, 6440798.929383000358939 ], [ 2053560.555723, 6442097.179422999732196 ], [ 2055349.901539, 6445132.129936000332236 ], [ 2056149.673402, 6446204.364573 ] ] ] } },
{ "type": "Feature", "properties": { "gml_id": "FossilFuelResource.progn.pow80213", "identifier": "http://inspire.pgi.gov.pl/so/mr/Midas.paliwaKopalne/FossilFuelResource.progn.pow80213", "beginLifespanVersion": null, "localId": "FossilFuelResource.progn.pow80213", "namespace": "http://inspire.pgi.gov.pl/so/mr/Midas.paliwaKopalne", "scalar": -1000.0, "scalar_uom": "m", "dateOfDiscovery": null, "calorificValue": null, "quantity": null, "verticalExtent": null }, "geometry": { "type": "Polygon", "coordinates": [ [ [ 2113325.978033000137657, 6444710.519363 ], [ 2113880.354016, 6449510.880400000140071 ], [ 2114865.234557, 6449399.860422000288963 ], [ 2117597.717358000110835, 6448584.882344 ], [ 2120329.666377, 6447769.08433 ], [ 2120329.667785, 6447769.09835399966687 ], [ 2120329.673378, 6447769.096792000345886 ], [ 2124409.113268999848515, 6444638.161229000426829 ], [ 2125447.653066, 6443875.254432000219822 ], [ 2126445.394041, 6443175.699693 ], [ 2128059.096235, 6442328.477750999853015 ], [ 2127249.458552999887615, 6441644.959539 ], [ 2126495.42286999989301, 6441008.268849999643862 ], [ 2124322.77319, 6439173.076241999864578 ], [ 2124280.321988, 6439172.84381700027734 ], [ 2122335.581078, 6439161.963231000117958 ], [ 2119424.948034000117332, 6439144.828009 ], [ 2116338.599076, 6439862.682875 ], [ 2114865.491225, 6440215.17071000020951 ], [ 2114675.052957000210881, 6440249.106302999891341 ], [ 2114484.613142999820411, 6440283.037668 ], [ 2114249.695057999808341, 6440267.776015999726951 ], [ 2114238.79469700017944, 6440267.067758000455797 ], [ 2112765.466014000121504, 6440171.199693 ], [ 2112765.466014000121504, 6440171.198292000219226 ], [ 2112765.460890000220388, 6440171.197979000397027 ], [ 2112825.662511, 6440375.857571000233293 ], [ 2113257.207010999787599, 6444114.833077999763191 ], [ 2113325.978033000137657, 6444710.519363 ] ] ] } },
{ "type": "Feature", "properties": { "gml_id": "FossilFuelResource.progn.pow80453", "identifier": "http://inspire.pgi.gov.pl/so/mr/Midas.paliwaKopalne/FossilFuelResource.progn.pow80453", "beginLifespanVersion": null, "localId": "FossilFuelResource.progn.pow80453", "namespace": "http://inspire.pgi.gov.pl/so/mr/Midas.paliwaKopalne", "scalar": -1000.0, "scalar_uom": "m", "dateOfDiscovery": null, "calorificValue": null, "quantity": null, "verticalExtent": null }, "geometry": { "type": "Polygon", "coordinates": [ [ [ 2054823.422551, 6462216.771902999840677 ], [ 2052309.153615, 6462647.252828000113368 ], [ 2050412.400352, 6462971.485925000160933 ], [ 2048542.125539, 6463094.231575 ], [ 2049134.153476, 6464091.485429000109434 ], [ 2050810.237256, 6466821.293763999827206 ], [ 2052646.722626, 6469705.222106999717653 ], [ 2052797.278778, 6469941.586310000158846 ], [ 2054202.272563, 6472206.228527000173926 ], [ 2055897.44452, 6475116.395860999822617 ], [ 2056482.435638, 6476042.398528999648988 ], [ 2058199.048046, 6475116.460087000392377 ], [ 2058779.330822, 6474870.908874000422657 ], [ 2059204.66623, 6474690.880022999830544 ], [ 2060177.307331, 6474665.232754999771714 ], [ 2064056.242571, 6474601.009062999859452 ], [ 2066352.334901, 6474562.136497999541461 ], [ 2066020.580449, 6470100.865621999837458 ], [ 2065992.027925, 6469716.799766999669373 ], [ 2065855.423041, 6467949.317291 ], [ 2065821.251360000111163, 6467507.126884000375867 ], [ 2065770.000533000100404, 6466843.88470400031656 ], [ 2065734.176736, 6466380.25588 ], [ 2065631.826703999890015, 6465055.511659 ], [ 2065460.848097, 6462842.041125999763608 ], [ 2065460.848098, 6462842.040970000438392 ], [ 2064803.576555, 6462873.650531000457704 ], [ 2064581.18998, 6462191.960541999898851 ], [ 2062452.669662, 6463634.110456 ], [ 2060721.146197, 6464806.690871000289917 ], [ 2059204.874707, 6465696.420819000340998 ], [ 2058815.034713, 6465953.531023000366986 ], [ 2057784.959409999893978, 6466632.766903 ], [ 2056975.105329, 6465404.718453000299633 ], [ 2054823.422551, 6462216.771902999840677 ] ] ] } },
{ "type": "Feature", "properties": { "gml_id": "FossilFuelResource.per.pow76749", "identifier": "http://inspire.pgi.gov.pl/so/mr/Midas.paliwaKopalne/FossilFuelResource.per.pow76749", "beginLifespanVersion": null, "localId": "FossilFuelResource.per.pow76749", "namespace": "http://inspire.pgi.gov.pl/so/mr/Midas.paliwaKopalne", "scalar": -48.9, "scalar_uom": "m", "dateOfDiscovery": null, "calorificValue": null, "quantity": null, "verticalExtent": null }, "geometry": { "type": "Polygon", "coordinates": [ [ [ 2035600.235841, 6876398.962524999864399 ], [ 2036245.389871, 6876363.9688799995929 ], [ 2036323.590486, 6876267.229696 ], [ 2036396.781439, 6876209.45129800029099 ], [ 2036509.381547, 6876142.487641000188887 ], [ 2036634.921003999887034, 6876109.824303000234067 ], [ 2036840.753010000102222, 6876113.986682999879122 ], [ 2037074.825379, 6876122.762519 ], [ 2037290.900455000111833, 6876137.978544999845326 ], [ 2037347.535746, 6876135.144333000294864 ], [ 2037427.995678, 6876119.255292999558151 ], [ 2037609.539405, 6876069.804514000192285 ], [ 2037822.404757, 6875942.504324000328779 ], [ 2038023.403921, 6875885.930126000195742 ], [ 2038188.126289, 6875849.375167000107467 ], [ 2038317.251532, 6875815.032408 ], [ 2038409.591224, 6875814.917887999676168 ], [ 2038480.388444, 6875821.11926 ], [ 2038725.163436, 6875924.585632000118494 ], [ 2038836.280028, 6875992.795722000300884 ], [ 2038915.34701, 6876063.388092 ], [ 2038986.663981, 6876151.477304000407457 ], [ 2039054.42674, 6876335.550704999826849 ], [ 2039121.665858, 6876533.850696999579668 ], [ 2039212.675548, 6876857.64730800036341 ], [ 2039299.187487, 6877015.734547999687493 ], [ 2039349.761219, 6877088.815550000406802 ], [ 2039412.160478, 6877130.305521000176668 ], [ 2039573.87874, 6877175.48730199970305 ], [ 2039690.669567999895662, 6877186.949137000367045 ], [ 2039822.043478, 6877188.26825699955225 ], [ 2039980.348461, 6877133.611290000379086 ], [ 2040088.811579, 6877082.451918999664485 ], [ 2040158.173807, 6877031.629561999812722 ], [ 2040228.848039, 6876945.231466 ], [ 2040331.436662, 6876763.911096000112593 ], [ 2040407.750891, 6876620.770073999650776 ], [ 2040496.930657, 6876417.594699 ], [ 2040837.401211, 6875852.072691 ], [ 2041049.692748, 6875487.943726999685168 ], [ 2041089.341422, 6875375.503592000342906 ], [ 2041154.69576, 6875046.890289000235498 ], [ 2041205.566619, 6874822.760126000270247 ], [ 2041224.194935, 6874702.432283 ], [ 2041218.915666, 6874556.304558999836445 ], [ 2041200.106076, 6874391.897846999578178 ], [ 2041183.127816, 6874273.819911999627948 ], [ 2040379.965946, 6872521.333475000225008 ], [ 2040196.130959, 6872212.075593000277877 ], [ 2040011.981991, 6871911.701626 ], [ 2039852.070094, 6871724.316530000418425 ], [ 2039735.357571, 6871616.8051300002262 ], [ 2039638.208903, 6871556.262718999758363 ], [ 2039512.31049, 6871505.342671000398695 ], [ 2039350.113727, 6871476.192382000386715 ], [ 2039204.65484, 6871474.341144000180066 ], [ 2039069.434902, 6871483.543385 ], [ 2038954.429876, 6871521.946487000212073 ], [ 2038867.51646799989976, 6871568.527742999605834 ], [ 2038365.537932999897748, 6871704.568257000297308 ], [ 2038059.490785, 6871821.234570000320673 ], [ 2037925.959632, 6871880.300634000450373 ], [ 2037680.888046, 6871979.652687000110745 ], [ 2037294.982342999894172, 6872143.128848999738693 ], [ 2037064.273233, 6872237.673390000127256 ], [ 2036779.225503, 6872361.309655000455678 ], [ 2036494.169086, 6872484.937633999623358 ], [ 2036225.376594, 6872553.120430000126362 ], [ 2035946.276830000104383, 6872612.018299999646842 ], [ 2035756.264519, 6872661.795742000453174 ], [ 2035647.51834, 6872721.763077000156045 ], [ 2035516.435476, 6872809.343391000293195 ], [ 2035422.799183000111952, 6872844.948579999618232 ], [ 2034916.626323, 6873183.490485000424087 ], [ 2034494.893827, 6873446.919284 ], [ 2034372.481534, 6873492.121747000142932 ], [ 2034247.325041, 6873515.863097 ], [ 2034137.152251, 6873518.813845999538898 ], [ 2034002.295846, 6873517.269438000395894 ], [ 2033892.926427, 6873498.8914 ], [ 2033777.06935, 6873464.257762 ], [ 2033714.995959, 6873415.635707999579608 ], [ 2033671.050895999884233, 6873357.039200999774039 ], [ 2033637.608792, 6873302.383689999580383 ], [ 2033633.198315, 6873231.049247000366449 ], [ 2033651.264946, 6873128.535209000110626 ], [ 2033713.480072, 6872984.986498000100255 ], [ 2033799.034882, 6872881.472984000109136 ], [ 2033930.8226, 6872776.151422999799252 ], [ 2034112.889005, 6872654.937157000415027 ], [ 2034287.007686, 6872556.544633000157773 ], [ 2034797.920270999893546, 6872280.517357000149786 ], [ 2034927.267276, 6872239.152288 ], [ 2035354.110400999896228, 6872121.821367999538779 ], [ 2035597.550283000105992, 6872066.93501800019294 ], [ 2036203.987659, 6871968.76836400013417 ], [ 2036393.848427, 6871922.537734 ], [ 2036535.226217, 6871844.227533999830484 ], [ 2036612.051614, 6871783.073742999695241 ], [ 2036780.673707, 6871639.959535 ], [ 2037006.033516, 6871402.927938000299037 ], [ 2037161.787023, 6871223.747759999707341 ], [ 2037222.419222, 6871121.058592 ], [ 2037269.641596, 6870806.200919000431895 ], [ 2037322.095474, 6870541.362517000176013 ], [ 2037365.787849, 6869558.699693 ], [ 2037374.676513, 6869224.680954 ], [ 2037402.973004, 6868941.203408 ], [ 2037519.423281, 6868100.878367000259459 ], [ 2037579.571041, 6867724.385545999743044 ], [ 2037586.548924, 6867632.188543000258505 ], [ 2037582.766194, 6867543.14709800016135 ], [ 2037575.30856, 6867457.525561000220478 ], [ 2037543.168250000104308, 6867367.409269000403583 ], [ 2037473.264038, 6867243.905439999885857 ], [ 2037415.352082000114024, 6867179.508581999689341 ], [ 2037345.689388, 6867144.893834000453353 ], [ 2037268.544867, 6867120.684321000240743 ], [ 2037201.103022, 6867121.71624100022018 ], [ 2037125.914996, 6867140.22356600034982 ], [ 2037049.534876, 6867190.71017500013113 ], [ 2036986.530485, 6867263.020101999863982 ], [ 2036913.426145, 6867320.742157000117004 ], [ 2036846.834353, 6867351.976273000240326 ], [ 2036791.688576, 6867364.299205999821424 ], [ 2036736.012738, 6867367.161457999609411 ], [ 2036693.143489, 6867362.866070000454783 ], [ 2036611.634310000110418, 6867337.322313000448048 ], [ 2036571.315589, 6867312.880744 ], [ 2036536.653509, 6867280.997238 ], [ 2036517.006129000103101, 6867255.069420999847353 ], [ 2036466.511813, 6867173.915229000151157 ], [ 2036435.594564, 6867051.851742999628186 ], [ 2036425.800543, 6866934.139103 ], [ 2036436.200442, 6866845.636736 ], [ 2036485.604053, 6866662.595878000371158 ], [ 2036569.754962, 6866449.004445999860764 ], [ 2036658.243337, 6866181.256197 ], [ 2036702.638054, 6866037.157115999609232 ], [ 2036785.8619, 6865898.055529000237584 ], [ 2036853.955485, 6865879.272237 ], [ 2036986.202631, 6865852.22424800042063 ], [ 2037078.428198, 6865852.122534000314772 ], [ 2037180.750746, 6865866.621523000299931 ], [ 2037429.676381, 6865945.268957999534905 ], [ 2037514.554557, 6865951.999365 ], [ 2037664.510862, 6865925.618471000343561 ], [ 2037822.210806, 6865881.728267 ], [ 2037915.096674, 6865863.862103000283241 ], [ 2037982.527956, 6865862.824125000275671 ], [ 2038024.637081, 6865875.063996000215411 ], [ 2038110.683744, 6865945.838227 ], [ 2038148.41113, 6865981.019514 ], [ 2038193.799724, 6866000.492859000340104 ], [ 2038250.342086, 6866006.158227000385523 ], [ 2038310.953852, 6865997.751102999784052 ], [ 2038368.945676, 6865964.354169 ], [ 2038407.132780000101775, 6865891.120056999847293 ], [ 2038427.608753, 6865817.225995999760926 ], [ 2038438.907118, 6865703.876369000412524 ], [ 2038439.710941, 6865586.58118600025773 ], [ 2038418.999842, 6865475.59724900033325 ], [ 2038317.88042, 6865333.171017999760807 ], [ 2037995.593988, 6865129.174680000171065 ], [ 2037668.148541, 6864969.413137 ], [ 2037426.811965999891981, 6864878.630177999846637 ], [ 2037249.230118, 6864790.210694000124931 ], [ 2036998.139604, 6864675.933400000445545 ], [ 2036821.889726, 6864552.035667999647558 ], [ 2036588.091913, 6864354.856196000240743 ], [ 2036495.65494, 6864266.079572999849916 ], [ 2036303.997936999890953, 6864175.348012000322342 ], [ 2036197.891933, 6864167.808950000442564 ], [ 2036100.552383, 6864210.370075000450015 ], [ 2035983.647176, 6864301.951674000360072 ], [ 2035906.092748, 6864384.346308999694884 ], [ 2035834.778461, 6864584.284942000173032 ], [ 2035765.142004, 6864834.067502999678254 ], [ 2035695.082231, 6865000.294003999792039 ], [ 2035560.5377, 6865183.644100000150502 ], [ 2035411.687035, 6865370.013359 ], [ 2035254.199759, 6865502.738618000410497 ], [ 2035163.124541, 6865566.850166000425816 ], [ 2035054.071407, 6865637.411352000199258 ], [ 2034648.570505, 6865762.544703000225127 ], [ 2034395.429409, 6865891.648144000209868 ], [ 2034200.823221, 6865973.175153999589384 ], [ 2033867.67051, 6866154.350451 ], [ 2033742.691336000105366, 6866270.50932199973613 ], [ 2033645.778891, 6866394.827143999747932 ], [ 2033593.109419000102207, 6866474.624075000174344 ], [ 2033568.509729, 6866562.581133999861777 ], [ 2033553.733243, 6866672.248936999589205 ], [ 2033569.097578, 6866829.276390999555588 ], [ 2033608.744688, 6866907.232200999744236 ], [ 2033659.472351, 6866973.152749000117183 ], [ 2033815.003622000105679, 6867082.162953999824822 ], [ 2034117.32156699988991, 6867250.072595000267029 ], [ 2034622.263722, 6867578.530626 ], [ 2034812.314292, 6867713.729705999605358 ], [ 2034976.721365999896079, 6867871.070336 ], [ 2035121.339129, 6868082.787956000305712 ], [ 2035238.152576, 6868279.23281 ], [ 2035286.9045239998959, 6868398.434725999832153 ], [ 2035307.712203, 6868505.913937999866903 ], [ 2035310.487961, 6868621.599891000427306 ], [ 2035297.526451, 6868777.610314000397921 ], [ 2035221.760311, 6869094.859980000182986 ], [ 2035102.586861, 6869339.352176000364125 ], [ 2035007.26724, 6869515.385835999622941 ], [ 2034817.94859, 6869879.422210999764502 ], [ 2034628.612793, 6870243.470358000136912 ], [ 2034590.214929, 6870310.849189000204206 ], [ 2034562.86332, 6870346.706532999873161 ], [ 2034319.273187, 6870559.372186999768019 ], [ 2034277.731741, 6870591.085996 ], [ 2034130.305235, 6870672.345630999654531 ], [ 2033993.216652, 6870764.783475000411272 ], [ 2033920.449459, 6870792.166245999746025 ], [ 2033868.902302, 6870803.72571500018239 ], [ 2033673.106192, 6870835.448994000442326 ], [ 2033412.655637, 6870866.257364000193775 ], [ 2033317.680516, 6870863.999924000352621 ], [ 2033270.387772, 6870857.713118 ], [ 2033189.736782, 6870832.599151999689639 ], [ 2033005.724157, 6870742.384188000112772 ], [ 2032978.604708, 6870724.252790999598801 ], [ 2032845.193221, 6870647.647261000238359 ], [ 2032725.870976, 6870554.474496999755502 ], [ 2032556.405945, 6870501.958591000176966 ], [ 2032392.622974, 6870469.626207999885082 ], [ 2032356.045288, 6870464.643690999597311 ], [ 2032277.855053, 6870469.30882 ], [ 2032209.222842, 6870481.99394700024277 ], [ 2032125.093516, 6870525.126314000226557 ], [ 2032076.475950999883935, 6870553.87034699972719 ], [ 2031980.419039, 6870651.442727000452578 ], [ 2031946.275613, 6870803.122761 ], [ 2031930.836512, 6871023.10746799968183 ], [ 2031924.640761000104249, 6871186.517748000100255 ], [ 2031939.979299, 6871343.651794999837875 ], [ 2032009.06675, 6871581.089222 ], [ 2032026.648088, 6871866.407390000298619 ], [ 2031992.635192, 6872014.540365999564528 ], [ 2031885.922673, 6872394.767102000303566 ], [ 2031781.491808, 6872714.594866000115871 ], [ 2031644.97349, 6872944.249801999889314 ], [ 2031561.317481, 6873090.506916999816895 ], [ 2031546.506368, 6873126.402272 ], [ 2031534.454913000110537, 6873183.544789000414312 ], [ 2031536.411238, 6873297.480557999573648 ], [ 2031552.126547, 6873379.548839 ], [ 2031570.44652, 6873417.152530999854207 ], [ 2031983.991248, 6873928.019237999804318 ], [ 2032097.532614, 6874117.407657000236213 ], [ 2032203.987967999884859, 6874306.529135 ], [ 2032260.80769, 6874493.780133999884129 ], [ 2032271.311097, 6874778.914160000160336 ], [ 2032249.317881, 6874984.518314000219107 ], [ 2032204.430659, 6875231.976245 ], [ 2032198.504716, 6875388.36166699975729 ], [ 2032197.784596, 6875594.791282 ], [ 2032188.690019, 6875749.274705000221729 ], [ 2032159.95529, 6876132.634290999732912 ], [ 2032162.602046, 6876250.21447 ], [ 2032192.947394, 6876386.654226999729872 ], [ 2032248.52412, 6876513.37506700027734 ], [ 2032343.789041, 6876623.805222 ], [ 2032437.799017, 6876673.656069000251591 ], [ 2032651.104066, 6876670.153820999898016 ], [ 2033705.852702, 6876579.405107 ], [ 2034173.679701, 6876511.683364000171423 ], [ 2034267.601022, 6876495.875017000362277 ], [ 2034403.998129, 6876496.078343999572098 ], [ 2034744.333748, 6876465.720613 ], [ 2035172.286498, 6876432.353000000119209 ], [ 2035386.261678, 6876415.660518 ], [ 2035493.248948, 6876407.312231999821961 ], [ 2035599.768981, 6876398.998940999619663 ], [ 2035600.235841, 6876398.962524999864399 ] ] ] } },
{ "type": "Feature", "properties": { "gml_id": "FossilFuelResource.progn.pow76639", "identifier": "http://inspire.pgi.gov.pl/so/mr/Midas.paliwaKopalne/FossilFuelResource.progn.pow76639", "beginLifespanVersion": null, "localId": "FossilFuelResource.progn.pow76639", "namespace": "http://inspire.pgi.gov.pl/so/mr/Midas.paliwaKopalne", "scalar": -66.9, "scalar_uom": "m", "dateOfDiscovery": null, "calorificValue": null, "quantity": null, "verticalExtent": null }, "geometry": { "type": "Polygon", "coordinates": [ [ [ 2097471.499361999798566, 6918612.934349999763072 ], [ 2100194.601877000182867, 6915703.745377000421286 ], [ 2100473.327341, 6912346.606253 ], [ 2100503.441685, 6911983.805328000336885 ], [ 2100836.842559999786317, 6907842.558167000301182 ], [ 2100981.706939000170678, 6905454.369734999723732 ], [ 2099057.828681999817491, 6902437.24685600027442 ], [ 2098701.9449, 6901878.957043999806046 ], [ 2098814.298103999812156, 6900186.306721 ], [ 2098926.603842999786139, 6898494.008813999593258 ], [ 2097681.330459999851882, 6896950.705330000258982 ], [ 2097623.025739000178874, 6896824.497197000309825 ], [ 2097606.752893, 6896537.757748999632895 ], [ 2097654.536431000102311, 6895767.62345299962908 ], [ 2097725.062551000155509, 6895483.521700999699533 ], [ 2097815.194691, 6895374.230952999554574 ], [ 2098173.496014, 6895011.661723 ], [ 2098442.759552999865264, 6894721.071405 ], [ 2098848.395825, 6894434.565467 ], [ 2099103.737509000115097, 6894193.330006999894977 ], [ 2094683.910226, 6893438.453117 ], [ 2093905.495164, 6894148.830294 ], [ 2093331.352705, 6894666.361317000351846 ], [ 2092708.68038, 6895145.055978000164032 ], [ 2091898.795028, 6895655.321393 ], [ 2090731.284469, 6896490.548974 ], [ 2090376.406226, 6896728.517505999654531 ], [ 2090131.605752999894321, 6897019.652753000147641 ], [ 2089563.294937, 6897736.422394 ], [ 2089368.809026, 6898004.240284999832511 ], [ 2087035.668383, 6897636.605988999828696 ], [ 2086648.234416, 6897636.81050799973309 ], [ 2086303.380434, 6897915.531343 ], [ 2085679.051404, 6898440.286701000295579 ], [ 2085334.178622, 6898737.847780999727547 ], [ 2085269.716892, 6898789.104535000398755 ], [ 2084834.891524, 6899168.241093000397086 ], [ 2085497.303997, 6900096.670091999694705 ], [ 2086159.869263, 6901025.151155999861658 ], [ 2086199.074607, 6901112.730844999663532 ], [ 2086314.855476000113413, 6901674.072808999568224 ], [ 2086452.504575, 6902460.000699000433087 ], [ 2086821.876502, 6904334.998669000342488 ], [ 2086845.100407, 6904451.332641 ], [ 2086971.671325, 6905030.52176299970597 ], [ 2087035.547086, 6905303.503100999630988 ], [ 2087703.478163, 6909362.626318000257015 ], [ 2087283.185017, 6915974.15142 ], [ 2087035.120044, 6916215.950640000402927 ], [ 2086739.46545, 6916502.308214999735355 ], [ 2086438.757834, 6916771.786999999545515 ], [ 2085686.758166, 6917464.975321999751031 ], [ 2085109.687598, 6918027.081047000363469 ], [ 2084532.53621, 6918589.184069000184536 ], [ 2083760.567273, 6919319.012357000261545 ], [ 2083762.964948, 6919350.921925 ], [ 2083846.102151, 6919449.408564999699593 ], [ 2084360.893527, 6919963.708662999793887 ], [ 2085899.303214, 6921522.070182999596 ], [ 2086187.364483, 6921827.48565199971199 ], [ 2086315.583965, 6921958.709607999771833 ], [ 2086580.542113, 6922219.131484 ], [ 2086709.804233, 6922353.737622999586165 ], [ 2086818.130244000116363, 6922472.655117000453174 ], [ 2086916.220832, 6922557.310205000452697 ], [ 2086945.60822, 6922568.693060000427067 ], [ 2087034.8295, 6922574.724686999805272 ], [ 2087101.272580000106245, 6922586.493131999857724 ], [ 2087141.363211000105366, 6922598.276736999861896 ], [ 2087178.384814, 6922612.950741999782622 ], [ 2087727.004541999893263, 6922910.93300100043416 ], [ 2087790.172277, 6922928.633252000436187 ], [ 2087855.534483, 6922937.705318000167608 ], [ 2088254.580701, 6922962.787445000372827 ], [ 2088431.166698, 6922956.495952 ], [ 2088755.16687, 6922937.102167 ], [ 2089032.896038, 6922892.676221 ], [ 2089475.64638700010255, 6922835.659699000418186 ], [ 2090132.753794, 6922690.890811 ], [ 2090822.72908, 6922549.148279 ], [ 2091791.5776, 6922361.281596000306308 ], [ 2093158.987165, 6922106.472298 ], [ 2093731.12178, 6921999.786461999639869 ], [ 2094161.762591, 6921909.942308999598026 ], [ 2094424.708173, 6921797.091658 ], [ 2094611.152737, 6921660.229837999679148 ], [ 2094746.426068, 6921522.24050800036639 ], [ 2096109.209267, 6920067.57294400036335 ], [ 2097471.499361999798566, 6918612.934349999763072 ] ] ] } },
{ "type": "Feature", "properties": { "gml_id": "FossilFuelResource.progn.pow20319", "identifier": "http://inspire.pgi.gov.pl/so/mr/Midas.paliwaKopalne/FossilFuelResource.progn.pow20319", "beginLifespanVersion": null, "localId": "FossilFuelResource.progn.pow20319", "namespace": "http://inspire.pgi.gov.pl/so/mr/Midas.paliwaKopalne", "scalar": -1180.0, "scalar_uom": "m", "dateOfDiscovery": null, "calorificValue": null, "quantity": null, "verticalExtent": null }, "geometry": { "type": "Polygon", "coordinates": [ [ [ 2074733.418526000110433, 6455545.606795 ], [ 2076238.044423, 6454389.378631999716163 ], [ 2078734.643186, 6452795.968498 ], [ 2077681.118951, 6451098.488195000216365 ], [ 2077639.718768, 6449243.471354000270367 ], [ 2077621.243041, 6446897.875341 ], [ 2076749.529912, 6447199.761244 ], [ 2074768.900585, 6448301.216578000225127 ], [ 2073449.925256, 6448665.211004000157118 ], [ 2071038.84208200010471, 6448641.677008000202477 ], [ 2069604.893202, 6448885.475757 ], [ 2069826.844989999895915, 6449153.423661 ], [ 2069928.468105, 6449118.009044 ], [ 2070705.96753, 6450143.997588000260293 ], [ 2071601.338371, 6451325.283319000154734 ], [ 2074670.543382, 6455372.56451699975878 ], [ 2074733.418526000110433, 6455545.606795 ] ] ] } },
{ "type": "Feature", "properties": { "gml_id": "FossilFuelResource.per.pow82155", "identifier": "http://inspire.pgi.gov.pl/so/mr/Midas.paliwaKopalne/FossilFuelResource.per.pow82155", "beginLifespanVersion": null, "localId": "FossilFuelResource.per.pow82155", "namespace": "http://inspire.pgi.gov.pl/so/mr/Midas.paliwaKopalne", "scalar": -1150.0, "scalar_uom": "m", "dateOfDiscovery": null, "calorificValue": null, "quantity": null, "verticalExtent": null }, "geometry": { "type": "Polygon", "coordinates": [ [ [ 2139225.488593, 6469875.907649000175297 ], [ 2139225.533899, 6469875.894860999658704 ], [ 2139128.227775999810547, 6469619.070794999599457 ], [ 2139225.488593, 6469875.907649000175297 ] ] ] } },
{ "type": "Feature", "properties": { "gml_id": "FossilFuelResource.per.pow82276", "identifier": "http://inspire.pgi.gov.pl/so/mr/Midas.paliwaKopalne/FossilFuelResource.per.pow82276", "beginLifespanVersion": null, "localId": "FossilFuelResource.per.pow82276", "namespace": "http://inspire.pgi.gov.pl/so/mr/Midas.paliwaKopalne", "scalar": -1000.0, "scalar_uom": "m", "dateOfDiscovery": null, "calorificValue": null, "quantity": null, "verticalExtent": null }, "geometry": { "type": "Polygon", "coordinates": [ [ [ 2082170.317754, 6471134.853392999619246 ], [ 2082193.475737999891862, 6471128.354128000326455 ], [ 2085210.611073999898508, 6470281.005227999761701 ], [ 2085698.078224, 6470133.319209 ], [ 2085696.563483, 6470144.416334999725223 ], [ 2085758.766341, 6470126.930584000423551 ], [ 2085830.47891699988395, 6470119.357757999561727 ], [ 2085842.14867, 6470118.14266400039196 ], [ 2085953.515453, 6470106.381013999693096 ], [ 2086075.200624, 6470087.186436999589205 ], [ 2089201.013178, 6469941.625891 ], [ 2090844.481927, 6469864.619339999742806 ], [ 2091847.998058999888599, 6469817.43755 ], [ 2093370.216661, 6469659.035492000170052 ], [ 2095181.551608, 6469425.107204000465572 ], [ 2095181.843771, 6469417.589859999716282 ], [ 2095181.816903, 6469417.292318000458181 ], [ 2095252.808104, 6467590.947925000451505 ], [ 2095344.104466000106186, 6464415.663668000139296 ], [ 2095370.069676, 6462676.714476999826729 ], [ 2094221.308129, 6462549.76295099966228 ], [ 2093065.953011, 6462414.33421599958092 ], [ 2090953.502946, 6462129.389523999765515 ], [ 2089817.18433, 6461974.635226000100374 ], [ 2083669.823003000114113, 6461059.73092 ], [ 2083094.816684, 6460958.218663999810815 ], [ 2079647.655283, 6460250.240692 ], [ 2079670.557907, 6460098.345033000223339 ], [ 2076939.656009, 6461614.949807999655604 ], [ 2076890.552499, 6461601.700214000418782 ], [ 2076853.443881, 6461591.686971999704838 ], [ 2075828.067411, 6461314.932957 ], [ 2074065.221333000110462, 6460838.814841000363231 ], [ 2073683.649993, 6462875.368113 ], [ 2073321.10914699989371, 6467423.734927999787033 ], [ 2073321.11164, 6467423.734941000118852 ], [ 2075375.901317, 6467383.624669999815524 ], [ 2076747.832579, 6467335.749951000325382 ], [ 2080116.057569, 6468550.501554000191391 ], [ 2080791.570327, 6468783.077394999563694 ], [ 2082170.317754, 6471134.853392999619246 ] ] ] } },
{ "type": "Feature", "properties": { "gml_id": "FossilFuelResource.per.pow82157", "identifier": "http://inspire.pgi.gov.pl/so/mr/Midas.paliwaKopalne/FossilFuelResource.per.pow82157", "beginLifespanVersion": null, "localId": "FossilFuelResource.per.pow82157", "namespace": "http://inspire.pgi.gov.pl/so/mr/Midas.paliwaKopalne", "scalar": -1150.0, "scalar_uom": "m", "dateOfDiscovery": null, "calorificValue": null, "quantity": null, "verticalExtent": null }, "geometry": { "type": "Polygon", "coordinates": [ [ [ 2137617.214048, 6464798.844387999735773 ], [ 2138575.770889999810606, 6464440.041507000103593 ], [ 2138575.756906, 6464439.997045 ], [ 2137617.214048, 6464798.844387999735773 ] ] ] } },
{ "type": "Feature", "properties": { "gml_id": "FossilFuelResource.per.pow80534", "identifier": "http://inspire.pgi.gov.pl/so/mr/Midas.paliwaKopalne/FossilFuelResource.per.pow80534", "beginLifespanVersion": null, "localId": "FossilFuelResource.per.pow80534", "namespace": "http://inspire.pgi.gov.pl/so/mr/Midas.paliwaKopalne", "scalar": -1000.0, "scalar_uom": "m", "dateOfDiscovery": null, "calorificValue": null, "quantity": null, "verticalExtent": null }, "geometry": { "type": "Polygon", "coordinates": [ [ [ 2044327.693736, 6449374.735934999771416 ], [ 2044490.884833, 6449284.391005 ], [ 2046126.981539, 6448378.391265000216663 ], [ 2047245.772159, 6448364.446155999787152 ], [ 2047678.659617, 6448353.088267999701202 ], [ 2049999.790199, 6448291.802125000394881 ], [ 2050742.251517, 6448286.505769000388682 ], [ 2051075.142564, 6446102.512433 ], [ 2050996.333369000116363, 6446098.372655999846756 ], [ 2050284.639085, 6446033.303729999810457 ], [ 2049605.417412, 6445991.280098999850452 ], [ 2048981.707604999886826, 6445962.651790999807417 ], [ 2048909.839078, 6445964.065765 ], [ 2048747.699762, 6445489.267496 ], [ 2048568.242961, 6445013.390809999778867 ], [ 2048328.487998000113294, 6444569.387931999750435 ], [ 2048286.809136, 6444492.116903999820352 ], [ 2048119.693428, 6443821.70881799980998 ], [ 2047649.969381, 6443902.51787200011313 ], [ 2047128.327833000104874, 6443990.299156 ], [ 2046643.655172, 6444082.321685999631882 ], [ 2046159.145019, 6444192.803147000260651 ], [ 2045550.053542, 6444336.82375399954617 ], [ 2045019.863549999892712, 6444521.80093 ], [ 2044526.509938, 6444692.640979999676347 ], [ 2044153.468752, 6444876.384100999683142 ], [ 2044129.18004, 6444886.503685999661684 ], [ 2043808.941625, 6443864.904993999749422 ], [ 2043772.424389, 6443730.066456999629736 ], [ 2043397.524317, 6444221.170691999606788 ], [ 2042915.834037, 6444816.499529000371695 ], [ 2042347.661151, 6445662.37674199976027 ], [ 2042295.297878, 6445747.09112 ], [ 2041909.894681, 6445941.456627000123262 ], [ 2041630.496983, 6446067.499082 ], [ 2041427.531078, 6446352.694145999848843 ], [ 2040987.298077, 6446975.657425000332296 ], [ 2040914.890108, 6447267.898916999809444 ], [ 2040958.311842000111938, 6447633.630463999696076 ], [ 2041047.798895, 6447966.669177000410855 ], [ 2041197.578138, 6448345.777514000423253 ], [ 2041352.824192, 6448887.022291 ], [ 2041443.486687, 6449442.55976099986583 ], [ 2041571.432247, 6450058.219894000329077 ], [ 2041671.211103, 6450585.96464 ], [ 2041696.668902, 6450830.729586999863386 ], [ 2044074.46163, 6449514.920657999813557 ], [ 2044327.693736, 6449374.735934999771416 ] ] ] } },
{ "type": "Feature", "properties": { "gml_id": "FossilFuelResource.per.pow80655", "identifier": "http://inspire.pgi.gov.pl/so/mr/Midas.paliwaKopalne/FossilFuelResource.per.pow80655", "beginLifespanVersion": null, "localId": "FossilFuelResource.per.pow80655", "namespace": "http://inspire.pgi.gov.pl/so/mr/Midas.paliwaKopalne", "scalar": null, "scalar_uom": null, "dateOfDiscovery": null, "calorificValue": null, "quantity": null, "verticalExtent": null }, "geometry": { "type": "Polygon", "coordinates": [ [ [ 2069934.539807, 6462831.400181000120938 ], [ 2071851.690453, 6462812.744279 ], [ 2073683.649993, 6462875.368113 ], [ 2073643.896554, 6462705.04007999971509 ], [ 2074065.221333000110462, 6460838.814841000363231 ], [ 2071068.752732, 6460028.592039000242949 ], [ 2069934.539807, 6462831.400181000120938 ] ] ] } },
{ "type": "Feature", "properties": { "gml_id": "FossilFuelResource.per.pow80893", "identifier": "http://inspire.pgi.gov.pl/so/mr/Midas.paliwaKopalne/FossilFuelResource.per.pow80893", "beginLifespanVersion": null, "localId": "FossilFuelResource.per.pow80893", "namespace": "http://inspire.pgi.gov.pl/so/mr/Midas.paliwaKopalne", "scalar": -700.0, "scalar_uom": "m", "dateOfDiscovery": null, "calorificValue": null, "quantity": null, "verticalExtent": null }, "geometry": { "type": "Polygon", "coordinates": [ [ [ 2226334.816251, 6446376.334006000310183 ], [ 2259871.557275, 6446993.074972 ], [ 2272889.927381, 6442712.636949 ], [ 2272797.2574, 6438578.24383 ], [ 2269784.603844, 6438477.043757 ], [ 2269764.168771000113338, 6440701.221132 ], [ 2259940.016303999815136, 6440604.71061799954623 ], [ 2259967.013582, 6438007.820430999621749 ], [ 2255251.113768000155687, 6437438.82277899980545 ], [ 2250535.826477, 6436867.179569000378251 ], [ 2250375.773719000164419, 6436908.467298000119627 ], [ 2250345.927569999825209, 6436844.10075999982655 ], [ 2248399.676922999788076, 6436607.314977999776602 ], [ 2233079.618518, 6436248.570824 ], [ 2230501.894587, 6437013.859566999599338 ], [ 2230263.193502999842167, 6436280.112204999662936 ], [ 2230065.510882, 6436174.662372999824584 ], [ 2226209.63744999980554, 6436078.510637000203133 ], [ 2226197.539559000171721, 6436078.213200000114739 ], [ 2223321.080209999810904, 6436050.473526 ], [ 2221089.252166000194848, 6436028.26427000015974 ], [ 2208884.292582000140101, 6435896.206337000243366 ], [ 2208884.26272499980405, 6435905.351281999610364 ], [ 2208862.902296000160277, 6442437.380403 ], [ 2217791.40627000015229, 6444455.102121000178158 ], [ 2217666.649067, 6444185.718871000222862 ], [ 2218868.769446, 6442621.811932000331581 ], [ 2220499.843257000204176, 6441660.939392999745905 ], [ 2222382.574041000101715, 6442389.996229999698699 ], [ 2222326.097796, 6445476.010665999725461 ], [ 2226334.816251, 6446376.334006000310183 ] ], [ [ 2231044.315163, 6445134.994841 ], [ 2231044.74933, 6443484.671969000250101 ], [ 2232209.594302, 6443484.904609999619424 ], [ 2232209.367193, 6445321.362905999645591 ], [ 2231093.212541, 6445285.307899000123143 ], [ 2231044.315163, 6445134.994841 ] ] ] } },
{ "type": "Feature", "properties": { "gml_id": "FossilFuelResource.per.pow82158", "identifier": "http://inspire.pgi.gov.pl/so/mr/Midas.paliwaKopalne/FossilFuelResource.per.pow82158", "beginLifespanVersion": null, "localId": "FossilFuelResource.per.pow82158", "namespace": "http://inspire.pgi.gov.pl/so/mr/Midas.paliwaKopalne", "scalar": -1150.0, "scalar_uom": "m", "dateOfDiscovery": null, "calorificValue": null, "quantity": null, "verticalExtent": null }, "geometry": { "type": "Polygon", "coordinates": [ [ [ 2124738.418996000196785, 6465458.151832999661565 ], [ 2126570.269787999801338, 6463052.758906999602914 ], [ 2130758.947159000206739, 6463044.255386999808252 ], [ 2134034.079057000111789, 6463019.480600000359118 ], [ 2130759.002932, 6463044.1922089997679 ], [ 2126577.816653000190854, 6462834.525554999709129 ], [ 2124702.547206, 6465451.325629999861121 ], [ 2124711.576611999887973, 6465452.416562000289559 ], [ 2124738.418996000196785, 6465458.151832999661565 ] ] ] } },
{ "type": "Feature", "properties": { "gml_id": "FossilFuelResource.per.pow80653", "identifier": "http://inspire.pgi.gov.pl/so/mr/Midas.paliwaKopalne/FossilFuelResource.per.pow80653", "beginLifespanVersion": null, "localId": "FossilFuelResource.per.pow80653", "namespace": "http://inspire.pgi.gov.pl/so/mr/Midas.paliwaKopalne", "scalar": null, "scalar_uom": null, "dateOfDiscovery": null, "calorificValue": null, "quantity": null, "verticalExtent": null }, "geometry": { "type": "Polygon", "coordinates": [ [ [ 2076939.656009, 6461614.949807999655604 ], [ 2079759.307393, 6460049.038294999860227 ], [ 2079760.636018, 6460006.108118999749422 ], [ 2079773.714645, 6459860.429682999849319 ], [ 2079837.32147300010547, 6459742.091974000446498 ], [ 2080066.676912, 6459525.798856000415981 ], [ 2080178.74512100010179, 6459471.26203399989754 ], [ 2080431.852486, 6459348.080318000167608 ], [ 2080668.668606, 6459166.38595 ], [ 2080792.684623, 6459032.73740699980408 ], [ 2080917.489398, 6458873.34988300036639 ], [ 2081043.331244, 6458679.624030999839306 ], [ 2081164.584878, 6458356.869512000121176 ], [ 2081854.552548999898136, 6455685.128142000176013 ], [ 2082078.645312, 6454950.605054999701679 ], [ 2082743.992209, 6452285.174076000228524 ], [ 2082748.30488, 6452267.89423399977386 ], [ 2082497.921508, 6451257.932884999550879 ], [ 2077681.11895, 6451098.488350000232458 ], [ 2078733.884859, 6452794.746901 ], [ 2078735.401667, 6452797.190407999791205 ], [ 2076238.044422, 6454389.378788 ], [ 2074733.418526000110433, 6455545.60695100016892 ], [ 2076707.162003, 6460975.595293999649584 ], [ 2076939.656009, 6461614.949807999655604 ] ] ] } },
{ "type": "Feature", "properties": { "gml_id": "FossilFuelResource.per.pow80654", "identifier": "http://inspire.pgi.gov.pl/so/mr/Midas.paliwaKopalne/FossilFuelResource.per.pow80654", "beginLifespanVersion": null, "localId": "FossilFuelResource.per.pow80654", "namespace": "http://inspire.pgi.gov.pl/so/mr/Midas.paliwaKopalne", "scalar": null, "scalar_uom": null, "dateOfDiscovery": null, "calorificValue": null, "quantity": null, "verticalExtent": null }, "geometry": { "type": "Polygon", "coordinates": [ [ [ 2066020.580448, 6470100.865779000334442 ], [ 2066352.33489999989979, 6474562.136653999798 ], [ 2072812.177629, 6474369.710427000187337 ], [ 2072835.51102, 6469768.440380999818444 ], [ 2073026.285412, 6468619.458056 ], [ 2066574.855544, 6471218.2046769997105 ], [ 2066530.64698, 6471129.093636999838054 ], [ 2066020.580448, 6470100.865779000334442 ] ] ] } },
{ "type": "Feature", "properties": { "gml_id": "FossilFuelResource.progn.pow80593", "identifier": "http://inspire.pgi.gov.pl/so/mr/Midas.paliwaKopalne/FossilFuelResource.progn.pow80593", "beginLifespanVersion": null, "localId": "FossilFuelResource.progn.pow80593", "namespace": "http://inspire.pgi.gov.pl/so/mr/Midas.paliwaKopalne", "scalar": -1000.0, "scalar_uom": "m", "dateOfDiscovery": null, "calorificValue": null, "quantity": null, "verticalExtent": null }, "geometry": { "type": "Polygon", "coordinates": [ [ [ 2066574.855544, 6471218.2046769997105 ], [ 2073026.285412, 6468619.458056 ], [ 2073309.560033, 6467452.551637999713421 ], [ 2073683.649993, 6462875.368113 ], [ 2071851.690453, 6462812.744279 ], [ 2071576.078709, 6462803.287614 ], [ 2069934.539807, 6462831.400181000120938 ], [ 2069673.187215, 6462835.846113 ], [ 2066262.373753, 6462868.336543000303209 ], [ 2065933.406844, 6462857.553681000135839 ], [ 2065460.848097, 6462842.041125999763608 ], [ 2065631.826703999890015, 6465055.511659 ], [ 2065734.176736, 6466380.25588 ], [ 2065770.000533000100404, 6466843.88470400031656 ], [ 2065821.251360000111163, 6467507.126884000375867 ], [ 2065855.423041, 6467949.317291 ], [ 2065992.027925, 6469716.799766999669373 ], [ 2066020.580449, 6470100.865621999837458 ], [ 2066020.580448, 6470100.865779000334442 ], [ 2066574.855544, 6471218.2046769997105 ] ] ] } },
{ "type": "Feature", "properties": { "gml_id": "FossilFuelResource.progn.pow80473", "identifier": "http://inspire.pgi.gov.pl/so/mr/Midas.paliwaKopalne/FossilFuelResource.progn.pow80473", "beginLifespanVersion": null, "localId": "FossilFuelResource.progn.pow80473", "namespace": "http://inspire.pgi.gov.pl/so/mr/Midas.paliwaKopalne", "scalar": -1000.0, "scalar_uom": "m", "dateOfDiscovery": null, "calorificValue": null, "quantity": null, "verticalExtent": null }, "geometry": { "type": "Polygon", "coordinates": [ [ [ 2105640.35261100018397, 6481167.820403999648988 ], [ 2105704.414193000178784, 6482668.478298 ], [ 2105729.259736, 6483250.42060299962759 ], [ 2106667.670674, 6483259.786626 ], [ 2106666.328048000112176, 6483257.611364999786019 ], [ 2108461.64200699981302, 6483242.534517999738455 ], [ 2112112.629681999795139, 6483196.818284000270069 ], [ 2110361.835738, 6480973.039215000346303 ], [ 2109702.077844, 6480134.793831000104547 ], [ 2108212.797842000145465, 6478242.106629 ], [ 2108617.441674999892712, 6477113.741988999769092 ], [ 2109266.76546, 6475302.713956999592483 ], [ 2109297.411795999854803, 6475117.726203000172973 ], [ 2109358.738350000232458, 6474939.526022999547422 ], [ 2109462.136799000203609, 6474445.159767 ], [ 2109377.66295799985528, 6474369.382516999728978 ], [ 2107614.385282, 6473350.12213 ], [ 2107511.902110000140965, 6473323.825194999575615 ], [ 2106335.422783, 6474241.499544999562204 ], [ 2106282.340379000175744, 6474282.898358999751508 ], [ 2105131.412357000168413, 6475046.983865999616683 ], [ 2104744.334036, 6475303.908169000409544 ], [ 2104888.793510000221431, 6475830.722644999623299 ], [ 2105613.203730000182986, 6478471.957736999727786 ], [ 2105640.35261100018397, 6481167.820403999648988 ] ] ] } },
{ "type": "Feature", "properties": { "gml_id": "FossilFuelResource.per.pow81073", "identifier": "http://inspire.pgi.gov.pl/so/mr/Midas.paliwaKopalne/FossilFuelResource.per.pow81073", "beginLifespanVersion": null, "localId": "FossilFuelResource.per.pow81073", "namespace": "http://inspire.pgi.gov.pl/so/mr/Midas.paliwaKopalne", "scalar": null, "scalar_uom": null, "dateOfDiscovery": null, "calorificValue": null, "quantity": null, "verticalExtent": null }, "geometry": { "type": "Polygon", "coordinates": [ [ [ 1836563.406356000108644, 7010362.728385999798775 ], [ 1836562.225681, 7029313.950371 ], [ 1843378.303499, 7029335.120551000349224 ], [ 1856482.304320000112057, 7029359.375032999552786 ], [ 1891667.495213000103831, 7012485.046863 ], [ 1913695.373751, 7001822.32393900025636 ], [ 1913946.712673, 6982984.53315700031817 ], [ 1868069.62446, 6983006.968584000132978 ], [ 1864601.46973, 6982997.919007999822497 ], [ 1836563.713949, 6995560.172357999719679 ], [ 1836563.406356000108644, 7010362.728385999798775 ] ] ] } },
{ "type": "Feature", "properties": { "gml_id": "FossilFuelResource.progn.pow80116", "identifier": "http://inspire.pgi.gov.pl/so/mr/Midas.paliwaKopalne/FossilFuelResource.progn.pow80116", "beginLifespanVersion": null, "localId": "FossilFuelResource.progn.pow80116", "namespace": "http://inspire.pgi.gov.pl/so/mr/Midas.paliwaKopalne", "scalar": null, "scalar_uom": null, "dateOfDiscovery": null, "calorificValue": null, "quantity": null, "verticalExtent": null }, "geometry": { "type": "Polygon", "coordinates": [ [ [ 2537562.16774500021711, 6685130.831503000110388 ], [ 2538569.053098999895155, 6684379.455055000260472 ], [ 2539513.374174000229686, 6683647.168627000413835 ], [ 2540457.524600999895483, 6682914.843446999788284 ], [ 2541424.41996, 6682009.24348200019449 ], [ 2542925.121843, 6680415.69541999977082 ], [ 2542305.17800399987027, 6680779.570789 ], [ 2541987.754798000212759, 6680926.888733999803662 ], [ 2541722.489339, 6680987.997251000255346 ], [ 2541361.469916999805719, 6680989.024125000461936 ], [ 2541361.469438999891281, 6680989.02415 ], [ 2541200.422544000204653, 6680936.988795000128448 ], [ 2541200.557223999872804, 6680749.584253 ], [ 2541296.528804, 6680433.258422999642789 ], [ 2541351.85892, 6680217.258260999806225 ], [ 2541387.874290000181645, 6679931.278095999732614 ], [ 2541575.340318, 6679505.393275000154972 ], [ 2541945.188313, 6678836.353497000411153 ], [ 2542256.204369000159204, 6678180.036542000249028 ], [ 2542536.53959000017494, 6677639.809368999674916 ], [ 2542859.654217000119388, 6676832.76986899971962 ], [ 2543273.360477, 6675693.755775 ], [ 2543668.534403, 6674774.617220000363886 ], [ 2543918.260435999836773, 6674263.345146000385284 ], [ 2544167.956069999840111, 6673752.09824899956584 ], [ 2544856.636429000180215, 6672456.045773999765515 ], [ 2545504.845652, 6671460.345371999777853 ], [ 2546038.313171000219882, 6670664.412534000352025 ], [ 2546530.987704, 6670024.728148999623954 ], [ 2547197.196215, 6669249.446858 ], [ 2547740.013776999898255, 6668643.694744000211358 ], [ 2548168.847041000146419, 6668074.477834000252187 ], [ 2548587.409535999875516, 6667542.323207999579608 ], [ 2549130.12145, 6666693.555920000188053 ], [ 2549671.647812, 6665803.300404 ], [ 2550260.377082999795675, 6664708.849273 ], [ 2550750.272186, 6663743.355670999735594 ], [ 2551140.547086, 6663027.481549999676645 ], [ 2552261.462079000193626, 6661142.151689000427723 ], [ 2550829.673826000187546, 6661744.630079999566078 ], [ 2548751.808189, 6662489.24059300031513 ], [ 2546398.309535, 6664008.58703999966383 ], [ 2543741.796844, 6666399.392505999654531 ], [ 2542058.424652, 6668073.112169999629259 ], [ 2539943.859740000218153, 6670593.960215999744833 ], [ 2537538.538431, 6673637.766537999734282 ], [ 2535039.271616000216454, 6677353.404969999566674 ], [ 2534748.61099, 6677757.181537000462413 ], [ 2533472.547069, 6679529.505642999894917 ], [ 2531575.87469, 6682707.409687000326812 ], [ 2531022.230589, 6683656.967047999612987 ], [ 2530812.909014, 6684525.457325000315905 ], [ 2530679.654085, 6685644.349874 ], [ 2530663.158024999778718, 6686566.746634 ], [ 2530785.403512000106275, 6687100.767276000231504 ], [ 2531086.080552, 6687403.211586000397801 ], [ 2531601.645754000172019, 6687567.51642999984324 ], [ 2532140.760937000159174, 6687571.665326000191271 ], [ 2533144.405770999845117, 6687361.208425999619067 ], [ 2534051.524476000107825, 6687123.824195000343025 ], [ 2535166.852674, 6686621.346183000132442 ], [ 2536555.095423, 6685882.158238000236452 ], [ 2537562.16774500021711, 6685130.831503000110388 ] ] ] } },
{ "type": "Feature", "properties": { "gml_id": "FossilFuelResource.progn.pow80113", "identifier": "http://inspire.pgi.gov.pl/so/mr/Midas.paliwaKopalne/FossilFuelResource.progn.pow80113", "beginLifespanVersion": null, "localId": "FossilFuelResource.progn.pow80113", "namespace": "http://inspire.pgi.gov.pl/so/mr/Midas.paliwaKopalne", "scalar": null, "scalar_uom": null, "dateOfDiscovery": null, "calorificValue": null, "quantity": null, "verticalExtent": null }, "geometry": { "type": "Polygon", "coordinates": [ [ [ 2570225.925934, 6642474.894224000163376 ], [ 2570422.893205999862403, 6642187.092786000110209 ], [ 2570619.847, 6641899.297132999636233 ], [ 2571013.713700000196695, 6641323.723364000208676 ], [ 2571700.533227, 6640430.553688 ], [ 2572001.503920999821275, 6640058.51738900039345 ], [ 2572302.447356999851763, 6639686.487776 ], [ 2573076.554194999858737, 6639020.355220000259578 ], [ 2574070.197282, 6638255.428879000246525 ], [ 2574964.606073999777436, 6637692.50732500012964 ], [ 2576057.416563999839127, 6637235.272489000111818 ], [ 2576875.88871, 6636856.052709000185132 ], [ 2577812.190944000147283, 6636433.476629000157118 ], [ 2578589.833155000116676, 6635913.534567999653518 ], [ 2579471.809795000124723, 6635325.152152 ], [ 2579856.522485999856144, 6635063.669928000308573 ], [ 2580241.21028000023216, 6634802.178605999797583 ], [ 2581048.525597999803722, 6634168.135456000454724 ], [ 2581686.191025999840349, 6633548.681671 ], [ 2582460.252551, 6632765.890924000181258 ], [ 2583302.762108, 6631887.096223999746144 ], [ 2583972.076665, 6631169.557365999557078 ], [ 2584318.695163, 6630761.074257999658585 ], [ 2584829.782803, 6630014.901351000182331 ], [ 2585234.788778, 6629334.055909999646246 ], [ 2585581.768708, 6628626.354832 ], [ 2585954.928012, 6627946.552294 ], [ 2586229.565843999851495, 6627212.491566999815404 ], [ 2586531.784545000176877, 6626499.925207000225782 ], [ 2586942.50455000018701, 6625494.519504999741912 ], [ 2587363.855560999829322, 6624267.758624999783933 ], [ 2587683.997122, 6623107.875325 ], [ 2588003.570946, 6622401.437091999687254 ], [ 2588445.336821, 6621646.772118999622762 ], [ 2588940.572426000144333, 6620931.854950999841094 ], [ 2589204.17107000015676, 6620371.970730000175536 ], [ 2589428.136456000152975, 6619709.985919999890029 ], [ 2589537.224101999774575, 6619129.486898999661207 ], [ 2589687.929279, 6618821.188118999823928 ], [ 2589838.62347299978137, 6618512.898501999676228 ], [ 2590212.717123, 6618148.446724000386894 ], [ 2590708.330701999831945, 6617921.713964999653399 ], [ 2591785.01688, 6617928.096056999638677 ], [ 2592718.889547000173479, 6618032.577495000325143 ], [ 2593312.104452999774367, 6618041.093666999600828 ], [ 2593727.335676, 6617934.323274999856949 ], [ 2594233.326952000148594, 6617637.114643 ], [ 2594687.854024999774992, 6617266.793478 ], [ 2595005.340103, 6616773.617931 ], [ 2595238.980802, 6616438.854000000283122 ], [ 2595448.319199999794364, 6616189.095107999630272 ], [ 2595992.987937000114471, 6615463.121100000105798 ], [ 2596123.01228, 6615313.608612 ], [ 2596123.016290000174195, 6615313.603922000154853 ], [ 2595118.137407000176609, 6613866.332681999541819 ], [ 2594524.326297, 6613010.910965000279248 ], [ 2591159.3477389998734, 6615665.0643469998613 ], [ 2588570.608411999884993, 6617643.307412999682128 ], [ 2586571.304645, 6618956.697498999536037 ], [ 2584902.736486, 6620566.071217999793589 ], [ 2583761.922115, 6621514.463422000408173 ], [ 2582004.553117999807, 6622687.282707000151277 ], [ 2580341.44911, 6624422.280392000451684 ], [ 2578089.337338999845088, 6626884.839627999812365 ], [ 2574978.408681000117213, 6629774.659082000143826 ], [ 2573221.806938999798149, 6631224.636169999837875 ], [ 2572269.716955999843776, 6632010.275852999649942 ], [ 2569660.722877, 6633797.901890000328422 ], [ 2567476.369366, 6635308.852668999694288 ], [ 2566272.107605, 6636323.106255000457168 ], [ 2564851.439599, 6636843.770848999731243 ], [ 2564024.392806999851018, 6636699.766841 ], [ 2563270.30034, 6636419.161202999763191 ], [ 2562990.109032, 6636648.424510000273585 ], [ 2562724.356553, 6636866.050478000193834 ], [ 2562160.507027000188828, 6637340.421596 ], [ 2561185.718425999861211, 6638133.564375 ], [ 2560478.421678000129759, 6638658.026102 ], [ 2559242.183852000162005, 6639611.184458999894559 ], [ 2559089.442294000182301, 6639723.700787000358105 ], [ 2558757.371619, 6639965.386997999623418 ], [ 2558755.282836, 6639967.061191 ], [ 2558306.883266, 6640326.618328999727964 ], [ 2558305.35897, 6640329.050215999595821 ], [ 2557915.090146, 6640650.15124399960041 ], [ 2557957.731003, 6641044.184422999620438 ], [ 2558156.524582, 6641223.028738999739289 ], [ 2558643.319888, 6641481.042279999703169 ], [ 2559227.85528999986127, 6641796.932407000102103 ], [ 2559730.094711999874562, 6642338.553334999829531 ], [ 2560202.675356000196189, 6642913.411462999880314 ], [ 2560655.872972, 6643710.653794 ], [ 2561006.2623, 6644355.475317000411451 ], [ 2561313.253758000209928, 6644781.361375999636948 ], [ 2561805.510112000163645, 6645133.869540999643505 ], [ 2562372.739164, 6645703.618354000151157 ], [ 2566184.777213000226766, 6645050.94532 ], [ 2568633.841791000217199, 6644545.55095100030303 ], [ 2568911.149743999820203, 6644234.277932999655604 ], [ 2569527.863839, 6643432.257260999642313 ], [ 2570225.925934, 6642474.894224000163376 ] ] ] } },
{ "type": "Feature", "properties": { "gml_id": "FossilFuelResource.progn.pow80476", "identifier": "http://inspire.pgi.gov.pl/so/mr/Midas.paliwaKopalne/FossilFuelResource.progn.pow80476", "beginLifespanVersion": null, "localId": "FossilFuelResource.progn.pow80476", "namespace": "http://inspire.pgi.gov.pl/so/mr/Midas.paliwaKopalne", "scalar": -990.0, "scalar_uom": "m", "dateOfDiscovery": null, "calorificValue": null, "quantity": null, "verticalExtent": null }, "geometry": { "type": "Polygon", "coordinates": [ [ [ 2091849.999456, 6441252.037402999587357 ], [ 2092462.586375, 6443959.556710000149906 ], [ 2095874.494536, 6443877.334641999565065 ], [ 2099623.15135300019756, 6443908.629754000343382 ], [ 2099729.670041999779642, 6443907.64915999956429 ], [ 2099739.471760999877006, 6443313.59914099983871 ], [ 2099751.606511, 6442578.084584999829531 ], [ 2099763.739196000155061, 6441842.634417000226676 ], [ 2099764.862954, 6441229.391012 ], [ 2099765.34449699986726, 6440966.586226000450552 ], [ 2099799.481046999804676, 6439705.882008000276983 ], [ 2099802.81670599989593, 6439582.680413999594748 ], [ 2099780.152830999810249, 6438937.033775 ], [ 2099769.612379, 6438636.74246700014919 ], [ 2099823.258256999775767, 6437953.773923000320792 ], [ 2099814.81353, 6437796.135471999645233 ], [ 2099806.369118, 6437638.499970000237226 ], [ 2099806.849003000184894, 6437375.807330000214279 ], [ 2099824.944625999778509, 6437025.838503999635577 ], [ 2099773.736314999870956, 6435050.204320999793708 ], [ 2095224.357819, 6436298.485857999883592 ], [ 2092164.565847000107169, 6437136.540279 ], [ 2091339.870045, 6437362.21100000012666 ], [ 2087035.559116, 6437214.979774000123143 ], [ 2085722.499160999897867, 6437262.581871000118554 ], [ 2085749.806430999888107, 6439466.141203000210226 ], [ 2091237.80769, 6438545.346358999609947 ], [ 2091696.696226, 6440574.322037000209093 ], [ 2091849.999456, 6441252.037402999587357 ] ] ] } },
{ "type": "Feature", "properties": { "gml_id": "FossilFuelResource.progn.pow80477", "identifier": "http://inspire.pgi.gov.pl/so/mr/Midas.paliwaKopalne/FossilFuelResource.progn.pow80477", "beginLifespanVersion": null, "localId": "FossilFuelResource.progn.pow80477", "namespace": "http://inspire.pgi.gov.pl/so/mr/Midas.paliwaKopalne", "scalar": -1025.0, "scalar_uom": "m", "dateOfDiscovery": null, "calorificValue": null, "quantity": null, "verticalExtent": null }, "geometry": { "type": "Polygon", "coordinates": [ [ [ 2084941.179027, 6510298.537507999688387 ], [ 2086491.776204, 6512179.251326000317931 ], [ 2090302.076788, 6512203.362489 ], [ 2093151.832879000110552, 6512220.246306999586523 ], [ 2093160.820679999887943, 6509163.342295999638736 ], [ 2093124.49802, 6508292.196552 ], [ 2093139.790377999888733, 6507348.303089999593794 ], [ 2093167.605664, 6507328.313230999745429 ], [ 2093301.199657, 6507232.301656999625266 ], [ 2093642.787895, 6507265.934294999577105 ], [ 2094112.726838999893516, 6506977.081829000264406 ], [ 2094339.436071, 6506980.629937999881804 ], [ 2095557.182516, 6506900.361813999712467 ], [ 2095658.860788, 6506900.206022 ], [ 2095757.13944, 6506909.360298000276089 ], [ 2095814.281015, 6506934.562110999599099 ], [ 2095869.255942, 6506926.761426 ], [ 2095964.181137, 6506943.657567 ], [ 2095997.457941999891773, 6506928.946713999845088 ], [ 2096067.000388, 6506904.317452000454068 ], [ 2096141.036021, 6506832.764337999746203 ], [ 2096206.116372, 6506800.161228000186384 ], [ 2096280.195524, 6506727.040687999688089 ], [ 2096429.061659999890253, 6506663.947909000329673 ], [ 2096451.578991, 6506642.647459999658167 ], [ 2096552.419745, 6506617.360867000184953 ], [ 2096569.246792, 6506630.399997999891639 ], [ 2096677.446387, 6506621.011284999549389 ], [ 2096678.513693, 6506045.441151999868453 ], [ 2096896.399689, 6506044.959963999688625 ], [ 2097071.030968, 6506047.478628999553621 ], [ 2097857.336282, 6506164.03228999953717 ], [ 2098014.698043, 6505481.341942000202835 ], [ 2098350.385274999774992, 6504132.485983000136912 ], [ 2098412.584375, 6503530.826072 ], [ 2097922.602187000215054, 6503370.178441000171006 ], [ 2098168.30932499980554, 6502441.706168999895453 ], [ 2098170.653330999892205, 6502360.428395999595523 ], [ 2096797.704993, 6501954.433137999847531 ], [ 2096673.047213, 6501779.964506999589503 ], [ 2096459.866632, 6501774.070612999610603 ], [ 2096142.292926, 6501716.572595000267029 ], [ 2095140.62057, 6501404.976278999820352 ], [ 2095088.688481, 6501121.451991000212729 ], [ 2094105.929131, 6500864.255548999644816 ], [ 2091200.748731999890879, 6500006.031552 ], [ 2091185.543710000114515, 6499616.227633000351489 ], [ 2090194.314886, 6499111.887131 ], [ 2090083.661018, 6499029.759718 ], [ 2089956.523018, 6498935.395158999599516 ], [ 2089936.490033, 6498910.950853000395 ], [ 2088344.615601, 6496968.162104999646544 ], [ 2087034.084884, 6497267.885621 ], [ 2086595.435533, 6497494.903970999643207 ], [ 2084752.524683, 6498025.821556 ], [ 2083244.862516, 6497545.052633999846876 ], [ 2083419.122639, 6501217.557532999664545 ], [ 2081888.806712, 6503719.179790999740362 ], [ 2082759.798607, 6504593.498766000382602 ], [ 2083916.890485, 6506483.10160700045526 ], [ 2083891.998681, 6509025.583519999869168 ], [ 2084941.179027, 6510298.537507999688387 ] ] ] } },
{ "type": "Feature", "properties": { "gml_id": "FossilFuelResource.progn.pow80474", "identifier": "http://inspire.pgi.gov.pl/so/mr/Midas.paliwaKopalne/FossilFuelResource.progn.pow80474", "beginLifespanVersion": null, "localId": "FossilFuelResource.progn.pow80474", "namespace": "http://inspire.pgi.gov.pl/so/mr/Midas.paliwaKopalne", "scalar": -1000.0, "scalar_uom": "m", "dateOfDiscovery": null, "calorificValue": null, "quantity": null, "verticalExtent": null }, "geometry": { "type": "Polygon", "coordinates": [ [ [ 2072359.735823, 6414104.516413000412285 ], [ 2072363.414078, 6416781.653040000237525 ], [ 2072365.882994000101462, 6418579.400816 ], [ 2075742.949158, 6417360.476719000376761 ], [ 2076774.227368, 6416969.185544 ], [ 2076609.749312000116333, 6415658.686766999773681 ], [ 2076587.030189, 6415477.653345 ], [ 2076232.969639, 6412741.980410999618471 ], [ 2074732.040255000116304, 6412307.91862600017339 ], [ 2074022.678484, 6412111.462373999878764 ], [ 2072356.356252, 6411645.934289 ], [ 2072359.735823, 6414104.516413000412285 ] ] ] } },
{ "type": "Feature", "properties": { "gml_id": "FossilFuelResource.progn.pow80475", "identifier": "http://inspire.pgi.gov.pl/so/mr/Midas.paliwaKopalne/FossilFuelResource.progn.pow80475", "beginLifespanVersion": null, "localId": "FossilFuelResource.progn.pow80475", "namespace": "http://inspire.pgi.gov.pl/so/mr/Midas.paliwaKopalne", "scalar": -1000.0, "scalar_uom": "m", "dateOfDiscovery": null, "calorificValue": null, "quantity": null, "verticalExtent": null }, "geometry": { "type": "Polygon", "coordinates": [ [ [ 2115420.47095, 6483077.069779000245035 ], [ 2116854.440448, 6483031.713201999664307 ], [ 2116988.018236999865621, 6483515.672446999698877 ], [ 2117005.168484, 6483621.424643999896944 ], [ 2117024.892064999789, 6483769.722128000110388 ], [ 2117040.793087999802083, 6483894.447377 ], [ 2117060.332428, 6484009.043877 ], [ 2117107.369661, 6484223.191199 ], [ 2117425.782751, 6484414.260983999818563 ], [ 2118745.064147000201046, 6484954.669746000319719 ], [ 2118760.854371, 6484957.445953999646008 ], [ 2118867.616312, 6484976.21539399959147 ], [ 2119025.142167000100017, 6484951.596815999597311 ], [ 2120041.627425999846309, 6484095.795582000166178 ], [ 2120082.932029, 6484056.742646000348032 ], [ 2120625.084189999848604, 6483544.109918000176549 ], [ 2121644.583453999832273, 6482260.177706000395119 ], [ 2120654.575046999845654, 6479669.825294 ], [ 2120526.960316999815404, 6479239.926009999588132 ], [ 2119616.069850999861956, 6478352.246442000381649 ], [ 2118653.579291, 6477874.447587000206113 ], [ 2118971.358374, 6477224.857727999798954 ], [ 2118719.449542, 6475117.949469000101089 ], [ 2118367.045589, 6474788.818036999553442 ], [ 2114862.394354000221938, 6471514.083611999638379 ], [ 2113160.702446000184864, 6471839.549941999837756 ], [ 2111099.945904000196606, 6472243.895464999601245 ], [ 2107511.902110000140965, 6473323.825194999575615 ], [ 2107614.385282, 6473350.12213 ], [ 2109377.66295799985528, 6474369.382516999728978 ], [ 2109462.136799000203609, 6474445.159767 ], [ 2109358.738350000232458, 6474939.526022999547422 ], [ 2109297.411795999854803, 6475117.726203000172973 ], [ 2109266.76546, 6475302.713956999592483 ], [ 2108617.441674999892712, 6477113.741988999769092 ], [ 2108212.797842000145465, 6478242.106629 ], [ 2109702.077844, 6480134.793831000104547 ], [ 2110361.835738, 6480973.039215000346303 ], [ 2112112.629681999795139, 6483196.818284000270069 ], [ 2113757.091304, 6483175.700771999545395 ], [ 2113877.63932800013572, 6483166.879386999644339 ], [ 2114630.568185000214726, 6483111.731378000229597 ], [ 2114864.397243999876082, 6483094.59064 ], [ 2114864.41285, 6483094.591110000386834 ], [ 2115420.47095, 6483077.069779000245035 ] ] ] } },
{ "type": "Feature", "properties": { "gml_id": "FossilFuelResource.per.pow76604", "identifier": "http://inspire.pgi.gov.pl/so/mr/Midas.paliwaKopalne/FossilFuelResource.per.pow76604", "beginLifespanVersion": null, "localId": "FossilFuelResource.per.pow76604", "namespace": "http://inspire.pgi.gov.pl/so/mr/Midas.paliwaKopalne", "scalar": -64.8, "scalar_uom": "m", "dateOfDiscovery": null, "calorificValue": null, "quantity": null, "verticalExtent": null }, "geometry": { "type": "Polygon", "coordinates": [ [ [ 1623513.093298, 6873305.657006000168622 ], [ 1624134.090701, 6873816.45940599963069 ], [ 1624726.296813, 6874332.659932999871671 ], [ 1625360.064786, 6874914.369447000324726 ], [ 1626002.701527, 6875594.036840000189841 ], [ 1626270.689774, 6875912.596649999730289 ], [ 1626736.902811999898404, 6876563.344982 ], [ 1627182.48006, 6877175.785198000259697 ], [ 1627468.708336, 6877583.087325000204146 ], [ 1627704.513978, 6877854.847451999783516 ], [ 1628301.245007, 6878497.024408999830484 ], [ 1629050.584731, 6879340.58598 ], [ 1629536.530557, 6879851.564406 ], [ 1629856.317688, 6880100.454498000442982 ], [ 1630051.115672, 6880227.392923999577761 ], [ 1630246.15525500010699, 6880303.011315999552608 ], [ 1630478.667788, 6880332.151929999701679 ], [ 1630230.610508, 6879677.737800000235438 ], [ 1630098.548389999894425, 6879098.570639000274241 ], [ 1630008.376619, 6878515.006997999735177 ], [ 1630010.908082, 6878001.885773999616504 ], [ 1630051.248923, 6877367.731548000127077 ], [ 1630123.342103, 6876897.022168000228703 ], [ 1630233.39550399989821, 6876267.956326000392437 ], [ 1630417.975465, 6875611.338606 ], [ 1630428.105751999886706, 6875439.761594000272453 ], [ 1630398.077416, 6874922.017331999726593 ], [ 1630353.77389, 6874474.196000000461936 ], [ 1630276.787499, 6874054.197676000185311 ], [ 1630130.723596000112593, 6873503.337599 ], [ 1629937.53062399988994, 6873087.484365999698639 ], [ 1629679.825722, 6872558.949219999834895 ], [ 1629389.602540999883786, 6872035.42435699980706 ], [ 1629089.924286, 6871549.170277000404894 ], [ 1628799.45113, 6871086.274888999760151 ], [ 1628568.608396, 6870786.833816000260413 ], [ 1628240.453919, 6870435.605494 ], [ 1627708.473145, 6869966.825492000207305 ], [ 1627315.98012, 6869577.511862000450492 ], [ 1626789.09997, 6869043.520669000223279 ], [ 1626525.810846, 6868753.214193000458181 ], [ 1626327.747736, 6868435.322344999760389 ], [ 1626116.371648, 6868000.906508999876678 ], [ 1625965.451197, 6867562.168452999554574 ], [ 1625815.74894699989818, 6866899.8596 ], [ 1625657.489781, 6866109.441785000264645 ], [ 1625590.608206, 6865601.392486000433564 ], [ 1625574.785061, 6865098.324171000160277 ], [ 1625614.947504, 6864549.011777999810874 ], [ 1625697.313634, 6863923.137631 ], [ 1625873.897683, 6863044.070078000426292 ], [ 1626031.535068, 6862230.178279999643564 ], [ 1626234.308151, 6861644.707504999823868 ], [ 1626493.0221, 6861013.028900999575853 ], [ 1626219.859337, 6860554.252977999858558 ], [ 1626274.077835999894887, 6860481.186920000240207 ], [ 1625062.107944, 6860429.984443999826908 ], [ 1624826.655929999891669, 6860386.907429999671876 ], [ 1624340.919598999898881, 6860300.092648999765515 ], [ 1624020.11592, 6860240.416857999749482 ], [ 1623997.647327, 6860237.342082000337541 ], [ 1623835.481172, 6860207.963739999569952 ], [ 1623536.801722999894992, 6860152.815902000293136 ], [ 1623349.153495, 6858881.948262000456452 ], [ 1623190.779461999889463, 6858890.901270999573171 ], [ 1622992.618918, 6858800.773141999728978 ], [ 1622801.558399, 6858787.513138 ], [ 1622630.328481, 6858957.179325999692082 ], [ 1622487.326761, 6859061.848814000375569 ], [ 1622251.179485, 6859212.519093000330031 ], [ 1622061.715184, 6859320.019307999871671 ], [ 1621857.023373, 6859387.075997999869287 ], [ 1621652.182219, 6859475.848833999596536 ], [ 1621496.728678, 6859586.636857000179589 ], [ 1621406.493724, 6859663.685714 ], [ 1621344.017299, 6859759.514178999699652 ], [ 1621312.667854999890551, 6859824.493657999671996 ], [ 1621308.65245, 6859976.547781 ], [ 1621344.682715999893844, 6860162.978888000361621 ], [ 1621362.315853, 6860321.374602000229061 ], [ 1621367.667056, 6860461.085023 ], [ 1621359.433749, 6860554.122779999859631 ], [ 1621363.955572, 6861145.262087999843061 ], [ 1621333.122227, 6861643.162819 ], [ 1621284.329519, 6862038.57948200032115 ], [ 1621189.376065, 6862387.164943999610841 ], [ 1621090.634328, 6862596.072892 ], [ 1620926.820705, 6862813.89113499969244 ], [ 1620912.52118, 6862874.329938 ], [ 1620916.65282, 6862958.168521 ], [ 1620944.221516000106931, 6863004.894066999666393 ], [ 1620976.727592, 6863005.091637999750674 ], [ 1621037.421748, 6862949.58434799965471 ], [ 1621131.125615, 6862810.480604999698699 ], [ 1621177.687808, 6862787.49224799964577 ], [ 1621214.775914000114426, 6862797.01822 ], [ 1621242.373954, 6862839.091230000369251 ], [ 1621237.286919, 6862913.555308000184596 ], [ 1621208.803855, 6863015.816898999735713 ], [ 1621156.787979, 6863173.797918999567628 ], [ 1621523.630543, 6863166.708683 ], [ 1621825.42035, 6863168.516408000141382 ], [ 1622048.141744, 6863193.114625999704003 ], [ 1622331.014734, 6863250.668696000240743 ], [ 1622498.091216, 6863265.623638999648392 ], [ 1622628.141606, 6863257.069806000217795 ], [ 1622893.248589, 6863179.472997000440955 ], [ 1623368.322165, 6864537.257472 ], [ 1623454.033623, 6864975.505243999883533 ], [ 1622432.9676, 6865659.321527999825776 ], [ 1622492.7028, 6865769.120569 ], [ 1622552.439755, 6865878.920723999850452 ], [ 1622170.107143, 6866128.182032000273466 ], [ 1622390.531278, 6866558.018929 ], [ 1621245.945378, 6866877.236484000459313 ], [ 1621268.187816, 6867040.411678000353277 ], [ 1621267.039567, 6867231.401235999539495 ], [ 1621238.137472, 6867403.581252999603748 ], [ 1621181.295097, 6867584.918982 ], [ 1620984.182776999892667, 6867916.833494000136852 ], [ 1620735.815072, 6868269.402614000253379 ], [ 1619179.497083, 6870477.714797999709845 ], [ 1619883.11555, 6870925.357208999805152 ], [ 1620716.714873, 6871410.528525000438094 ], [ 1621596.415543, 6871975.18597500026226 ], [ 1622684.454861, 6872704.149433 ], [ 1623513.093298, 6873305.657006000168622 ] ] ] } },
{ "type": "Feature", "properties": { "gml_id": "FossilFuelResource.per.pow76725", "identifier": "http://inspire.pgi.gov.pl/so/mr/Midas.paliwaKopalne/FossilFuelResource.per.pow76725", "beginLifespanVersion": null, "localId": "FossilFuelResource.per.pow76725", "namespace": "http://inspire.pgi.gov.pl/so/mr/Midas.paliwaKopalne", "scalar": -20.3, "scalar_uom": "m", "dateOfDiscovery": null, "calorificValue": null, "quantity": null, "verticalExtent": null }, "geometry": { "type": "Polygon", "coordinates": [ [ [ 2093181.061385999899358, 6806179.716904999688268 ], [ 2093367.851343, 6806148.586373000405729 ], [ 2093545.390958, 6806099.995617000386119 ], [ 2093946.337416, 6805940.44006 ], [ 2094347.268289, 6805780.867681999690831 ], [ 2094640.401185, 6805528.733342999592423 ], [ 2094729.968639, 6805477.477027 ], [ 2094819.534961, 6805426.219875000417233 ], [ 2095825.564777000108734, 6804980.673085999675095 ], [ 2096059.289627, 6804850.341196999885142 ], [ 2097061.634879, 6804194.661604999564588 ], [ 2097353.976373, 6803899.316514999605715 ], [ 2097447.26321699982509, 6803721.621919999830425 ], [ 2097515.702829, 6803474.834443000145257 ], [ 2097738.549219000153244, 6802568.243947999551892 ], [ 2097815.630382999777794, 6802345.010452000424266 ], [ 2097960.231613, 6801788.772498999722302 ], [ 2098201.131095, 6800790.894434999674559 ], [ 2098226.42502, 6800585.494624 ], [ 2098213.866103999782354, 6800359.667206999845803 ], [ 2098156.010865, 6800070.236320000141859 ], [ 2098050.545409999787807, 6799609.745629999786615 ], [ 2097989.004321999847889, 6799396.596320999786258 ], [ 2097947.07142, 6799339.4779669996351 ], [ 2097871.816712, 6799317.268651000224054 ], [ 2097776.865356000140309, 6799334.581380999647081 ], [ 2097694.259335, 6799387.168459 ], [ 2097565.708511999808252, 6799490.799502000212669 ], [ 2097309.528659, 6799666.639189999550581 ], [ 2097133.871976, 6799771.496227 ], [ 2096916.2993, 6799888.557449 ], [ 2096799.543569, 6799966.709184000268579 ], [ 2096693.461355, 6800070.208424 ], [ 2096356.925226, 6800549.115701000206172 ], [ 2096139.584116, 6800748.761761999689043 ], [ 2095912.873536, 6800832.166303000412881 ], [ 2095398.982929, 6800857.743328999727964 ], [ 2095225.869469, 6800838.433577000163496 ], [ 2095062.996918, 6800791.161859000101686 ], [ 2094484.309914, 6800708.363080999813974 ], [ 2094367.666964, 6800704.846052999608219 ], [ 2093885.793227, 6800868.657836999744177 ], [ 2093591.208839, 6800986.869916000403464 ], [ 2093296.615719999885187, 6801105.072781999595463 ], [ 2092943.028648, 6801155.570383000187576 ], [ 2092716.07641, 6801166.578919 ], [ 2092323.264053, 6801121.610988000407815 ], [ 2091904.350218999898061, 6801125.374289000406861 ], [ 2091607.746854, 6801157.620574999600649 ], [ 2091234.799787, 6801270.101320000365376 ], [ 2090850.866474, 6801473.083699 ], [ 2090556.408932, 6801703.553089999593794 ], [ 2090252.478401, 6801975.019996999762952 ], [ 2090020.283269, 6802296.923519000411034 ], [ 2089910.006976, 6802388.416230999864638 ], [ 2089495.835344, 6802574.078524 ], [ 2089164.210684, 6802732.059476999565959 ], [ 2088914.885317, 6802827.891723000444472 ], [ 2088772.458027, 6802845.056815999560058 ], [ 2088570.814931999891996, 6802830.214838 ], [ 2088429.976410999894142, 6802795.671699999831617 ], [ 2088277.83303, 6802709.026437999680638 ], [ 2088125.97466, 6802613.754762000404298 ], [ 2087974.236292, 6802514.176651 ], [ 2087817.693408, 6802431.697549000382423 ], [ 2087642.635978, 6802391.774048999883235 ], [ 2087496.452582, 6802391.549604999832809 ], [ 2087383.699981, 6802422.550727999769151 ], [ 2087317.257081, 6802485.178724999539554 ], [ 2087244.53927, 6802612.319423999637365 ], [ 2087193.685985000105575, 6802727.182427999563515 ], [ 2087169.53976699989289, 6802812.700172999873757 ], [ 2087162.216753, 6803049.6892170002684 ], [ 2087186.137563, 6803135.776472999714315 ], [ 2087246.323697, 6803250.696700000204146 ], [ 2088115.522746, 6804349.973696 ], [ 2088571.53806, 6805045.691352000460029 ], [ 2088646.506938, 6805125.663032 ], [ 2088764.308864, 6805211.266773000359535 ], [ 2088865.163817000109702, 6805259.786442999728024 ], [ 2089541.956961000105366, 6805585.389548 ], [ 2089943.589689, 6805725.265413999557495 ], [ 2090923.055972999893129, 6806049.620690999552608 ], [ 2092356.196451, 6806206.177313 ], [ 2092994.269839, 6806210.843391000293195 ], [ 2093181.061385999899358, 6806179.716904999688268 ] ], [ [ 2096506.024641, 6802428.397532000206411 ], [ 2096412.391286, 6802345.049587000161409 ], [ 2096318.760018, 6802261.701411999762058 ], [ 2096229.6352, 6802027.094956999644637 ], [ 2096211.13125399989076, 6801788.138372999615967 ], [ 2096227.881795, 6801440.728945 ], [ 2096366.942228, 6800858.634739999659359 ], [ 2096414.412380000110716, 6800769.875159 ], [ 2096513.292282, 6800676.200287999585271 ], [ 2096617.339239000109956, 6800629.757686000317335 ], [ 2096675.610849, 6800603.746782000176609 ], [ 2096998.973849, 6800500.66329799965024 ], [ 2097322.328648999799043, 6800397.567992 ], [ 2097534.866415, 6800358.81011 ], [ 2097694.694038, 6800370.002231 ], [ 2097795.383041, 6800430.97310100030154 ], [ 2097868.75122, 6800549.108308999799192 ], [ 2097898.284846, 6800633.726288000121713 ], [ 2097865.631889999844134, 6800871.123985 ], [ 2097780.073762999847531, 6801164.920842999592423 ], [ 2097672.32659799978137, 6801342.100421999581158 ], [ 2097564.574885999783874, 6801519.282243999652565 ], [ 2097464.541739999782294, 6801675.700140000320971 ], [ 2097127.867576, 6802202.112901999615133 ], [ 2096943.263459, 6802377.013318000361323 ], [ 2096799.935087, 6802456.509909999556839 ], [ 2096506.024641, 6802428.397532000206411 ] ], [ [ 2091820.371197, 6802811.701816 ], [ 2091261.71416, 6802951.582573999650776 ], [ 2090884.697605999885127, 6803059.818865000270307 ], [ 2090662.3742, 6803077.792120999656618 ], [ 2090499.249125, 6803039.756528999656439 ], [ 2090410.747208, 6802979.227213 ], [ 2090381.696894, 6802854.445131000131369 ], [ 2090513.840282, 6802561.163307 ], [ 2090755.672895, 6802172.127669 ], [ 2091051.631872, 6801892.133128000423312 ], [ 2091394.561944, 6801687.894992999732494 ], [ 2091502.098397, 6801662.273981000296772 ], [ 2091609.634173, 6801636.651452999562025 ], [ 2091815.255892, 6801626.404857000336051 ], [ 2092215.787029, 6801688.151298999786377 ], [ 2092386.342244, 6801751.146644 ], [ 2092482.544252, 6801828.395867999643087 ], [ 2092560.856931, 6801954.651309999637306 ], [ 2092572.029868, 6802128.419809999875724 ], [ 2092540.685181, 6802350.452724000439048 ], [ 2092437.221696, 6802512.502519999630749 ], [ 2092251.941946, 6802663.78962 ], [ 2092002.020464, 6802780.069735 ], [ 2091820.371197, 6802811.701816 ] ] ] } },
{ "type": "Feature", "properties": { "gml_id": "FossilFuelResource.progn.pow76538", "identifier": "http://inspire.pgi.gov.pl/so/mr/Midas.paliwaKopalne/FossilFuelResource.progn.pow76538", "beginLifespanVersion": null, "localId": "FossilFuelResource.progn.pow76538", "namespace": "http://inspire.pgi.gov.pl/so/mr/Midas.paliwaKopalne", "scalar": -20.3, "scalar_uom": "m", "dateOfDiscovery": null, "calorificValue": null, "quantity": null, "verticalExtent": null }, "geometry": { "type": "Polygon", "coordinates": [ [ [ 2096506.024641, 6802428.397532000206411 ], [ 2096799.935087, 6802456.509909999556839 ], [ 2096943.263459, 6802377.013318000361323 ], [ 2097127.867576, 6802202.112901999615133 ], [ 2097464.541739999782294, 6801675.700140000320971 ], [ 2097564.574885999783874, 6801519.282243999652565 ], [ 2097672.32659799978137, 6801342.100421999581158 ], [ 2097780.073762999847531, 6801164.920842999592423 ], [ 2097865.631889999844134, 6800871.123985 ], [ 2097898.284846, 6800633.726288000121713 ], [ 2097868.75122, 6800549.108308999799192 ], [ 2097795.383041, 6800430.97310100030154 ], [ 2097694.694038, 6800370.002231 ], [ 2097534.866415, 6800358.81011 ], [ 2097322.328648999799043, 6800397.567992 ], [ 2096998.973849, 6800500.66329799965024 ], [ 2096675.610849, 6800603.746782000176609 ], [ 2096617.339239000109956, 6800629.757686000317335 ], [ 2096513.292282, 6800676.200287999585271 ], [ 2096414.412380000110716, 6800769.875159 ], [ 2096366.942228, 6800858.634739999659359 ], [ 2096227.881795, 6801440.728945 ], [ 2096211.13125399989076, 6801788.138372999615967 ], [ 2096229.6352, 6802027.094956999644637 ], [ 2096318.760018, 6802261.701411999762058 ], [ 2096412.391286, 6802345.049587000161409 ], [ 2096506.024641, 6802428.397532000206411 ] ] ] } },
{ "type": "Feature", "properties": { "gml_id": "FossilFuelResource.progn.pow76659", "identifier": "http://inspire.pgi.gov.pl/so/mr/Midas.paliwaKopalne/FossilFuelResource.progn.pow76659", "beginLifespanVersion": null, "localId": "FossilFuelResource.progn.pow76659", "namespace": "http://inspire.pgi.gov.pl/so/mr/Midas.paliwaKopalne", "scalar": -64.8, "scalar_uom": "m", "dateOfDiscovery": null, "calorificValue": null, "quantity": null, "verticalExtent": null }, "geometry": { "type": "Polygon", "coordinates": [ [ [ 1621360.39191, 6860679.363783 ], [ 1621363.955572, 6861145.262087999843061 ], [ 1621333.122227, 6861643.162819 ], [ 1621284.329519, 6862038.57948200032115 ], [ 1621189.376065, 6862387.164943999610841 ], [ 1621090.634328, 6862596.072892 ], [ 1620926.820705, 6862813.89113499969244 ], [ 1620912.52118, 6862874.329938 ], [ 1620916.65282, 6862958.168521 ], [ 1620944.221516000106931, 6863004.894066999666393 ], [ 1620976.727592, 6863005.091637999750674 ], [ 1621037.421748, 6862949.58434799965471 ], [ 1621131.125615, 6862810.480604999698699 ], [ 1621177.687808, 6862787.49224799964577 ], [ 1621214.775914000114426, 6862797.01822 ], [ 1621242.373954, 6862839.091230000369251 ], [ 1621237.286919, 6862913.555308000184596 ], [ 1621208.803855, 6863015.816898999735713 ], [ 1621156.787979, 6863173.797918999567628 ], [ 1621523.630543, 6863166.708683 ], [ 1621825.42035, 6863168.516408000141382 ], [ 1622048.141744, 6863193.114625999704003 ], [ 1622331.014734, 6863250.668696000240743 ], [ 1622498.091216, 6863265.623638999648392 ], [ 1622628.141606, 6863257.069806000217795 ], [ 1622893.248589, 6863179.472997000440955 ], [ 1623368.322165, 6864537.257472 ], [ 1623454.033623, 6864975.505243999883533 ], [ 1622432.9676, 6865659.321527999825776 ], [ 1622492.7028, 6865769.120569 ], [ 1622552.439755, 6865878.920723999850452 ], [ 1622170.107143, 6866128.182032000273466 ], [ 1622390.531278, 6866558.018929 ], [ 1621245.945378, 6866877.236484000459313 ], [ 1621268.187816, 6867040.411678000353277 ], [ 1621267.039567, 6867231.401235999539495 ], [ 1621238.137472, 6867403.581252999603748 ], [ 1621181.295097, 6867584.918982 ], [ 1620984.182776999892667, 6867916.833494000136852 ], [ 1620735.815072, 6868269.402614000253379 ], [ 1620442.997660000110045, 6868684.964284 ], [ 1620446.964159, 6868718.026691 ], [ 1620449.904497, 6868742.535801 ], [ 1620454.831583, 6868778.010876 ], [ 1620459.143756, 6868808.836341000162065 ], [ 1620538.096236, 6868799.051322000101209 ], [ 1620541.744053999893367, 6868823.369423000141978 ], [ 1620545.724359000101686, 6868850.005820999853313 ], [ 1620552.665294, 6868896.421255 ], [ 1620557.877692, 6868931.258033 ], [ 1620563.577424, 6868969.358279 ], [ 1620572.10867, 6869026.40936699975282 ], [ 1620578.540986, 6869069.380568999797106 ], [ 1620583.335026, 6869101.43492 ], [ 1620492.860308999894187, 6869110.050377000123262 ], [ 1620516.360971, 6869278.485640999861062 ], [ 1620555.441726, 6869551.865453000180423 ], [ 1620565.199844, 6869550.530632000416517 ], [ 1620728.970294999890029, 6869527.919689999893308 ], [ 1620858.445199, 6869510.019143000245094 ], [ 1620878.959842, 6869663.488436000421643 ], [ 1620874.151866, 6869663.930637000128627 ], [ 1620873.791076, 6869728.530117000453174 ], [ 1620880.635568, 6869780.032679 ], [ 1620899.617818, 6869843.461961999535561 ], [ 1620903.588739, 6869842.787572000175714 ], [ 1620922.613976999884471, 6869979.461207999847829 ], [ 1620954.435135, 6870216.121159999631345 ], [ 1620971.953491, 6870345.09137300029397 ], [ 1620980.55833, 6870408.492510000243783 ], [ 1621030.863379, 6870755.536000999622047 ], [ 1620600.371448, 6870359.013012000359595 ], [ 1620605.637232, 6870325.243326 ], [ 1620570.898659, 6870345.129536 ], [ 1620479.866807, 6870397.262081 ], [ 1620444.996302, 6870360.884286000393331 ], [ 1620376.092808, 6870413.691834 ], [ 1620154.167503, 6870583.797403000295162 ], [ 1620296.780387, 6870802.316642999649048 ], [ 1620211.472002, 6870898.979058999568224 ], [ 1620198.551488, 6870913.64561 ], [ 1620117.722614, 6870844.088937000371516 ], [ 1620053.601648, 6870901.575546000152826 ], [ 1619825.393404, 6870856.319601000286639 ], [ 1619797.142873999895528, 6870870.665957000106573 ], [ 1619883.11555, 6870925.357208999805152 ], [ 1620716.714873, 6871410.528525000438094 ], [ 1621596.415543, 6871975.18597500026226 ], [ 1622684.454861, 6872704.149433 ], [ 1623513.093298, 6873305.657006000168622 ], [ 1624134.090701, 6873816.45940599963069 ], [ 1624726.296813, 6874332.659932999871671 ], [ 1625360.064786, 6874914.369447000324726 ], [ 1626002.701527, 6875594.036840000189841 ], [ 1626270.689774, 6875912.596649999730289 ], [ 1626736.902811999898404, 6876563.344982 ], [ 1627182.48006, 6877175.785198000259697 ], [ 1627468.708336, 6877583.087325000204146 ], [ 1627704.513978, 6877854.847451999783516 ], [ 1628301.245007, 6878497.024408999830484 ], [ 1629050.584731, 6879340.58598 ], [ 1629536.530557, 6879851.564406 ], [ 1629856.317688, 6880100.454498000442982 ], [ 1630051.115672, 6880227.392923999577761 ], [ 1630246.15525500010699, 6880303.011315999552608 ], [ 1630478.667788, 6880332.151929999701679 ], [ 1630230.610508, 6879677.737800000235438 ], [ 1630098.548389999894425, 6879098.570639000274241 ], [ 1630008.376619, 6878515.006997999735177 ], [ 1630010.908082, 6878001.885773999616504 ], [ 1630051.248923, 6877367.731548000127077 ], [ 1630123.342103, 6876897.022168000228703 ], [ 1630178.371247, 6876582.483404000289738 ], [ 1630233.39550399989821, 6876267.956326000392437 ], [ 1630417.975465, 6875611.338606 ], [ 1630428.105751999886706, 6875439.761594000272453 ], [ 1630398.077416, 6874922.017331999726593 ], [ 1630353.77389, 6874474.196000000461936 ], [ 1630276.787499, 6874054.197676000185311 ], [ 1630130.723596000112593, 6873503.337599 ], [ 1630034.124609, 6873295.408799 ], [ 1629937.53062399988994, 6873087.484365999698639 ], [ 1629873.101358, 6872955.347968 ], [ 1629808.674148, 6872823.213286000303924 ], [ 1629679.825722, 6872558.949219999834895 ], [ 1629389.602540999883786, 6872035.42435699980706 ], [ 1629089.924286, 6871549.170277000404894 ], [ 1628799.45113, 6871086.274888999760151 ], [ 1628568.608396, 6870786.833816000260413 ], [ 1628240.453919, 6870435.605494 ], [ 1627708.473145, 6869966.825492000207305 ], [ 1627315.98012, 6869577.511862000450492 ], [ 1626789.09997, 6869043.520669000223279 ], [ 1626525.810846, 6868753.214193000458181 ], [ 1626327.747736, 6868435.322344999760389 ], [ 1626116.371648, 6868000.906508999876678 ], [ 1625965.451197, 6867562.168452999554574 ], [ 1625815.74894699989818, 6866899.8596 ], [ 1625657.489781, 6866109.441785000264645 ], [ 1625590.608206, 6865601.392486000433564 ], [ 1625574.785061, 6865098.324171000160277 ], [ 1625614.947504, 6864549.011777999810874 ], [ 1625697.313634, 6863923.137631 ], [ 1625873.897683, 6863044.070078000426292 ], [ 1626031.535068, 6862230.178279999643564 ], [ 1626234.308151, 6861644.707504999823868 ], [ 1626493.0221, 6861013.028900999575853 ], [ 1626219.859337, 6860554.252977999858558 ], [ 1626274.077835999894887, 6860481.186920000240207 ], [ 1625062.107944, 6860429.984443999826908 ], [ 1624826.655929999891669, 6860386.907429999671876 ], [ 1624340.919598999898881, 6860300.092648999765515 ], [ 1624020.11592, 6860240.416857999749482 ], [ 1623997.647327, 6860237.342082000337541 ], [ 1623835.481172, 6860207.963739999569952 ], [ 1623536.801722999894992, 6860152.815902000293136 ], [ 1623433.195186, 6860167.594285000115633 ], [ 1623442.111117, 6860203.339746999554336 ], [ 1623456.576972, 6860282.297535000368953 ], [ 1623484.285241999896243, 6860434.008612000383437 ], [ 1623497.074102000100538, 6860528.146099999547005 ], [ 1623503.776285, 6860581.300366000272334 ], [ 1623503.919013, 6860603.098508999682963 ], [ 1623472.528245, 6860587.92730600014329 ], [ 1623407.400393000105396, 6860563.884135000407696 ], [ 1623084.638612, 6860478.611723000183702 ], [ 1623000.36915, 6860782.676856 ], [ 1622723.877879, 6860767.95654399972409 ], [ 1622707.566101, 6860766.988086 ], [ 1622435.66508, 6860751.031173000112176 ], [ 1622311.440839, 6860740.515089999884367 ], [ 1622204.749225, 6860731.599070999771357 ], [ 1621877.523924, 6860711.879262999631464 ], [ 1621855.684029999887571, 6860710.651141 ], [ 1621637.192438999889418, 6860696.147529000416398 ], [ 1621528.940398, 6860688.962832000106573 ], [ 1621508.257695, 6860687.785125000402331 ], [ 1621360.39191, 6860679.363783 ] ] ] } },
{ "type": "Feature", "properties": { "gml_id": "FossilFuelResource.per.pow76606", "identifier": "http://inspire.pgi.gov.pl/so/mr/Midas.paliwaKopalne/FossilFuelResource.per.pow76606", "beginLifespanVersion": null, "localId": "FossilFuelResource.per.pow76606", "namespace": "http://inspire.pgi.gov.pl/so/mr/Midas.paliwaKopalne", "scalar": -142.1, "scalar_uom": "m", "dateOfDiscovery": null, "calorificValue": null, "quantity": null, "verticalExtent": null }, "geometry": { "type": "Polygon", "coordinates": [ [ [ 1744025.3146, 6850037.327844999730587 ], [ 1744714.569581, 6850501.28749 ], [ 1745201.297096, 6850875.380017000250518 ], [ 1745640.587618000106886, 6851188.764906000345945 ], [ 1746027.550742000108585, 6851422.650271999649704 ], [ 1746473.576152000110596, 6851698.317024 ], [ 1746773.419037, 6851895.380274999886751 ], [ 1746947.96547, 6851992.50404 ], [ 1747159.705824, 6852051.61935400031507 ], [ 1747418.023708, 6852075.003515000455081 ], [ 1748053.970681, 6852085.310108999721706 ], [ 1748248.473602, 6852059.89750500023365 ], [ 1748475.719100000103936, 6852024.73986 ], [ 1748663.310279, 6852013.498858000151813 ], [ 1749435.318787, 6852020.006016000173986 ], [ 1751150.009876, 6851974.617726 ], [ 1751881.997707, 6851969.535642 ], [ 1752916.337244, 6851933.040525999851525 ], [ 1753077.352678, 6851727.647896000184119 ], [ 1753077.35265, 6851727.652150999754667 ], [ 1753077.379869, 6851727.613266999833286 ], [ 1753077.401005000108853, 6851727.586224 ], [ 1753077.400989, 6851727.582949000410736 ], [ 1755479.350767999887466, 6848276.949121999554336 ], [ 1758641.839615, 6843715.094623999670148 ], [ 1759402.107827, 6842701.278471999801695 ], [ 1760162.183801, 6841687.511942000128329 ], [ 1762195.805495, 6839150.057330000214279 ], [ 1763869.796212, 6837079.430913999676704 ], [ 1764031.081626000115648, 6834084.309090999886394 ], [ 1764100.393292, 6832607.866809999570251 ], [ 1764218.443196, 6830862.114102000370622 ], [ 1759455.759694, 6830630.17775799985975 ], [ 1759248.241249, 6830632.484745999798179 ], [ 1757906.997205, 6830560.489335999824107 ], [ 1757581.545726, 6830557.501554000191391 ], [ 1756743.44498, 6830253.532320999540389 ], [ 1756181.451148, 6829979.412964000366628 ], [ 1754870.440231, 6829408.66330000013113 ], [ 1754715.020912, 6829323.653512000106275 ], [ 1754425.13079, 6829227.057130999863148 ], [ 1754266.480351, 6829137.165605000220239 ], [ 1754111.351249, 6829014.862990999594331 ], [ 1753594.650232, 6828487.088770999573171 ], [ 1753573.57692, 6828450.062354000285268 ], [ 1753347.045348, 6828269.059328 ], [ 1753078.054994999896735, 6827963.051475999876857 ], [ 1753078.054949, 6827963.048862 ], [ 1752427.592066, 6827298.546954000368714 ], [ 1751837.158518, 6826755.696902999654412 ], [ 1751260.489764, 6826179.867700000293553 ], [ 1750840.311369, 6825804.149306000210345 ], [ 1750466.900008, 6825423.280128999613225 ], [ 1749488.535178000107408, 6824415.272981000132859 ], [ 1748652.864675, 6823626.264979000203311 ], [ 1747963.329076, 6822938.985112000256777 ], [ 1747504.603174, 6822413.588031999766827 ], [ 1747306.821148, 6822270.142207999713719 ], [ 1746990.677344, 6822957.74517 ], [ 1746743.120938, 6823485.28636800032109 ], [ 1746471.624369, 6823956.804457999765873 ], [ 1746134.732558, 6824443.04262899979949 ], [ 1745885.329736, 6824783.075244000181556 ], [ 1745340.353063, 6825538.626950999721885 ], [ 1744443.217417, 6826677.458034999668598 ], [ 1744054.278112, 6827126.720094 ], [ 1743439.079695, 6827915.862797000445426 ], [ 1743251.626501, 6828145.127014 ], [ 1743064.162611, 6828374.393197 ], [ 1742796.703123, 6828817.885255999863148 ], [ 1742414.610924, 6829529.909601000137627 ], [ 1742039.963103, 6830252.333375999704003 ], [ 1741905.966915, 6830716.214990999549627 ], [ 1741648.656052999896929, 6831255.769910000264645 ], [ 1741536.619817999890074, 6831552.40807200036943 ], [ 1741225.79560500010848, 6832665.036554000340402 ], [ 1741143.618349000113085, 6832900.433884999714792 ], [ 1740975.499592, 6833481.566119000315666 ], [ 1740874.86822500010021, 6834017.559670999646187 ], [ 1740693.416811, 6834683.385525999590755 ], [ 1740591.643494, 6835092.703410999849439 ], [ 1740441.665453, 6835615.145933999679983 ], [ 1740306.691867, 6835980.189729999750853 ], [ 1740125.434803, 6836409.050206 ], [ 1739802.209906, 6837214.81769 ], [ 1739520.371816, 6837938.107881000265479 ], [ 1739271.063277, 6838499.13920500036329 ], [ 1738922.607028, 6839347.358629999682307 ], [ 1738804.076205, 6839635.115642 ], [ 1738507.354522, 6840556.008573999628425 ], [ 1738314.173306, 6841262.36487300042063 ], [ 1738226.793932, 6841735.284450000151992 ], [ 1738156.929872999899089, 6842064.779365999624133 ], [ 1738083.236712, 6842495.335769000463188 ], [ 1738040.266441, 6842958.554863000288606 ], [ 1738054.773247, 6843287.382593000307679 ], [ 1738106.760091, 6843615.905714999884367 ], [ 1738184.4318899998907, 6843932.47647999972105 ], [ 1738363.360891, 6844577.18363399989903 ], [ 1738571.061751999892294, 6845019.593127000145614 ], [ 1738818.596016, 6845456.97362899966538 ], [ 1739051.546938, 6845831.02346200030297 ], [ 1739409.747691000113264, 6846316.831810999661684 ], [ 1739748.435602, 6846711.150752999819815 ], [ 1740169.159811000106856, 6847097.69690699968487 ], [ 1740542.811288, 6847458.811826 ], [ 1740961.34287, 6847852.416701000183821 ], [ 1741521.377097, 6848331.773323000408709 ], [ 1742043.265476, 6848733.858819000422955 ], [ 1743034.209085, 6849385.626073 ], [ 1743358.656552, 6849599.001232 ], [ 1744025.3146, 6850037.327844999730587 ] ] ] } },
{ "type": "Feature", "properties": { "gml_id": "FossilFuelResource.progn.pow76657", "identifier": "http://inspire.pgi.gov.pl/so/mr/Midas.paliwaKopalne/FossilFuelResource.progn.pow76657", "beginLifespanVersion": null, "localId": "FossilFuelResource.progn.pow76657", "namespace": "http://inspire.pgi.gov.pl/so/mr/Midas.paliwaKopalne", "scalar": -68.2, "scalar_uom": "m", "dateOfDiscovery": null, "calorificValue": null, "quantity": null, "verticalExtent": null }, "geometry": { "type": "Polygon", "coordinates": [ [ [ 2056585.070254, 6951515.250434 ], [ 2056765.869781, 6951683.948984 ], [ 2056926.935177, 6951760.632849000394344 ], [ 2057030.90243, 6951769.988005000166595 ], [ 2057134.869767, 6951779.341817 ], [ 2057299.825603999895975, 6951740.21009000018239 ], [ 2057477.762255, 6951602.363729 ], [ 2057613.134752, 6951412.098155999556184 ], [ 2057708.070739000104368, 6950976.505637999624014 ], [ 2057769.691284, 6950473.399736000224948 ], [ 2057777.2664, 6950151.359117000363767 ], [ 2057753.507641, 6949836.93306399974972 ], [ 2057729.750694, 6949522.519206999801099 ], [ 2057819.047981, 6948669.934538999572396 ], [ 2057775.481632, 6948398.417678999714553 ], [ 2057689.53665, 6948160.268481000326574 ], [ 2057617.103007, 6948035.163199 ], [ 2057544.671452, 6947910.059209999628365 ], [ 2057389.507304, 6947743.134793999604881 ], [ 2057227.197211, 6947627.753041000105441 ], [ 2057026.099932, 6947563.013876000419259 ], [ 2056765.257073, 6947569.710133000276983 ], [ 2056558.1998, 6947636.508790999650955 ], [ 2056372.730101, 6947765.177329 ], [ 2056259.180658, 6947932.516316000372171 ], [ 2056228.489493, 6948103.607779 ], [ 2056167.19963, 6948941.692122000269592 ], [ 2056159.089345, 6949371.454287 ], [ 2056150.97809199988842, 6949801.239508000202477 ], [ 2056238.141232, 6950675.422128999605775 ], [ 2056305.197391000110656, 6950952.200201 ], [ 2056372.258139, 6951228.98723 ], [ 2056585.070254, 6951515.250434 ] ] ] } },
{ "type": "Feature", "properties": { "gml_id": "FossilFuelResource.progn.pow76537", "identifier": "http://inspire.pgi.gov.pl/so/mr/Midas.paliwaKopalne/FossilFuelResource.progn.pow76537", "beginLifespanVersion": null, "localId": "FossilFuelResource.progn.pow76537", "namespace": "http://inspire.pgi.gov.pl/so/mr/Midas.paliwaKopalne", "scalar": -20.3, "scalar_uom": "m", "dateOfDiscovery": null, "calorificValue": null, "quantity": null, "verticalExtent": null }, "geometry": { "type": "Polygon", "coordinates": [ [ [ 2091820.371197, 6802811.701816 ], [ 2092002.020464, 6802780.069735 ], [ 2092251.941946, 6802663.78962 ], [ 2092437.221696, 6802512.502519999630749 ], [ 2092540.685181, 6802350.452724000439048 ], [ 2092572.029868, 6802128.419809999875724 ], [ 2092560.856931, 6801954.651309999637306 ], [ 2092482.544252, 6801828.395867999643087 ], [ 2092386.342244, 6801751.146644 ], [ 2092215.787029, 6801688.151298999786377 ], [ 2091815.255892, 6801626.404857000336051 ], [ 2091609.634173, 6801636.651452999562025 ], [ 2091502.098397, 6801662.273981000296772 ], [ 2091394.561944, 6801687.894992999732494 ], [ 2091051.631872, 6801892.133128000423312 ], [ 2090755.672895, 6802172.127669 ], [ 2090513.840282, 6802561.163307 ], [ 2090381.696894, 6802854.445131000131369 ], [ 2090410.747208, 6802979.227213 ], [ 2090499.249125, 6803039.756528999656439 ], [ 2090662.3742, 6803077.792120999656618 ], [ 2090884.697605999885127, 6803059.818865000270307 ], [ 2091261.71416, 6802951.582573999650776 ], [ 2091820.371197, 6802811.701816 ] ] ] } },
{ "type": "Feature", "properties": { "gml_id": "FossilFuelResource.progn.pow76658", "identifier": "http://inspire.pgi.gov.pl/so/mr/Midas.paliwaKopalne/FossilFuelResource.progn.pow76658", "beginLifespanVersion": null, "localId": "FossilFuelResource.progn.pow76658", "namespace": "http://inspire.pgi.gov.pl/so/mr/Midas.paliwaKopalne", "scalar": -68.2, "scalar_uom": "m", "dateOfDiscovery": null, "calorificValue": null, "quantity": null, "verticalExtent": null }, "geometry": { "type": "Polygon", "coordinates": [ [ [ 2058725.537028, 6951398.193221 ], [ 2059204.024139000102878, 6951926.394983000122011 ], [ 2059424.285725, 6952172.818393000401556 ], [ 2059981.799327, 6952754.263863 ], [ 2060418.474153, 6952320.005571000277996 ], [ 2060583.210737, 6952173.257969999685884 ], [ 2060583.211564, 6952173.257976000197232 ], [ 2060695.085553, 6952077.390634999610484 ], [ 2061375.158435000106692, 6951431.42129 ], [ 2061619.426702, 6951199.37515200022608 ], [ 2061818.396707, 6951013.236658999696374 ], [ 2061612.933599, 6950788.97085199970752 ], [ 2061407.48197, 6950564.706205000169575 ], [ 2060910.061641, 6950033.926145000383258 ], [ 2060412.707258, 6949503.150295999832451 ], [ 2060206.972493, 6949289.227285999804735 ], [ 2059718.58182, 6949692.68130400031805 ], [ 2059371.560226, 6949983.863405999727547 ], [ 2059204.062566, 6950114.173068 ], [ 2058725.610154000110924, 6950492.090927000157535 ], [ 2058247.112883, 6950869.997809000313282 ], [ 2058486.317085, 6951134.094740999862552 ], [ 2058725.537028, 6951398.193221 ] ] ] } },
{ "type": "Feature", "properties": { "gml_id": "FossilFuelResource.progn.pow20413", "identifier": "http://inspire.pgi.gov.pl/so/mr/Midas.paliwaKopalne/FossilFuelResource.progn.pow20413", "beginLifespanVersion": null, "localId": "FossilFuelResource.progn.pow20413", "namespace": "http://inspire.pgi.gov.pl/so/mr/Midas.paliwaKopalne", "scalar": -1000.0, "scalar_uom": "m", "dateOfDiscovery": null, "calorificValue": null, "quantity": null, "verticalExtent": null }, "geometry": { "type": "Polygon", "coordinates": [ [ [ 2121029.774856000207365, 6434481.398234000429511 ], [ 2119041.768377999775112, 6434351.019077000208199 ], [ 2118023.609487, 6434375.224876999855042 ], [ 2117357.751470999792218, 6434392.134170999750495 ], [ 2114914.235179, 6434487.815015000291169 ], [ 2114002.227483000140637, 6434523.626693 ], [ 2113750.513514, 6434576.317847999744117 ], [ 2113291.219138000160456, 6435622.81056599970907 ], [ 2113190.948721999768168, 6435847.780097999610007 ], [ 2113064.918250999879092, 6436130.534544000402093 ], [ 2113017.905082, 6436236.007376000285149 ], [ 2112777.906845000106841, 6436774.411932 ], [ 2112740.545947, 6436858.222121000289917 ], [ 2112746.773575999774039, 6437686.821238 ], [ 2112751.419127999804914, 6438304.99528400041163 ], [ 2112761.588030000217259, 6439658.3420329997316 ], [ 2112765.228734000120312, 6440139.833273 ], [ 2112765.347374000120908, 6440155.515768 ], [ 2112765.460890000220388, 6440171.197979000397027 ], [ 2114249.695057999808341, 6440267.776015999726951 ], [ 2114295.331638, 6440264.741359 ], [ 2114675.052957000210881, 6440249.106302999891341 ], [ 2119337.295113, 6439144.296245000325143 ], [ 2124280.321988, 6439172.84381700027734 ], [ 2122881.48937, 6437118.792465000413358 ], [ 2122683.628730999771506, 6436836.903144 ], [ 2121029.774856000207365, 6434481.398234000429511 ] ] ] } },
{ "type": "Feature", "properties": { "gml_id": "FossilFuelResource.progn.pow20414", "identifier": "http://inspire.pgi.gov.pl/so/mr/Midas.paliwaKopalne/FossilFuelResource.progn.pow20414", "beginLifespanVersion": null, "localId": "FossilFuelResource.progn.pow20414", "namespace": "http://inspire.pgi.gov.pl/so/mr/Midas.paliwaKopalne", "scalar": -1000.0, "scalar_uom": "m", "dateOfDiscovery": null, "calorificValue": null, "quantity": null, "verticalExtent": null }, "geometry": { "type": "Polygon", "coordinates": [ [ [ 2124280.321988, 6439172.84381700027734 ], [ 2126528.973182000219822, 6439181.404516000300646 ], [ 2126650.807744999881834, 6435470.385095000267029 ], [ 2126622.789975999854505, 6434817.582523999735713 ], [ 2121029.774856000207365, 6434481.398234000429511 ], [ 2122683.628730999771506, 6436836.903144 ], [ 2122881.48937, 6437118.792465000413358 ], [ 2124280.321988, 6439172.84381700027734 ] ] ] } },
{ "type": "Feature", "properties": { "gml_id": "FossilFuelResource.progn.pow76656", "identifier": "http://inspire.pgi.gov.pl/so/mr/Midas.paliwaKopalne/FossilFuelResource.progn.pow76656", "beginLifespanVersion": null, "localId": "FossilFuelResource.progn.pow76656", "namespace": "http://inspire.pgi.gov.pl/so/mr/Midas.paliwaKopalne", "scalar": -22.9, "scalar_uom": "m", "dateOfDiscovery": null, "calorificValue": null, "quantity": null, "verticalExtent": null }, "geometry": { "type": "Polygon", "coordinates": [ [ [ 2035047.871554, 7005881.495430000126362 ], [ 2035446.293907, 7005534.7593 ], [ 2035549.182324, 7005455.239489000290632 ], [ 2035753.585351, 7005371.090179 ], [ 2036326.682113, 7005255.359457000158727 ], [ 2036843.98762, 7005176.087173 ], [ 2036886.26844, 7005169.60666 ], [ 2036928.549196, 7005163.12576000019908 ], [ 2037013.110504, 7005150.16330000013113 ], [ 2037195.121762, 7005150.394880999810994 ], [ 2037539.748089999891818, 7005192.977714000269771 ], [ 2037964.206227000104263, 7005305.730498 ], [ 2038359.298174999887124, 7005392.880452999845147 ], [ 2038687.860857999883592, 7005434.025837999768555 ], [ 2038919.651220999890938, 7005444.243518999777734 ], [ 2039025.626119, 7005407.078168 ], [ 2039074.999723, 7005351.245860000140965 ], [ 2039098.368892, 7005256.473375 ], [ 2039088.539468, 7005193.749376 ], [ 2039065.469835999887437, 7005046.550938 ], [ 2038773.239029, 7004563.877878 ], [ 2038540.453257, 7004250.145685000345111 ], [ 2038517.006156, 7004187.51626200042665 ], [ 2038476.766078, 7004079.979349000379443 ], [ 2038505.302676, 7003925.490334999747574 ], [ 2038775.580522, 7003549.997952999547124 ], [ 2038842.029986, 7003412.178720000199974 ], [ 2038929.19328, 7003073.488842999562621 ], [ 2038997.850094999885187, 7002541.213089999742806 ], [ 2039037.969395, 7001759.91801100037992 ], [ 2039010.343642000108957, 7001734.448966999538243 ], [ 2038147.2602, 7001738.670938 ], [ 2037272.317706, 7001748.717154 ], [ 2036624.687974999891594, 7001760.413050999864936 ], [ 2036471.00587, 7001784.705393999814987 ], [ 2036355.095209, 7001863.189581000246108 ], [ 2036304.289342, 7001969.373359000310302 ], [ 2036290.474302, 7002126.658822 ], [ 2036336.647162, 7002259.655535000376403 ], [ 2036454.486470999894664, 7002384.120559999719262 ], [ 2036564.255323, 7002444.91276799980551 ], [ 2037058.788946, 7002629.550245 ], [ 2037808.795611, 7002949.460045999847353 ], [ 2037938.359737, 7003096.007093999534845 ], [ 2037975.077334, 7003215.993711000308394 ], [ 2038011.796022, 7003335.982122999615967 ], [ 2037990.927713, 7003510.583201999776065 ], [ 2037900.442288, 7003678.311935000121593 ], [ 2037639.803589, 7003973.062745999544859 ], [ 2037551.738986, 7004151.707806999795139 ], [ 2037494.63684, 7004364.399818000383675 ], [ 2037435.502466, 7004468.275647999718785 ], [ 2037371.250068, 7004509.859326999634504 ], [ 2037306.997170000104234, 7004551.442699000239372 ], [ 2037153.375693, 7004561.706065 ], [ 2036971.875561, 7004502.327088000252843 ], [ 2036560.429739, 7004277.064446999691427 ], [ 2036353.317454, 7004114.880896000191569 ], [ 2036199.601416, 7003950.736449999734759 ], [ 2036110.735000000102445, 7003814.174141 ], [ 2036078.166049000108615, 7003662.930346 ], [ 2036064.103345, 7003469.485659999772906 ], [ 2036089.658397, 7003067.079327999614179 ], [ 2036098.958634, 7002883.302914000116289 ], [ 2036061.952188, 7002716.27420200034976 ], [ 2035821.436839, 7002349.988806 ], [ 2035460.03923, 7001803.228946999646723 ], [ 2035324.763969, 7001793.501674000173807 ], [ 2035189.488884000107646, 7001783.772114000283182 ], [ 2034563.59574, 7001741.148295000195503 ], [ 2034425.257433, 7001756.536988000385463 ], [ 2034141.75099499989301, 7001838.376047000288963 ], [ 2033878.713836, 7002068.580995 ], [ 2033545.64287200011313, 7002449.154814000241458 ], [ 2033156.188701, 7002811.022363999858499 ], [ 2032311.388491, 7003557.006702999584377 ], [ 2031755.560192999895662, 7003976.659273999743164 ], [ 2031666.248661, 7004113.63401999976486 ], [ 2031676.814432, 7004240.653068999759853 ], [ 2031807.913372, 7004392.552489000372589 ], [ 2032029.167734, 7004589.131757999770343 ], [ 2032250.433153, 7004785.70975000038743 ], [ 2032417.867323, 7004938.69293 ], [ 2032585.308072, 7005091.675537999719381 ], [ 2032920.20848, 7005397.638863 ], [ 2033268.557554, 7005711.242987000383437 ], [ 2033442.742432000115514, 7005868.043979999609292 ], [ 2033616.93398, 7006024.844424 ], [ 2034165.580939, 7006519.931908000260592 ], [ 2034229.172409000108019, 7006570.368661999702454 ], [ 2034264.371906, 7006560.740396000444889 ], [ 2034649.414490999886766, 7006228.226370999589562 ], [ 2035047.871554, 7005881.495430000126362 ] ] ] } },
{ "type": "Feature", "properties": { "gml_id": "FossilFuelResource.per.pow80196", "identifier": "http://inspire.pgi.gov.pl/so/mr/Midas.paliwaKopalne/FossilFuelResource.per.pow80196", "beginLifespanVersion": null, "localId": "FossilFuelResource.per.pow80196", "namespace": "http://inspire.pgi.gov.pl/so/mr/Midas.paliwaKopalne", "scalar": -1000.0, "scalar_uom": "m", "dateOfDiscovery": null, "calorificValue": null, "quantity": null, "verticalExtent": null }, "geometry": { "type": "Polygon", "coordinates": [ [ [ 2485649.978602, 6720997.183528999798 ], [ 2488895.663377, 6720236.37960399966687 ], [ 2491393.636909000109881, 6719814.96757800038904 ], [ 2493514.304977000225335, 6719486.888151999562979 ], [ 2495395.781800999771804, 6718940.057625000365078 ], [ 2497027.25122300023213, 6717945.79910400044173 ], [ 2498636.793998000212014, 6716493.645651999861002 ], [ 2500825.453830999787897, 6714402.43979400023818 ], [ 2503842.166089000180364, 6712118.717531999573112 ], [ 2506053.870536999776959, 6710560.82715000025928 ], [ 2508720.755074, 6708980.557912000454962 ], [ 2510806.545845, 6707709.65117899980396 ], [ 2512943.430714, 6706230.677284999750555 ], [ 2515133.100879999808967, 6704290.743366999551654 ], [ 2518529.891038000117987, 6700611.889852000400424 ], [ 2522120.949835, 6696313.325997999869287 ], [ 2524182.473954999819398, 6694232.150406000204384 ], [ 2516904.061470999848098, 6689802.522661999799311 ], [ 2512801.377465, 6687301.624250000342727 ], [ 2505105.745406, 6682768.958203 ], [ 2501502.027701000217348, 6680428.73002600017935 ], [ 2497096.71815, 6682006.95335999969393 ], [ 2492162.678625000175089, 6683683.729481999762356 ], [ 2488432.413364000152797, 6685150.341532000340521 ], [ 2486137.787821, 6686473.946659999899566 ], [ 2483390.870914, 6687893.780306000262499 ], [ 2481546.269911999814212, 6689119.917639000341296 ], [ 2479562.966618999838829, 6690656.850391999818385 ], [ 2476874.069575, 6693444.630192000418901 ], [ 2476837.459929999895394, 6704875.918951 ], [ 2476772.323882999829948, 6725529.503909000195563 ], [ 2478310.879691, 6724083.296987 ], [ 2480021.698128, 6723088.338626 ], [ 2482337.825055, 6721989.251547999680042 ], [ 2485649.978602, 6720997.183528999798 ] ] ] } },
{ "type": "Feature", "properties": { "gml_id": "FossilFuelResource.per.pow80197", "identifier": "http://inspire.pgi.gov.pl/so/mr/Midas.paliwaKopalne/FossilFuelResource.per.pow80197", "beginLifespanVersion": null, "localId": "FossilFuelResource.per.pow80197", "namespace": "http://inspire.pgi.gov.pl/so/mr/Midas.paliwaKopalne", "scalar": -1000.0, "scalar_uom": "m", "dateOfDiscovery": null, "calorificValue": null, "quantity": null, "verticalExtent": null }, "geometry": { "type": "Polygon", "coordinates": [ [ [ 2547355.293450000230223, 6727924.616201999597251 ], [ 2548789.970038, 6727618.277002000249922 ], [ 2550058.996208, 6727071.765312000177801 ], [ 2551333.59750400017947, 6726275.991716000251472 ], [ 2552338.436309, 6725437.237847000360489 ], [ 2553505.089666000101715, 6724417.487165000289679 ], [ 2554091.918558000121266, 6723620.423314999789 ], [ 2554666.28809, 6722594.511915000155568 ], [ 2553785.557754000183195, 6722183.121104000136256 ], [ 2552697.280688, 6721457.701899999752641 ], [ 2551189.360891, 6720372.29430599976331 ], [ 2549884.21459, 6719505.349299999885261 ], [ 2548213.983516000211239, 6718581.316971999593079 ], [ 2547330.246533, 6718173.544462 ], [ 2547888.367465000133961, 6720956.154694999568164 ], [ 2548446.900162000209093, 6723739.658975999802351 ], [ 2545067.791927, 6724903.48178100027144 ], [ 2543423.772994, 6725469.146859000436962 ], [ 2541193.077825, 6726813.079887 ], [ 2542238.925431999843568, 6727200.561320999637246 ], [ 2543772.983012, 6727693.776974 ], [ 2544969.452302999794483, 6727936.66374299954623 ], [ 2546231.030822, 6727965.358922 ], [ 2547355.293450000230223, 6727924.616201999597251 ] ] ] } },
{ "type": "Feature", "properties": { "gml_id": "FossilFuelResource.per.pow80198", "identifier": "http://inspire.pgi.gov.pl/so/mr/Midas.paliwaKopalne/FossilFuelResource.per.pow80198", "beginLifespanVersion": null, "localId": "FossilFuelResource.per.pow80198", "namespace": "http://inspire.pgi.gov.pl/so/mr/Midas.paliwaKopalne", "scalar": -1000.0, "scalar_uom": "m", "dateOfDiscovery": null, "calorificValue": null, "quantity": null, "verticalExtent": null }, "geometry": { "type": "Polygon", "coordinates": [ [ [ 2546104.484119, 6713298.488355999812484 ], [ 2546926.643234, 6716247.308686999604106 ], [ 2548839.98686, 6714935.047337999567389 ], [ 2551901.235436, 6713012.778641000390053 ], [ 2552923.129106999840587, 6712346.305800000205636 ], [ 2553944.853067, 6711679.763980999588966 ], [ 2554013.747333, 6710835.512187999673188 ], [ 2554243.815843999851495, 6710154.527355000376701 ], [ 2554647.86755, 6709521.467190000228584 ], [ 2555586.176477999892086, 6708553.904038 ], [ 2556625.458060999866575, 6707663.172074000351131 ], [ 2551333.229934, 6708917.582504999823868 ], [ 2549806.470960999839008, 6709279.649860999546945 ], [ 2545282.952200000174344, 6710350.625277999788523 ], [ 2546104.484119, 6713298.488355999812484 ] ] ] } },
{ "type": "Feature", "properties": { "gml_id": "FossilFuelResource.per.pow80193", "identifier": "http://inspire.pgi.gov.pl/so/mr/Midas.paliwaKopalne/FossilFuelResource.per.pow80193", "beginLifespanVersion": null, "localId": "FossilFuelResource.per.pow80193", "namespace": "http://inspire.pgi.gov.pl/so/mr/Midas.paliwaKopalne", "scalar": -1000.0, "scalar_uom": "m", "dateOfDiscovery": null, "calorificValue": null, "quantity": null, "verticalExtent": null }, "geometry": { "type": "Polygon", "coordinates": [ [ [ 2520289.023881999775767, 6671185.025316 ], [ 2516828.475813, 6673295.606142999604344 ], [ 2514740.430774999782443, 6674805.473604000173509 ], [ 2512472.615054000169039, 6676480.836054 ], [ 2509743.780537, 6678168.602613000199199 ], [ 2508049.630442, 6679239.896804000250995 ], [ 2506531.9520069998689, 6680835.305362000130117 ], [ 2505105.745406, 6682768.958203 ], [ 2512801.377465, 6687301.624250000342727 ], [ 2524182.473954999819398, 6694232.150406000204384 ], [ 2525088.853571999818087, 6693471.561626999638975 ], [ 2525995.063447999767959, 6692710.947633 ], [ 2527520.545349999796599, 6691299.712747000157833 ], [ 2528975.460475, 6690006.329882999882102 ], [ 2530410.963134, 6688713.873336000367999 ], [ 2531734.684988, 6687846.117472999729216 ], [ 2534343.386531, 6686112.215423 ], [ 2538345.34841200010851, 6683067.960478000342846 ], [ 2541448.496731, 6680678.936738000251353 ], [ 2544965.061567000113428, 6677164.139681999571621 ], [ 2547828.866158000193536, 6674273.493463000282645 ], [ 2549701.142056, 6672386.375395 ], [ 2551406.044694, 6671287.580784000456333 ], [ 2553288.726861, 6670331.058821000158787 ], [ 2554975.273655000142753, 6669612.873502999544144 ], [ 2557754.460310999769717, 6668074.917266 ], [ 2561513.235483999829739, 6666102.655778000131249 ], [ 2566621.781345, 6663218.685131999664009 ], [ 2569099.66664500022307, 6661447.813060999847949 ], [ 2571600.502288000192493, 6659428.473539999686182 ], [ 2572911.661747000180185, 6658159.039358000271022 ], [ 2573436.309729999862611, 6657047.730238 ], [ 2573799.501654, 6656097.429478 ], [ 2573833.653241000138223, 6655355.488179 ], [ 2573421.442785, 6654752.564617999829352 ], [ 2572818.561976000200957, 6654122.434484000317752 ], [ 2571810.329125000163913, 6653685.763729000464082 ], [ 2570966.759457, 6653486.385110000148416 ], [ 2569204.298333, 6653433.020119000226259 ], [ 2566665.303108000196517, 6653706.877341000363231 ], [ 2563505.456501, 6654393.546148999594152 ], [ 2560874.331388, 6655069.103739 ], [ 2559643.499638, 6655401.959525000303984 ], [ 2557054.011526000220329, 6655808.436007999815047 ], [ 2555967.011291, 6655945.361982 ], [ 2552561.32347400020808, 6656373.416450000368059 ], [ 2549688.011285, 6656792.814121999777853 ], [ 2547518.604363, 6656927.193668000400066 ], [ 2544978.571765, 6657213.392434 ], [ 2542908.252684, 6657436.204490000382066 ], [ 2540949.894975999835879, 6657994.251305 ], [ 2538938.26606999989599, 6658991.177801 ], [ 2535839.848019000142813, 6660955.15099 ], [ 2532390.656386999879032, 6663126.260340999811888 ], [ 2528607.365139999892563, 6665845.29222899954766 ], [ 2526034.9795630001463, 6667818.346726999618113 ], [ 2524074.843100000172853, 6669171.173038999550045 ], [ 2520289.023881999775767, 6671185.025316 ] ] ] } },
{ "type": "Feature", "properties": { "gml_id": "FossilFuelResource.per.pow80195", "identifier": "http://inspire.pgi.gov.pl/so/mr/Midas.paliwaKopalne/FossilFuelResource.per.pow80195", "beginLifespanVersion": null, "localId": "FossilFuelResource.per.pow80195", "namespace": "http://inspire.pgi.gov.pl/so/mr/Midas.paliwaKopalne", "scalar": -1000.0, "scalar_uom": "m", "dateOfDiscovery": null, "calorificValue": null, "quantity": null, "verticalExtent": null }, "geometry": { "type": "Polygon", "coordinates": [ [ [ 2488115.679455, 6786984.740140999667346 ], [ 2488763.481976000126451, 6786646.33604700025171 ], [ 2490444.403123000171036, 6785990.053888999857008 ], [ 2492171.454607000108808, 6785504.784164000302553 ], [ 2494017.87354, 6785109.935506000183523 ], [ 2495790.083200000226498, 6784775.998727000318468 ], [ 2497658.803088, 6784861.112307 ], [ 2498018.829179999884218, 6784342.951752999797463 ], [ 2498363.264049000106752, 6783902.631342999637127 ], [ 2498789.827182, 6783574.037736999802291 ], [ 2499946.932412, 6782844.529544999822974 ], [ 2500715.785560000222176, 6782441.747521 ], [ 2501652.546726, 6781934.54 ], [ 2504230.596612, 6783197.996182000264525 ], [ 2504919.569172999821603, 6782336.205253000371158 ], [ 2505397.507251, 6781484.648358000442386 ], [ 2506067.696564, 6780238.57939700037241 ], [ 2506688.530307, 6779168.375439999625087 ], [ 2507214.915993, 6777736.958460999652743 ], [ 2507844.57239199988544, 6775665.392833 ], [ 2508448.63898399984464, 6773865.009166000410914 ], [ 2508915.083732, 6772398.829668000340462 ], [ 2507431.263350000139326, 6772278.578304000198841 ], [ 2506045.075736000202596, 6772191.820382 ], [ 2504488.403241000138223, 6772151.530855 ], [ 2502489.451076, 6772093.672237999737263 ], [ 2501334.03847899986431, 6772014.283679000101984 ], [ 2502285.700342, 6769833.038168 ], [ 2503545.59572200011462, 6766887.39865200035274 ], [ 2504689.079865000210702, 6764332.713790000416338 ], [ 2506235.758417999837548, 6761009.648346000351012 ], [ 2507056.895951999817044, 6759355.793765 ], [ 2507790.46126399980858, 6757879.32540399953723 ], [ 2508635.093307000119239, 6756724.169218 ], [ 2509774.088428, 6755324.274632000364363 ], [ 2511024.531397, 6753861.39663099963218 ], [ 2512267.045105999801308, 6752245.390626000240445 ], [ 2510658.28040499985218, 6752631.356390999630094 ], [ 2512815.930755, 6750548.464692000299692 ], [ 2514716.464391999877989, 6748708.469170999713242 ], [ 2515446.776612999849021, 6747214.162515999749303 ], [ 2515925.41670300019905, 6746442.283048000186682 ], [ 2516403.967521000187844, 6745670.450923000462353 ], [ 2517228.173847999889404, 6744152.695519000291824 ], [ 2517726.650164000224322, 6743015.66321500018239 ], [ 2518339.575344, 6741489.60833500046283 ], [ 2518603.067948999814689, 6740632.95934799965471 ], [ 2520234.907064000144601, 6739228.871956000104547 ], [ 2522881.301845000125468, 6737102.977610000409186 ], [ 2524824.179946000222117, 6735452.979967 ], [ 2525639.694591000210494, 6734951.912476999685168 ], [ 2526662.0959009998478, 6734765.940209000371397 ], [ 2528127.611252, 6734653.044915 ], [ 2529075.623414999805391, 6734508.876578000374138 ], [ 2530014.837655, 6734192.64937200024724 ], [ 2531171.900715, 6733654.439995000138879 ], [ 2532076.225608, 6733033.344352999702096 ], [ 2532826.040632000193, 6732381.856552000157535 ], [ 2533086.323673999868333, 6731870.515726 ], [ 2533390.40550300013274, 6730725.047429 ], [ 2533417.599419999867678, 6730504.923399000428617 ], [ 2532193.613272999878973, 6730962.427028000354767 ], [ 2529689.073596000205725, 6726626.944950999692082 ], [ 2529117.55301, 6725637.156987000256777 ], [ 2525705.405817000195384, 6720025.073115999810398 ], [ 2524823.928580999840051, 6718623.408851999789476 ], [ 2524653.828609, 6718611.476556999608874 ], [ 2524660.870591000188142, 6720053.464369 ], [ 2524777.368098999839276, 6721233.234797 ], [ 2525043.262627, 6722348.240531999617815 ], [ 2525354.981798000168055, 6723614.114521999843419 ], [ 2525584.895403, 6724769.516924999654293 ], [ 2525672.194960999768227, 6726123.661836000159383 ], [ 2525654.137577, 6728038.431826000101864 ], [ 2523808.731333999894559, 6730831.008661 ], [ 2522203.122492999769747, 6733477.974984999746084 ], [ 2520985.375014000106603, 6735492.95590400043875 ], [ 2519056.560157, 6738597.752165 ], [ 2519302.986538, 6736630.838410000316799 ], [ 2519686.519766, 6734734.16710100043565 ], [ 2520089.892343, 6732856.074827999807894 ], [ 2520449.20420499984175, 6731631.63355700019747 ], [ 2520976.048030000180006, 6730322.385295 ], [ 2521378.930565, 6729210.95498 ], [ 2521583.659171999897808, 6728339.28541 ], [ 2521590.313592, 6727707.312643 ], [ 2521492.24281599977985, 6727272.02532699983567 ], [ 2521212.340014, 6727018.113319999538362 ], [ 2520712.520205, 6726947.446650999598205 ], [ 2520242.189365, 6727085.795101 ], [ 2519073.805158, 6727775.695252999663353 ], [ 2517156.404713000170887, 6729153.504942 ], [ 2515726.40805200021714, 6729970.927679000422359 ], [ 2513975.989845000207424, 6730880.537860999815166 ], [ 2511742.792373000178486, 6732081.597435999661684 ], [ 2508756.762526, 6733529.491779999807477 ], [ 2506308.685484999790788, 6734663.227947000414133 ], [ 2504439.035515999887139, 6735519.542643999680877 ], [ 2502695.167940999846905, 6736216.217946999706328 ], [ 2500872.004342, 6736858.86637 ], [ 2499159.353056999854743, 6737419.264047999866307 ], [ 2497423.794543, 6737903.763244000263512 ], [ 2495797.983299000188708, 6738286.939927999861538 ], [ 2494064.690535, 6738828.150477999821305 ], [ 2492480.213367000222206, 6739285.426513000391424 ], [ 2489009.963206000160426, 6741976.652804999612272 ], [ 2490297.006258000154048, 6742933.299363000318408 ], [ 2489332.17436, 6743994.242186999879777 ], [ 2487491.785125, 6745575.011350999586284 ], [ 2485573.427709000185132, 6747140.039365 ], [ 2483972.929012999869883, 6748134.004231000319123 ], [ 2482965.909937, 6748717.059045 ], [ 2481707.85181500017643, 6749253.834803 ], [ 2480329.855053000152111, 6749680.720982000231743 ], [ 2479566.422321000136435, 6750156.505951999686658 ], [ 2478681.154718, 6750906.408613 ], [ 2476697.857408000156283, 6752799.55762 ], [ 2476742.254339000210166, 6757675.02137599978596 ], [ 2478839.422262, 6756159.719602 ], [ 2480814.07362, 6754918.502840000204742 ], [ 2482451.048616, 6753845.913072999566793 ], [ 2483591.628140000160784, 6753237.288708000443876 ], [ 2484162.29463900020346, 6753153.688338000327349 ], [ 2484665.217925999779254, 6753265.122587 ], [ 2484901.494766000192612, 6753407.915525999851525 ], [ 2484918.045401, 6753771.940352999605238 ], [ 2484804.303968000225723, 6754218.736967000178993 ], [ 2484415.175791999790817, 6754927.754441999830306 ], [ 2484020.76506600016728, 6755521.832662999629974 ], [ 2483776.618269000202417, 6756051.473357000388205 ], [ 2483552.425973999779671, 6756599.437632 ], [ 2483392.504747999832034, 6757298.166163999587297 ], [ 2481782.947598, 6757717.029636000283062 ], [ 2480378.38307, 6758011.080935000441968 ], [ 2479618.696047999896109, 6758160.605344999581575 ], [ 2479350.946177000179887, 6759882.49630399979651 ], [ 2479305.141136, 6760999.023362999781966 ], [ 2479364.658229, 6761899.554864999838173 ], [ 2479557.047178000211716, 6763197.837518 ], [ 2479826.048620999790728, 6764492.867897000163794 ], [ 2480130.834079000167549, 6765728.798390000127256 ], [ 2480269.643978000152856, 6766683.955635 ], [ 2480322.42546600010246, 6767431.561892 ], [ 2480277.768524, 6768145.172847 ], [ 2480069.409959999844432, 6769058.589360999874771 ], [ 2479886.374741000123322, 6769682.403295 ], [ 2479297.286177, 6769381.951634 ], [ 2479678.798934, 6770615.184089000336826 ], [ 2480034.031016999855638, 6772542.508945000357926 ], [ 2480278.961575999855995, 6774148.05315599963069 ], [ 2480404.848359, 6775239.529446000233293 ], [ 2480457.57486, 6776411.46970499958843 ], [ 2480365.777921999804676, 6777359.053894000127912 ], [ 2480159.813978999853134, 6778331.164525000378489 ], [ 2479597.317516, 6779492.820562999695539 ], [ 2479094.121173, 6780266.685081999748945 ], [ 2478491.509745, 6780968.010626999661326 ], [ 2477528.721063000150025, 6781781.84874099958688 ], [ 2476836.290325, 6782198.210586999543011 ], [ 2476736.362980000209063, 6788582.277796000242233 ], [ 2478076.568589, 6789736.919137000106275 ], [ 2484196.429023, 6789806.454752 ], [ 2485062.612772999797016, 6788976.16951800044626 ], [ 2486234.794240000192076, 6788112.526654999703169 ], [ 2487467.821827999781817, 6787323.1079709995538 ], [ 2487791.757530999835581, 6787153.928611 ], [ 2488115.679455, 6786984.740140999667346 ] ] ] } },
{ "type": "Feature", "properties": { "gml_id": "FossilFuelResource.per.pow76813", "identifier": "http://inspire.pgi.gov.pl/so/mr/Midas.paliwaKopalne/FossilFuelResource.per.pow76813", "beginLifespanVersion": null, "localId": "FossilFuelResource.per.pow76813", "namespace": "http://inspire.pgi.gov.pl/so/mr/Midas.paliwaKopalne", "scalar": -26.8, "scalar_uom": "m", "dateOfDiscovery": null, "calorificValue": null, "quantity": null, "verticalExtent": null }, "geometry": { "type": "Polygon", "coordinates": [ [ [ 2041693.489034, 6828486.690302000381052 ], [ 2041694.223519, 6828486.469182999804616 ], [ 2042091.915494, 6828317.0947470003739 ], [ 2042422.473856, 6828122.252305 ], [ 2042505.110967, 6828073.540373000316322 ], [ 2042587.747087, 6828024.827878000214696 ], [ 2042753.016518, 6827927.401044 ], [ 2043129.763129, 6827576.331210000440478 ], [ 2043426.16118700010702, 6827246.834723999723792 ], [ 2043598.817208, 6827124.371712000109255 ], [ 2044154.05143, 6826908.574776999652386 ], [ 2044549.081204, 6826809.530950999818742 ], [ 2045707.531674, 6826612.495144000276923 ], [ 2046005.869355, 6826565.060049000196159 ], [ 2046278.796398, 6826458.445547999814153 ], [ 2046516.94243, 6826341.384751000441611 ], [ 2046966.866049, 6825903.937041000463068 ], [ 2047349.445354, 6825552.971532999537885 ], [ 2048010.431922, 6824982.135312000289559 ], [ 2048089.177132, 6824874.623265 ], [ 2048167.920249, 6824767.111695 ], [ 2048253.243922, 6824433.028571999631822 ], [ 2048205.511104, 6824229.045250999741256 ], [ 2047971.573471, 6823932.53944700025022 ], [ 2047726.047937, 6823788.853906 ], [ 2047458.059053, 6823760.811152 ], [ 2046861.382674, 6823861.871926000341773 ], [ 2046086.766903, 6823980.966192999854684 ], [ 2045206.49521, 6824019.530485999770463 ], [ 2045033.090697, 6824080.65601500030607 ], [ 2044878.286486, 6824219.076360000297427 ], [ 2044738.488766, 6824449.974262 ], [ 2044682.606039, 6824726.857746000401676 ], [ 2044741.735368000110611, 6825035.506171000190079 ], [ 2044763.097136, 6825247.784226999618113 ], [ 2044713.93647599988617, 6825423.78299400024116 ], [ 2044619.366895, 6825544.480002 ], [ 2044524.794489, 6825665.177837999537587 ], [ 2044296.719297, 6825883.7144839996472 ], [ 2043970.25982, 6826117.055765000171959 ], [ 2043163.222446, 6826489.159066 ], [ 2042670.394873, 6826670.390122000128031 ], [ 2042269.594607, 6826759.930963000282645 ], [ 2041882.944728, 6826754.930784 ], [ 2041556.645103000104427, 6826813.449544999748468 ], [ 2040838.924864, 6827038.405527000315487 ], [ 2040130.912249, 6827372.516355000436306 ], [ 2039422.84148, 6827706.578505 ], [ 2039232.413587, 6827935.623235000297427 ], [ 2039207.878705, 6828186.138754 ], [ 2039269.208369000116363, 6828430.662518000230193 ], [ 2039440.954467, 6828584.221262999810278 ], [ 2039758.081833, 6828694.095929999835789 ], [ 2040259.258945999899879, 6828706.497406999580562 ], [ 2041267.410836, 6828614.890073999762535 ], [ 2041693.489034, 6828486.690302000381052 ] ] ] } },
{ "type": "Feature", "properties": { "gml_id": "FossilFuelResource.per.pow80633", "identifier": "http://inspire.pgi.gov.pl/so/mr/Midas.paliwaKopalne/FossilFuelResource.per.pow80633", "beginLifespanVersion": null, "localId": "FossilFuelResource.per.pow80633", "namespace": "http://inspire.pgi.gov.pl/so/mr/Midas.paliwaKopalne", "scalar": -1000.0, "scalar_uom": "m", "dateOfDiscovery": null, "calorificValue": null, "quantity": null, "verticalExtent": null }, "geometry": { "type": "Polygon", "coordinates": [ [ [ 2135195.038062000181526, 6471525.495916999876499 ], [ 2135350.543004, 6471332.294297999702394 ], [ 2135626.505014999769628, 6470989.416123 ], [ 2135626.623766, 6470989.228307000361383 ], [ 2138005.485563000198454, 6470264.121977999806404 ], [ 2138005.487588, 6470264.121817000210285 ], [ 2138005.488051, 6470264.120096 ], [ 2138005.494295, 6470264.124142000451684 ], [ 2139184.600358, 6469904.439859 ], [ 2139184.39809999987483, 6469903.46765 ], [ 2139065.204719999805093, 6469373.191052 ], [ 2139061.085992999840528, 6469336.287511000409722 ], [ 2139054.907892, 6469280.932345 ], [ 2139048.730030000209808, 6469225.577538999728858 ], [ 2139051.269598000217229, 6467793.031321000307798 ], [ 2139075.545701, 6466152.032222 ], [ 2138661.288158, 6464479.608539000153542 ], [ 2137450.540649, 6464964.274163999594748 ], [ 2137312.38604799984023, 6464926.647955999709666 ], [ 2135386.47793099982664, 6465638.264642000198364 ], [ 2135881.892607000190765, 6464716.383868999779224 ], [ 2136599.974704000167549, 6463020.906879999674857 ], [ 2130725.241746, 6463053.507527000270784 ], [ 2126530.852609000168741, 6463055.308904999867082 ], [ 2126370.12268, 6463119.737188000231981 ], [ 2126476.89403499988839, 6463162.251961999572814 ], [ 2124862.195065999869257, 6465454.810642000287771 ], [ 2127931.080407000146806, 6466191.48679899983108 ], [ 2129295.353769000153989, 6466521.368955000303686 ], [ 2129490.886498999781907, 6466931.304163999855518 ], [ 2129722.22873, 6467358.538223999552429 ], [ 2130018.195431, 6467633.741932 ], [ 2132982.373267, 6468780.741481999866664 ], [ 2133139.41769, 6469308.040586999617517 ], [ 2133288.266566, 6469500.001647000201046 ], [ 2134180.855973000172526, 6470440.509261 ], [ 2134484.159405, 6470909.414226000197232 ], [ 2134688.480982, 6471086.500148000195622 ], [ 2135195.038062000181526, 6471525.495916999876499 ] ] ] } },
{ "type": "Feature", "properties": { "gml_id": "FossilFuelResource.per.pow80996", "identifier": "http://inspire.pgi.gov.pl/so/mr/Midas.paliwaKopalne/FossilFuelResource.per.pow80996", "beginLifespanVersion": null, "localId": "FossilFuelResource.per.pow80996", "namespace": "http://inspire.pgi.gov.pl/so/mr/Midas.paliwaKopalne", "scalar": null, "scalar_uom": null, "dateOfDiscovery": null, "calorificValue": null, "quantity": null, "verticalExtent": null }, "geometry": { "type": "Polygon", "coordinates": [ [ [ 2029306.271689, 7037744.074725000187755 ], [ 2035121.030001, 7046117.254080000333488 ], [ 2043316.006551, 7057895.876431000418961 ], [ 2055160.867569, 7049651.069946999661624 ], [ 2040000.410368, 7026336.819989999756217 ], [ 2030160.714803, 7011153.188104 ], [ 2017219.058815999887884, 7020231.162611000239849 ], [ 2024582.073548, 7030931.720250999554992 ], [ 2029306.271689, 7037744.074725000187755 ] ] ] } },
{ "type": "Feature", "properties": { "gml_id": "FossilFuelResource.progn.pow76541", "identifier": "http://inspire.pgi.gov.pl/so/mr/Midas.paliwaKopalne/FossilFuelResource.progn.pow76541", "beginLifespanVersion": null, "localId": "FossilFuelResource.progn.pow76541", "namespace": "http://inspire.pgi.gov.pl/so/mr/Midas.paliwaKopalne", "scalar": -54.5, "scalar_uom": "m", "dateOfDiscovery": null, "calorificValue": null, "quantity": null, "verticalExtent": null }, "geometry": { "type": "Polygon", "coordinates": [ [ [ 2015518.345315, 6798892.803493999876082 ], [ 2015954.580976, 6798865.308894 ], [ 2016760.73633, 6798544.584164000116289 ], [ 2017063.490901, 6798332.104887000285089 ], [ 2017094.111999, 6798205.016487999819219 ], [ 2017043.194119999883696, 6798036.207047999836504 ], [ 2016851.247398, 6797874.630896000191569 ], [ 2016579.350479, 6797793.252287000417709 ], [ 2016153.524781000101939, 6797801.950267000123858 ], [ 2015727.698174, 6797810.625951999798417 ], [ 2014898.283887, 6797912.182005000300705 ], [ 2014720.203084, 6798046.177461000159383 ], [ 2014675.994805, 6798191.952397 ], [ 2014755.240806, 6798451.72255 ], [ 2014883.785556, 6798598.000524000264704 ], [ 2015087.985727, 6798772.951519999653101 ], [ 2015216.977658, 6798808.874835999682546 ], [ 2015518.345315, 6798892.803493999876082 ] ] ] } },
{ "type": "Feature", "properties": { "gml_id": "FossilFuelResource.progn.pow76662", "identifier": "http://inspire.pgi.gov.pl/so/mr/Midas.paliwaKopalne/FossilFuelResource.progn.pow76662", "beginLifespanVersion": null, "localId": "FossilFuelResource.progn.pow76662", "namespace": "http://inspire.pgi.gov.pl/so/mr/Midas.paliwaKopalne", "scalar": -147.8, "scalar_uom": "m", "dateOfDiscovery": null, "calorificValue": null, "quantity": null, "verticalExtent": null }, "geometry": { "type": "Polygon", "coordinates": [ [ [ 1717789.786398, 6846561.523658 ], [ 1718311.701642000116408, 6846494.189906000159681 ], [ 1719714.271182, 6846327.52689400035888 ], [ 1721198.573714, 6846143.987331000156701 ], [ 1722503.654929, 6845934.209622000344098 ], [ 1722801.681191, 6845877.839982000179589 ], [ 1723494.577287, 6845746.738434 ], [ 1724226.329697, 6846571.529752999544144 ], [ 1725247.6053, 6847574.357739999890327 ], [ 1725762.01640300010331, 6848064.194908999837935 ], [ 1726352.678424, 6848690.157823000103235 ], [ 1726954.807753, 6849266.687419 ], [ 1727722.878577, 6850074.81317999958992 ], [ 1728213.732936, 6850482.812958000227809 ], [ 1728479.686803, 6850278.631954000331461 ], [ 1729198.572375, 6849786.575240000151098 ], [ 1729646.039114, 6849395.254861 ], [ 1729976.906222, 6849101.207397 ], [ 1730400.409475000109524, 6848651.28749 ], [ 1730786.385789, 6848208.699972 ], [ 1731192.540745999896899, 6847648.422576 ], [ 1731550.108349000103772, 6847182.565930999815464 ], [ 1731723.875061, 6846908.542308 ], [ 1731975.046664, 6846333.048527999781072 ], [ 1732240.069636, 6845736.33396300021559 ], [ 1732403.354955000104383, 6845326.108990999870002 ], [ 1732531.908584, 6844974.931043 ], [ 1732665.089937, 6844616.671613000333309 ], [ 1732845.808448000112548, 6844044.215204999782145 ], [ 1733193.189571, 6843207.31350199971348 ], [ 1733400.500067, 6842745.162534000352025 ], [ 1733658.81937, 6842219.184169 ], [ 1733764.770886, 6841985.757748000323772 ], [ 1734274.444631, 6840955.123005 ], [ 1734546.949386, 6840457.305282999761403 ], [ 1735011.539038, 6839671.416175999678671 ], [ 1735447.220377, 6839085.439376000314951 ], [ 1735982.622255, 6838385.939926000311971 ], [ 1736052.164916, 6838292.762122999876738 ], [ 1736518.253705, 6837668.227284000255167 ], [ 1736617.402719999896362, 6837535.365728000178933 ], [ 1736985.724871, 6837046.280911000445485 ], [ 1737397.31852, 6836413.626284999772906 ], [ 1737575.997876999899745, 6836219.613562 ], [ 1737814.210439, 6835863.118858999572694 ], [ 1737928.628647, 6835547.602710999548435 ], [ 1737963.694174, 6835263.255962999537587 ], [ 1737998.378419, 6834932.002293 ], [ 1737988.292575, 6834291.307912999764085 ], [ 1737958.749127000104636, 6833840.928999000228941 ], [ 1737921.09893299988471, 6833540.842129000462592 ], [ 1737836.272191, 6833196.571534000337124 ], [ 1737654.855316, 6832775.69434 ], [ 1737431.527494, 6832380.997176 ], [ 1737120.706656999886036, 6831876.778384 ], [ 1736671.287839999888092, 6831303.324721000157297 ], [ 1736413.688942, 6830998.11692 ], [ 1736142.299672999884933, 6830721.163285000249743 ], [ 1736054.563257, 6830581.13423 ], [ 1736018.607783, 6830475.847643 ], [ 1736017.571931000100449, 6830349.18546099960804 ], [ 1736019.25161, 6830252.188178 ], [ 1735420.820798, 6829453.810681999661028 ], [ 1735007.231217, 6828664.149237000383437 ], [ 1734612.383246, 6827865.016905999742448 ], [ 1734049.655484, 6826541.865303999744356 ], [ 1733629.190381, 6825438.215711999684572 ], [ 1733604.38952, 6825344.714836999773979 ], [ 1733378.492239, 6824492.7924610003829 ], [ 1733299.24026000010781, 6824259.015828000381589 ], [ 1733219.992863, 6824025.245113000273705 ], [ 1733139.069494, 6823786.547163999639452 ], [ 1732880.960264999885112, 6823075.825283999554813 ], [ 1732732.624371, 6822645.602815000340343 ], [ 1732563.520352, 6822248.395447 ], [ 1732394.432489, 6821851.204244 ], [ 1732000.340328, 6821076.036709000356495 ], [ 1731724.666941, 6820492.198109 ], [ 1731600.321513, 6820127.540841000154614 ], [ 1731558.113315, 6819956.777045999653637 ], [ 1731431.498992, 6819444.506161999888718 ], [ 1731349.777743, 6819149.866198999807239 ], [ 1731313.607622, 6818695.54706299956888 ], [ 1731286.142107000108808, 6818156.823119999840856 ], [ 1731325.831084, 6817842.557892999611795 ], [ 1731389.194594, 6817570.302504999563098 ], [ 1731641.965113, 6817006.092465999536216 ], [ 1731844.573529, 6816610.959956999868155 ], [ 1732538.173209, 6815654.543724000453949 ], [ 1733122.000215, 6815022.244624 ], [ 1733553.796972, 6814672.214417999610305 ], [ 1733725.610385, 6814538.140637 ], [ 1734069.219936, 6814269.988203000277281 ], [ 1734398.820164, 6814005.062223000451922 ], [ 1735016.753305, 6813578.563538 ], [ 1735681.554596999892965, 6813179.749963999725878 ], [ 1736421.143417, 6812794.329451999627054 ], [ 1736933.312836, 6812593.410473000258207 ], [ 1737510.684162, 6812373.167988000437617 ], [ 1736919.34963500010781, 6812036.263892999850214 ], [ 1736346.724177000112832, 6811694.505752 ], [ 1735365.942713000113145, 6811121.935487000271678 ], [ 1734577.739068000111729, 6810669.468386 ], [ 1733798.806345, 6810198.148788000456989 ], [ 1733367.12408, 6809934.713708000257611 ], [ 1732944.999012, 6809694.601028 ], [ 1732588.350248999893665, 6810067.213945999741554 ], [ 1732074.074065, 6810595.540272999554873 ], [ 1731643.088261000113562, 6811029.599584000185132 ], [ 1731170.125142, 6811478.021838 ], [ 1730127.288616, 6812553.516483999788761 ], [ 1728689.444756, 6813955.086845000274479 ], [ 1727863.448544, 6814733.923812 ], [ 1727386.998691, 6814751.388882 ], [ 1725943.039225, 6814719.421486999839544 ], [ 1725248.503705, 6814745.763808 ], [ 1724994.711231, 6815047.785632999613881 ], [ 1724880.739716, 6815151.797608999535441 ], [ 1724720.029987, 6815263.160756999626756 ], [ 1724468.307068, 6815415.027818 ], [ 1724109.067172, 6815588.731071 ], [ 1723891.868702, 6815655.885415 ], [ 1723641.957954, 6815732.647456999868155 ], [ 1723457.429116, 6815787.834246000275016 ], [ 1723097.672943, 6815888.772657999768853 ], [ 1722861.641149, 6815941.942539 ], [ 1722597.359264, 6815969.483761999756098 ], [ 1721944.354996, 6815966.698311000131071 ], [ 1721600.193302, 6815947.798538999632001 ], [ 1721298.129505, 6815923.926126999780536 ], [ 1720570.157222, 6815909.768589000217617 ], [ 1719835.129919, 6815886.210934 ], [ 1719598.658519, 6815871.24617899954319 ], [ 1718818.574844, 6815751.666208 ], [ 1718525.880179, 6815727.633522000163794 ], [ 1717654.948682, 6815674.186373 ], [ 1717432.685959, 6815684.880172999575734 ], [ 1717269.027247, 6815714.011753000319004 ], [ 1717117.322515999898314, 6815785.287964999675751 ], [ 1716771.860141, 6815942.162569000385702 ], [ 1716067.128242, 6816305.242705999873579 ], [ 1715682.693041, 6816617.188354000449181 ], [ 1715487.215545, 6816817.753449000418186 ], [ 1715166.763372, 6817274.815860000438988 ], [ 1715060.217516, 6817477.247343 ], [ 1714966.028594, 6817799.294901000335813 ], [ 1714909.334128, 6818125.834783 ], [ 1714940.204874, 6818625.599073999561369 ], [ 1714998.570576, 6819014.904113000258803 ], [ 1715095.930396, 6819260.831387000158429 ], [ 1715157.450287, 6819375.499303 ], [ 1715434.230889, 6819878.642753000371158 ], [ 1715526.299113, 6820011.925967999733984 ], [ 1715559.551721000112593, 6820093.904478999786079 ], [ 1715859.276845, 6820505.375474999658763 ], [ 1716099.464245, 6820738.7722929995507 ], [ 1716445.574449, 6821063.117831000126898 ], [ 1716799.062142, 6821441.428887000307441 ], [ 1717557.792961, 6822223.577932000160217 ], [ 1718058.002975, 6822838.197243999689817 ], [ 1718194.808182, 6822994.729566000401974 ], [ 1718774.184715, 6823900.107045999728143 ], [ 1719110.403116999892518, 6824485.2549 ], [ 1719205.457253, 6824703.114299999549985 ], [ 1719603.426721999887377, 6825412.409067000262439 ], [ 1720094.163726999890059, 6826330.262981000356376 ], [ 1720456.443591, 6826927.105829999782145 ], [ 1721109.378103000111878, 6827891.057311999611557 ], [ 1721510.63068, 6828694.527350000105798 ], [ 1721688.595975, 6829031.785120000131428 ], [ 1721951.589033, 6829464.888260999694467 ], [ 1722114.927240000106394, 6829708.255214000120759 ], [ 1722222.760357, 6829890.368776000104845 ], [ 1722388.322814, 6830142.976556000299752 ], [ 1722440.603168, 6830251.800645000301301 ], [ 1723849.056704000104219, 6832200.249436999671161 ], [ 1724479.119965, 6833175.770629 ], [ 1725247.966678, 6834417.345858000218868 ], [ 1725378.479536, 6834573.615156999789178 ], [ 1725619.580696, 6834907.60802000015974 ], [ 1725752.159106, 6835117.935424 ], [ 1725915.478605, 6835372.656436 ], [ 1726124.018496, 6835730.364393999800086 ], [ 1726322.723789, 6836020.05552 ], [ 1726540.380148, 6836337.808155000209808 ], [ 1726698.861871, 6836562.061293000355363 ], [ 1726841.354305, 6836845.147169999778271 ], [ 1727007.618674, 6837175.004253 ], [ 1727228.310874, 6837581.978938000276685 ], [ 1727361.159455, 6837820.541732000187039 ], [ 1727510.614159000106156, 6838084.802136999554932 ], [ 1727604.1831, 6838396.441972999833524 ], [ 1727622.024777, 6838598.263686999678612 ], [ 1727608.779375, 6839039.861025 ], [ 1727562.02596, 6839380.728019 ], [ 1727551.254753000102937, 6839514.670463999733329 ], [ 1727491.579557, 6839686.556083000265062 ], [ 1727389.632877, 6839846.989964 ], [ 1727264.059355, 6839977.057025000452995 ], [ 1727117.089072, 6840065.013883999548852 ], [ 1726939.473721, 6840127.33544799964875 ], [ 1726672.525614, 6840148.022072000429034 ], [ 1726391.338465, 6840140.613523 ], [ 1726131.490444000111893, 6840170.622247000224888 ], [ 1725794.43271, 6840215.253312 ], [ 1725539.190204000100493, 6840233.453208000399172 ], [ 1725247.81448, 6840246.570140999741852 ], [ 1724099.278508, 6839983.902956999838352 ], [ 1723307.335674, 6839817.18633299972862 ], [ 1722672.226814, 6839617.279616000130773 ], [ 1721359.383188, 6839084.69092100020498 ], [ 1720075.08398099988699, 6838586.375320999883115 ], [ 1719314.094975, 6838215.03443 ], [ 1718124.803553, 6837659.652061999775469 ], [ 1717474.591546, 6837313.731836999766529 ], [ 1716859.532486, 6837008.378484999760985 ], [ 1716579.912335, 6836902.171753999777138 ], [ 1716451.86479, 6836873.760266999714077 ], [ 1716265.875313, 6836874.835618999786675 ], [ 1716048.007756, 6836893.58884400036186 ], [ 1715850.574989000102505, 6836929.686100999824703 ], [ 1715499.505577, 6837036.616720999591053 ], [ 1715044.332711, 6837237.396654999814928 ], [ 1714766.136903, 6837387.607148 ], [ 1714253.466278, 6837711.095456999726593 ], [ 1713685.067413, 6838134.963635999709368 ], [ 1713013.5068, 6838663.323777999728918 ], [ 1712301.710279, 6839293.943869000300765 ], [ 1711551.790491, 6840115.042024999856949 ], [ 1711037.224911999888718, 6840697.961838000454009 ], [ 1710615.462933, 6841245.436038999818265 ], [ 1710404.889689, 6841584.787348000332713 ], [ 1709900.986276, 6842293.298018 ], [ 1709360.964714, 6843074.744965 ], [ 1708613.233486, 6844239.400453999638557 ], [ 1708132.00411200011149, 6844927.104739 ], [ 1707909.332522, 6845211.174591000191867 ], [ 1707663.492344, 6845521.617344999685884 ], [ 1707382.731923, 6845835.136304999701679 ], [ 1707156.770367, 6846046.280511000193655 ], [ 1708134.675704, 6847035.182531000114977 ], [ 1708853.806955, 6847711.718995000235736 ], [ 1710823.630533, 6847460.105723000131547 ], [ 1712786.458389, 6847198.798208000138402 ], [ 1714749.173119, 6846937.015739999711514 ], [ 1717267.863263, 6846628.823959999717772 ], [ 1717528.825718, 6846595.177923999726772 ], [ 1717789.786398, 6846561.523658 ] ], [ [ 1722620.749486, 6818821.530163999646902 ], [ 1722913.029772, 6818862.544494000263512 ], [ 1723150.962577, 6818927.330125999636948 ], [ 1723303.405186, 6819016.115553 ], [ 1723416.883067, 6819101.232652000151575 ], [ 1723526.920532, 6819252.747573000378907 ], [ 1723661.061023, 6819517.31077800039202 ], [ 1723779.749113, 6819797.58925100043416 ], [ 1723812.066548, 6819973.057989999651909 ], [ 1723864.440122, 6820234.278927999548614 ], [ 1723901.964169, 6820604.937155 ], [ 1723876.808387000113726, 6820921.357126999646425 ], [ 1723870.249306, 6821104.914486999623477 ], [ 1723852.223845, 6821323.696216999553144 ], [ 1723818.446687000105157, 6821515.249463999643922 ], [ 1723745.807676, 6821718.798483000136912 ], [ 1723653.75681, 6821934.180626999586821 ], [ 1723464.618008, 6822193.166375 ], [ 1723337.368026, 6822389.270467 ], [ 1723167.165756, 6822570.051029999740422 ], [ 1722907.264035, 6822735.779755 ], [ 1722678.153346, 6822846.645577999763191 ], [ 1722441.073204, 6822930.214026000350714 ], [ 1722141.199672, 6822943.883330999873579 ], [ 1721864.572644, 6822937.852884000167251 ], [ 1721661.891492, 6822919.636939000338316 ], [ 1721420.001822, 6822862.606181000359356 ], [ 1721185.752369999885559, 6822782.086903999559581 ], [ 1721005.906076, 6822677.783537999726832 ], [ 1720814.329349, 6822565.746313 ], [ 1720559.864981, 6822364.285272000357509 ], [ 1720434.295072, 6822216.680336000397801 ], [ 1720366.912588, 6822029.654357999563217 ], [ 1720270.56036, 6821569.491864999756217 ], [ 1720205.905133999884129, 6821195.032700000330806 ], [ 1720203.185008999891579, 6820757.74148300010711 ], [ 1720279.196621, 6820456.644388999789953 ], [ 1720375.098312, 6820221.783630000427365 ], [ 1720528.998971, 6819924.108211000449955 ], [ 1720675.816619, 6819739.696472000330687 ], [ 1720842.255392, 6819578.585900000296533 ], [ 1720942.777334, 6819464.740035999566317 ], [ 1721081.844464, 6819288.182705 ], [ 1721194.065317, 6819178.172648999840021 ], [ 1721290.876521, 6819095.57619099970907 ], [ 1721469.253035, 6818981.233066 ], [ 1721624.528874, 6818906.061614000238478 ], [ 1721803.397538, 6818869.777228999882936 ], [ 1721962.902635, 6818849.234245999716222 ], [ 1722297.565782, 6818819.73161100037396 ], [ 1722620.749486, 6818821.530163999646902 ] ], [ [ 1727347.50633, 6816592.768135 ], [ 1727544.047152, 6816631.191982000134885 ], [ 1727748.091031, 6816735.147075000219047 ], [ 1727935.735069, 6816834.526902000419796 ], [ 1728130.619192, 6816964.30216300021857 ], [ 1728173.292833, 6817048.344657000154257 ], [ 1728178.881626, 6817174.800363999791443 ], [ 1728163.369118, 6817292.063245999626815 ], [ 1728131.483651, 6817409.429983999580145 ], [ 1727957.588978, 6817274.806385999545455 ], [ 1727804.733722, 6817140.029873999767005 ], [ 1727722.268591, 6817046.906959 ], [ 1727609.68329400010407, 6816986.796272000297904 ], [ 1727340.013962, 6816855.197183 ], [ 1727000.007727, 6816688.950682999566197 ], [ 1727198.074654000112787, 6816610.230282000266016 ], [ 1727347.50633, 6816592.768135 ] ] ] } },
{ "type": "Feature", "properties": { "gml_id": "FossilFuelResource.progn.pow76540", "identifier": "http://inspire.pgi.gov.pl/so/mr/Midas.paliwaKopalne/FossilFuelResource.progn.pow76540", "beginLifespanVersion": null, "localId": "FossilFuelResource.progn.pow76540", "namespace": "http://inspire.pgi.gov.pl/so/mr/Midas.paliwaKopalne", "scalar": -54.5, "scalar_uom": "m", "dateOfDiscovery": null, "calorificValue": null, "quantity": null, "verticalExtent": null }, "geometry": { "type": "Polygon", "coordinates": [ [ [ 2010961.007085, 6799716.756659000180662 ], [ 2011308.031738, 6799730.80685400031507 ], [ 2011465.758656, 6799737.187908000312746 ], [ 2011633.107831999892369, 6799713.477428000420332 ], [ 2011800.456216, 6799689.763705000281334 ], [ 2012135.149969, 6799642.325872000306845 ], [ 2012310.873612, 6799569.218134 ], [ 2012486.594115, 6799496.107039 ], [ 2012706.940006, 6799267.600867999717593 ], [ 2012822.518046, 6798938.642121000215411 ], [ 2012812.177971, 6798853.613370999693871 ], [ 2012788.834965, 6798661.429185999557376 ], [ 2012702.876331999897957, 6798491.169969 ], [ 2012616.921123, 6798320.913417000323534 ], [ 2012243.900228, 6798049.278390999883413 ], [ 2011672.329486999893561, 6797942.813958999700844 ], [ 2011193.741215, 6797910.635533000342548 ], [ 2011038.108477, 6797962.066368999890983 ], [ 2010882.473785, 6798013.494676999747753 ], [ 2010609.470629000104964, 6798278.264893 ], [ 2010482.510092, 6798728.581957999616861 ], [ 2010454.557701, 6798945.57694 ], [ 2010497.329324, 6799312.997088000178337 ], [ 2010609.920426, 6799535.708324999548495 ], [ 2010961.007085, 6799716.756659000180662 ] ] ] } },
{ "type": "Feature", "properties": { "gml_id": "FossilFuelResource.per.pow82137", "identifier": "http://inspire.pgi.gov.pl/so/mr/Midas.paliwaKopalne/FossilFuelResource.per.pow82137", "beginLifespanVersion": null, "localId": "FossilFuelResource.per.pow82137", "namespace": "http://inspire.pgi.gov.pl/so/mr/Midas.paliwaKopalne", "scalar": -800.0, "scalar_uom": "m", "dateOfDiscovery": null, "calorificValue": null, "quantity": null, "verticalExtent": null }, "geometry": { "type": "Polygon", "coordinates": [ [ [ 2108733.40974499983713, 6486837.932644999586046 ], [ 2109115.799006000161171, 6487026.864543999545276 ], [ 2109417.312158000189811, 6487104.286465999670327 ], [ 2109793.178294000215828, 6487187.051724 ], [ 2110178.822425, 6487218.601867999881506 ], [ 2110746.180927, 6487209.839672000147402 ], [ 2110877.222931, 6487197.324314 ], [ 2110918.409771, 6486936.841769999824464 ], [ 2110963.747828000225127, 6486632.488451999612153 ], [ 2111017.954246, 6486264.12674400024116 ], [ 2111067.213504999876022, 6485960.784245000220835 ], [ 2111105.641884999815375, 6485705.707651999779046 ], [ 2111188.395159, 6485172.928468000143766 ], [ 2111298.593528000172228, 6484733.749843999743462 ], [ 2111353.322265999857336, 6484730.44032199960202 ], [ 2112869.983345999848098, 6484728.446809999644756 ], [ 2113078.163904, 6484593.545033000409603 ], [ 2113467.112877000123262, 6484333.652392 ], [ 2113779.430540999863297, 6484140.698781999759376 ], [ 2113836.065339, 6484107.726839000359178 ], [ 2113391.856476, 6483218.593148999847472 ], [ 2112301.854967, 6483287.49084800016135 ], [ 2112189.194695, 6483294.611534000374377 ], [ 2112087.775049, 6483301.020494 ], [ 2111362.246909, 6483298.037701999768615 ], [ 2106993.40075, 6483278.731681000441313 ], [ 2106895.281008, 6483277.087284999899566 ], [ 2107294.261283999774605, 6483869.533208999782801 ], [ 2107406.327490999829024, 6484027.158549999818206 ], [ 2107526.784965999890119, 6484198.870516000315547 ], [ 2107692.146604999899864, 6484404.394565000198781 ], [ 2107882.685205, 6484660.546329 ], [ 2108056.407378000207245, 6484939.222658 ], [ 2108272.147709, 6485271.380417999811471 ], [ 2108347.79453600011766, 6485426.18786 ], [ 2108417.81708, 6485586.617762999609113 ], [ 2108471.007174000144005, 6485724.540391 ], [ 2108540.978408, 6485963.754560999572277 ], [ 2108678.046130000147969, 6486509.72356600034982 ], [ 2108708.81168399984017, 6486647.664289000444114 ], [ 2108733.40974499983713, 6486837.932644999586046 ] ] ] } },
{ "type": "Feature", "properties": { "gml_id": "FossilFuelResource.per.pow80993", "identifier": "http://inspire.pgi.gov.pl/so/mr/Midas.paliwaKopalne/FossilFuelResource.per.pow80993", "beginLifespanVersion": null, "localId": "FossilFuelResource.per.pow80993", "namespace": "http://inspire.pgi.gov.pl/so/mr/Midas.paliwaKopalne", "scalar": -2734.0, "scalar_uom": "m", "dateOfDiscovery": null, "calorificValue": null, "quantity": null, "verticalExtent": null }, "geometry": { "type": "Polygon", "coordinates": [ [ [ 1985614.253622000105679, 7325640.013187999837101 ], [ 1985882.01002, 7325736.145631999708712 ], [ 1986086.721489, 7325798.605519000440836 ], [ 1986534.340221, 7325930.294204999692738 ], [ 1986729.10761, 7325983.431280000135303 ], [ 1986756.071353999897838, 7325990.7795329997316 ], [ 1987303.041722999885678, 7326139.982115999795496 ], [ 1987558.31352400011383, 7326216.155023000203073 ], [ 1987840.142878, 7326289.909905999898911 ], [ 1988980.102081000106409, 7326677.875230999663472 ], [ 1989213.262317, 7326788.5675980001688 ], [ 1989846.784132, 7327000.394612999632955 ], [ 1990582.855616, 7327253.038057000376284 ], [ 1991110.910284, 7327406.82538800034672 ], [ 1992182.265748, 7327683.406988999806345 ], [ 1992642.049106, 7327825.175095000304282 ], [ 1993238.786754, 7327892.977745000272989 ], [ 1994258.194041, 7327758.447579000145197 ], [ 1994255.963337, 7327769.676602000370622 ], [ 1994263.955976, 7327777.584963999688625 ], [ 1994262.656371, 7327792.304327 ], [ 1994309.648694, 7327820.397249000146985 ], [ 1994334.172671, 7327822.475363000296056 ], [ 1994366.048041, 7327847.425222000107169 ], [ 1994379.451942, 7327878.393728000111878 ], [ 1994384.161849, 7327879.649411999620497 ], [ 1994385.665365, 7327882.498227000236511 ], [ 1994381.723716, 7327962.904631 ], [ 1994341.232212, 7328159.738246999680996 ], [ 1994946.6955, 7328267.352931000292301 ], [ 1995367.346618, 7328343.544849 ], [ 1996105.437127, 7328384.095813999883831 ], [ 1996756.971399, 7328526.184037 ], [ 1997963.096489, 7328746.84922800026834 ], [ 1998649.906687, 7328898.464936999604106 ], [ 1998732.532009, 7328909.630451000295579 ], [ 1998957.422512, 7328940.034249000251293 ], [ 1999206.794726, 7328967.512051000259817 ], [ 2000155.797410999890417, 7329109.164331999607384 ], [ 2001401.585539999883622, 7329172.475139999762177 ], [ 2002276.528428, 7329189.167219 ], [ 2003290.67308, 7329215.024867 ], [ 2003791.389803, 7329214.326426999643445 ], [ 2004769.722078, 7329283.52025100030005 ], [ 2005471.455109, 7329279.629169999621809 ], [ 2006028.626229, 7329306.659090000204742 ], [ 2006442.353472, 7329326.720245 ], [ 2007968.565706, 7329476.546950999647379 ], [ 2008765.935618000105023, 7329509.863316999748349 ], [ 2010069.125198000110686, 7329605.994349 ], [ 2010177.913992, 7329612.920200999826193 ], [ 2010698.557355, 7329646.019608000293374 ], [ 2010717.252206, 7329647.218252000398934 ], [ 2010726.538925, 7329647.800411 ], [ 2011125.733176, 7329675.544401000253856 ], [ 2011499.446423, 7329704.699906 ], [ 2011892.25832, 7329703.777991999872029 ], [ 2012468.687401, 7329707.946313000284135 ], [ 2012836.173288, 7329724.855158999562263 ], [ 2013457.113307, 7329673.628987000323832 ], [ 2013910.206654, 7329639.88624 ], [ 2014549.212558999890462, 7329570.595905000343919 ], [ 2015303.155427, 7329488.808163999579847 ], [ 2016133.612103, 7329444.487800000235438 ], [ 2016517.110441, 7329392.542512999847531 ], [ 2016778.191129, 7329372.489577 ], [ 2017211.21746, 7329374.183749999850988 ], [ 2018113.579738, 7329432.387605000287294 ], [ 2018536.972097000107169, 7329486.306777999736369 ], [ 2018782.637295, 7329496.045878999866545 ], [ 2019477.652919, 7329514.015715000219643 ], [ 2019498.772936, 7329514.563470000401139 ], [ 2020156.376489, 7329568.351878000423312 ], [ 2020965.812662, 7329600.775616999715567 ], [ 2021493.418666, 7329605.26891400013119 ], [ 2022329.049044, 7329625.87507 ], [ 2022928.205851, 7329600.494938000105321 ], [ 2023900.066793, 7329608.006911000236869 ], [ 2024407.658142, 7329583.70433900039643 ], [ 2024941.473345, 7329583.919208999723196 ], [ 2025384.168639, 7329568.637015 ], [ 2025459.635464, 7329556.02925799973309 ], [ 2025469.107608, 7329554.440240999683738 ], [ 2025489.680018, 7329550.996829999610782 ], [ 2025585.538674, 7329538.765169999562204 ], [ 2025611.568576, 7329535.427790000103414 ], [ 2025826.093375, 7329508.030465999618173 ], [ 2026145.756839, 7329521.824333 ], [ 2026811.658425, 7329506.649256999604404 ], [ 2027456.424667, 7329543.971412000246346 ], [ 2027723.638079, 7329536.832821000367403 ], [ 2028528.254974, 7329515.369963999837637 ], [ 2029159.683331, 7329454.594068 ], [ 2029742.141494, 7329487.189678999595344 ], [ 2029970.089404, 7329540.911936 ], [ 2029993.253753, 7329546.372728999704123 ], [ 2030035.421061, 7329556.301384000107646 ], [ 2030118.727424, 7329558.815186000429094 ], [ 2030579.068473, 7329589.764523999765515 ], [ 2030896.31712, 7329603.215365 ], [ 2031291.228357, 7329614.781634000129998 ], [ 2031936.742345, 7329591.443736 ], [ 2032197.993838999886066, 7329603.377318000420928 ], [ 2032937.418375999899581, 7329653.130822 ], [ 2033266.255068, 7329682.451406000182033 ], [ 2033809.899524, 7329718.224492000415921 ], [ 2034417.047985, 7329745.548786000348628 ], [ 2034664.076611000113189, 7329786.176196999847889 ], [ 2034742.039606, 7329798.993381000123918 ], [ 2034992.990955, 7329836.226218 ], [ 2035142.960524, 7329857.831836 ], [ 2035405.347999, 7329915.842698999680579 ], [ 2035619.374356, 7329963.17314499989152 ], [ 2035774.682629, 7330001.241341000422835 ], [ 2035990.592122, 7330016.777175 ], [ 2036280.905024, 7330037.63990299962461 ], [ 2036356.613079, 7330061.043320000171661 ], [ 2036432.986296, 7330044.539072000421584 ], [ 2036702.858141, 7330053.403421999886632 ], [ 2036986.469047, 7330049.766753000207245 ], [ 2037021.98515300010331, 7330049.302449 ], [ 2037379.496193000115454, 7330030.748764 ], [ 2037762.539097, 7330015.106107999570668 ], [ 2037942.536925, 7330022.808984999544919 ], [ 2038110.388366, 7329975.029121000319719 ], [ 2038303.760558, 7329959.066062999889255 ], [ 2038315.888793, 7329959.099128999747336 ], [ 2038677.708166, 7329960.279792999848723 ], [ 2038814.084546, 7329949.838352999649942 ], [ 2039125.188763, 7329889.16615 ], [ 2039553.678138, 7329872.308717999607325 ], [ 2039680.392104, 7329867.331662000156939 ], [ 2040010.262513, 7329872.938962999731302 ], [ 2040367.554376, 7329840.375461 ], [ 2040679.546185000101104, 7329732.650498 ], [ 2040792.056699, 7329681.499889000318944 ], [ 2040875.155357, 7329631.895038000307977 ], [ 2041038.791660000104457, 7329534.032395999878645 ], [ 2041159.505853, 7329478.567162999883294 ], [ 2041183.373847, 7329481.039756 ], [ 2041199.690813, 7329465.959203000180423 ], [ 2041212.86523099988699, 7329435.006241999566555 ], [ 2041422.202019, 7329201.938225000165403 ], [ 2041537.511091, 7329069.231828999705613 ], [ 2041569.34788, 7329032.511722000315785 ], [ 2041714.302175, 7328891.136632 ], [ 2041824.839044, 7328812.033547 ], [ 2041951.681568, 7328684.740086999721825 ], [ 2042020.701459999894723, 7328622.055358 ], [ 2042113.634797, 7328487.133812 ], [ 2042244.518756, 7328359.421706000342965 ], [ 2042358.518043, 7328215.855881 ], [ 2042370.620493, 7328169.13058099988848 ], [ 2042451.834289, 7328062.463929999619722 ], [ 2042541.306093000108376, 7327896.003496999852359 ], [ 2042648.912821, 7327604.918150000274181 ], [ 2042705.23634700011462, 7327510.44537299964577 ], [ 2042855.635957, 7327328.204076999798417 ], [ 2042968.522884, 7327230.584214 ], [ 2043201.094238, 7326976.829802 ], [ 2043297.401243, 7326879.935724999755621 ], [ 2043462.027657999889925, 7326735.1169100003317 ], [ 2043588.860545, 7326614.339187 ], [ 2043682.984008, 7326559.702980999834836 ], [ 2043782.437091, 7326467.200627 ], [ 2043970.783265, 7326355.060277 ], [ 2044057.606066, 7326302.941073000431061 ], [ 2044172.224062, 7326194.199466000311077 ], [ 2044569.915356, 7325927.898217 ], [ 2044780.032101, 7325755.044355999678373 ], [ 2045016.307943, 7325605.860973999835551 ], [ 2045060.265646, 7325578.103189 ], [ 2045641.65149, 7325225.200224 ], [ 2045775.94861, 7325128.422383000142872 ], [ 2045953.239477, 7325003.523163000121713 ], [ 2046106.200634999899194, 7324896.286227 ], [ 2046110.229079, 7324303.921292000450194 ], [ 2046246.408982, 7304235.546598999761045 ], [ 2026386.652917, 7308546.053347 ], [ 2020423.611137, 7309829.964497 ], [ 2003533.597104, 7313440.641103000380099 ], [ 2003535.036316, 7265368.66559199988842 ], [ 2001351.454772, 7265371.700621999800205 ], [ 1979619.050907, 7265368.656669000163674 ], [ 1979619.021847000112757, 7265368.656682999804616 ], [ 1979619.053272, 7265260.718023000285029 ], [ 1979620.059742, 7261780.677504999563098 ], [ 1958539.718122000107542, 7261987.269983000122011 ], [ 1958458.401216, 7300171.003414999693632 ], [ 1958420.291134, 7317708.109532999806106 ], [ 1958420.291004, 7317708.150650000199676 ], [ 1958469.7569, 7317717.053949999623001 ], [ 1958553.92057, 7317737.099459 ], [ 1958583.042228, 7317741.741363000124693 ], [ 1958668.333367000101134, 7317758.359330999664962 ], [ 1958751.945818, 7317781.17363900039345 ], [ 1958837.213179, 7317796.038729 ], [ 1958921.556264, 7317815.283858000300825 ], [ 1959005.366179999895394, 7317837.091161999851465 ], [ 1959042.486867000116035, 7317849.718178999610245 ], [ 1959088.643004, 7317861.425978999584913 ], [ 1959143.304098, 7317868.206105000339448 ], [ 1959228.37869, 7317880.742599000222981 ], [ 1959266.183944, 7317885.657084999606013 ], [ 1959312.809550999896601, 7317900.088322999887168 ], [ 1959332.063323, 7317903.180319 ], [ 1959394.327862, 7317929.76732200011611 ], [ 1959476.746987000107765, 7317956.295202 ], [ 1959561.956586, 7317972.782100000418723 ], [ 1959644.60636, 7317998.460164999589324 ], [ 1959727.30946, 7318023.96429399959743 ], [ 1959775.580481, 7318035.26401 ], [ 1959859.989159000106156, 7318056.025770000182092 ], [ 1959944.089251, 7318076.351436000317335 ], [ 1960026.769792, 7318103.118255999870598 ], [ 1960110.409685, 7318125.485678000375628 ], [ 1960194.706308, 7318144.942916000261903 ], [ 1960205.349189, 7318150.516122000291944 ], [ 1960294.461848, 7318162.613105 ], [ 1960382.08097, 7318153.981371000409126 ], [ 1960452.404504, 7318169.543819 ], [ 1960467.23078399989754, 7318172.625718999654055 ], [ 1960553.836044, 7318175.239071000367403 ], [ 1960615.72283299989067, 7318177.350571 ], [ 1960691.518328, 7318214.128770999610424 ], [ 1960774.544932000106201, 7318238.479848000220954 ], [ 1960857.907056, 7318261.653060000389814 ], [ 1960940.721529, 7318287.007097999565303 ], [ 1961023.291739, 7318312.844456999562681 ], [ 1961106.355891, 7318337.019163999706507 ], [ 1961155.095477999886498, 7318355.127433000132442 ], [ 1961266.603166, 7318404.580303999595344 ], [ 1961336.52728, 7318417.982874000445008 ], [ 1961424.668921, 7318424.981844999827445 ], [ 1961508.262502, 7318447.681560000404716 ], [ 1961591.346617, 7318471.921105000190437 ], [ 1961671.756959, 7318504.450694000348449 ], [ 1961753.540188, 7318532.721607999876142 ], [ 1961836.766732, 7318556.508531999774277 ], [ 1961919.237344, 7318582.614104 ], [ 1961956.051724, 7318608.803596000187099 ], [ 1961996.009016, 7318626.374661999754608 ], [ 1962082.069281, 7318641.435372999869287 ], [ 1962167.77757, 7318657.637640999630094 ], [ 1962219.166626, 7318695.677524999715388 ], [ 1962272.413676, 7318706.45176799967885 ], [ 1962304.788467, 7318712.068779 ], [ 1962387.807399, 7318736.508231 ], [ 1962468.804325, 7318767.230557000264525 ], [ 1962551.754174999892712, 7318791.858811999671161 ], [ 1962634.745081, 7318818.653838000260293 ], [ 1962717.537861, 7318843.782529000192881 ], [ 1962799.117305, 7318872.718798000365496 ], [ 1962879.871296, 7318904.112297999672592 ], [ 1962963.807693, 7318932.539212999865413 ], [ 1963048.097245, 7318953.042778000235558 ], [ 1963129.67908, 7318981.97601000033319 ], [ 1963211.964919, 7319008.744624 ], [ 1963294.866873, 7319033.556138000451028 ], [ 1963365.17721000011079, 7319050.966689 ], [ 1963447.341714, 7319078.07929200027138 ], [ 1963529.137346, 7319106.333567 ], [ 1963611.830549, 7319131.782595999538898 ], [ 1963693.41621, 7319160.710614999756217 ], [ 1963773.983194, 7319192.771320999599993 ], [ 1963853.250255, 7319228.778390999883413 ], [ 1963937.666872, 7319252.602992 ], [ 1964000.239349, 7319291.887744000181556 ], [ 1964016.047990000108257, 7319299.806394999846816 ], [ 1964100.542718, 7319318.68784200027585 ], [ 1964184.914245000109076, 7319338.070663999766111 ], [ 1964241.846055, 7319353.793138000182807 ], [ 1964328.971178, 7319372.824335999786854 ], [ 1964413.912554, 7319389.207596000283957 ], [ 1964499.102577, 7319404.411950999870896 ], [ 1964583.706707, 7319422.664556000381708 ], [ 1964668.524536, 7319439.755632 ], [ 1964757.067059, 7319438.638605000451207 ], [ 1964786.125029, 7319444.194602999836206 ], [ 1964844.459729, 7319442.613196999765933 ], [ 1964930.023706, 7319455.924774999730289 ], [ 1965013.174495, 7319481.483675999566913 ], [ 1965099.608789, 7319490.39300199970603 ], [ 1965183.966984, 7319509.851892 ], [ 1965297.552962, 7319535.749419 ], [ 1965381.271155, 7319555.341996000148356 ], [ 1965465.967531, 7319573.169568000361323 ], [ 1965549.763569, 7319594.737832999788225 ], [ 1965638.745115, 7319617.492320000194013 ], [ 1965725.050834000110626, 7319628.405953999608755 ], [ 1965810.473828, 7319643.025208 ], [ 1965894.111691, 7319665.438997000455856 ], [ 1965982.471234, 7319691.949926 ], [ 1966062.808665, 7319720.831667000427842 ], [ 1966144.339779, 7319749.892040999606252 ], [ 1966225.432615, 7319780.25006700027734 ], [ 1966306.895011000102386, 7319809.482045999728143 ], [ 1966389.761854, 7319834.592372000217438 ], [ 1966479.07757, 7319857.287704999558628 ], [ 1966561.734731, 7319883.054418999701738 ], [ 1966635.662582, 7319910.669184999540448 ], [ 1966641.588118, 7319912.691646000370383 ], [ 1966722.983363, 7319942.092871 ], [ 1966804.765232, 7319970.367792 ], [ 1966888.494478, 7319996.743595000356436 ], [ 1967057.096625, 7320068.019874 ], [ 1967223.85934, 7320111.397405999712646 ], [ 1967386.462489, 7320175.216749000363052 ], [ 1967556.639061, 7320248.347024000249803 ], [ 1967898.897719, 7320381.148525999858975 ], [ 1968222.497416000114754, 7320467.909021000377834 ], [ 1968683.115218, 7320645.653954000212252 ], [ 1968845.833855, 7320704.244297999888659 ], [ 1969009.115683, 7320761.256013999693096 ], [ 1969184.431411, 7320782.068683000281453 ], [ 1969347.382641, 7320836.470742999576032 ], [ 1969392.488128, 7320846.677470999769866 ], [ 1969516.895936, 7320874.837648999877274 ], [ 1969782.62478, 7320966.418126 ], [ 1969867.852531, 7321015.215583000332117 ], [ 1970111.282324, 7321114.928382 ], [ 1970431.904904, 7321251.216841000132263 ], [ 1970807.45759, 7321341.189034 ], [ 1971158.692308, 7321433.678875000216067 ], [ 1971344.723592, 7321500.663706 ], [ 1971590.742024, 7321580.919576999731362 ], [ 1971878.760995, 7321663.526019999757409 ], [ 1972364.157518000109121, 7321889.543475000187755 ], [ 1972502.463699, 7321928.852155 ], [ 1972756.593891, 7322008.240612999536097 ], [ 1973248.898589000105858, 7322201.280291000381112 ], [ 1973313.075749, 7322228.766808999702334 ], [ 1973487.4932, 7322282.911383000202477 ], [ 1973893.298957, 7322427.544079000130296 ], [ 1974163.343245000112802, 7322522.2362219998613 ], [ 1974515.246506, 7322678.294049999676645 ], [ 1975063.902089, 7322949.447232999838889 ], [ 1975209.218677, 7322983.430162999778986 ], [ 1975448.39792, 7323097.523815000429749 ], [ 1976601.712142, 7323462.018209000118077 ], [ 1977186.080096000107005, 7323592.859186000190675 ], [ 1977351.442924, 7323617.902985 ], [ 1978117.346849, 7323760.637256000190973 ], [ 1978399.735026, 7323815.696263000369072 ], [ 1978843.391542, 7323924.929835 ], [ 1978879.718175, 7323934.120521999895573 ], [ 1978958.259855, 7323946.534149000421166 ], [ 1979429.109628, 7324023.253902999684215 ], [ 1979729.137924, 7324090.502415999770164 ], [ 1980011.505881, 7324159.889685000292957 ], [ 1980280.964145, 7324200.112169000320137 ], [ 1980468.253985, 7324224.047213000245392 ], [ 1981198.653266, 7324411.203576999716461 ], [ 1981745.984998, 7324521.308311999775469 ], [ 1982018.41234, 7324559.919024 ], [ 1982132.076737, 7324566.39563800022006 ], [ 1982396.346946999896318, 7324613.473518 ], [ 1983253.216499, 7324836.070995000191033 ], [ 1983719.882959, 7324967.591201 ], [ 1984038.616168, 7325075.562730999663472 ], [ 1984293.114133, 7325178.590099000371993 ], [ 1984569.653938, 7325270.454036000184715 ], [ 1984697.756152, 7325311.689601000398397 ], [ 1984895.242807, 7325381.812958000227809 ], [ 1985346.503697, 7325543.872937999665737 ], [ 1985614.253622000105679, 7325640.013187999837101 ] ] ] } },
{ "type": "Feature", "properties": { "gml_id": "FossilFuelResource.progn.pow76667", "identifier": "http://inspire.pgi.gov.pl/so/mr/Midas.paliwaKopalne/FossilFuelResource.progn.pow76667", "beginLifespanVersion": null, "localId": "FossilFuelResource.progn.pow76667", "namespace": "http://inspire.pgi.gov.pl/so/mr/Midas.paliwaKopalne", "scalar": -99.6, "scalar_uom": "m", "dateOfDiscovery": null, "calorificValue": null, "quantity": null, "verticalExtent": null }, "geometry": { "type": "Polygon", "coordinates": [ [ [ 1659811.136738, 6829409.416414 ], [ 1660531.42722, 6829438.459613 ], [ 1663145.557795, 6829567.864400999620557 ], [ 1665224.652834, 6829670.348202999681234 ], [ 1665900.324447, 6829703.537929000332952 ], [ 1668760.599390000104904, 6829859.42317400034517 ], [ 1669588.283226, 6829894.717224 ], [ 1671035.421402999898419, 6829875.463332000188529 ], [ 1672705.697198, 6829833.169250000268221 ], [ 1674881.66201, 6829753.024759000167251 ], [ 1676208.573475, 6829733.471161000430584 ], [ 1677206.09150299988687, 6829723.320666999556124 ], [ 1677521.210335, 6829336.959862000308931 ], [ 1678276.459891, 6828410.67818299960345 ], [ 1678693.384137, 6827884.73006 ], [ 1679517.801426, 6826846.822030999697745 ], [ 1679562.697597, 6825614.66971 ], [ 1679589.439681, 6824708.134468999691308 ], [ 1679656.386413, 6822565.369757000356913 ], [ 1677630.638371, 6822548.997298999689519 ], [ 1674733.429603, 6822509.458962 ], [ 1672341.513075, 6822491.972683999687433 ], [ 1670343.496643, 6820531.454877000302076 ], [ 1669588.558546, 6819820.71119000017643 ], [ 1669505.953638, 6819795.231847999617457 ], [ 1668139.685436999890953, 6819471.715510999783874 ], [ 1666773.534038, 6819147.983937 ], [ 1664716.88963000010699, 6818637.778829 ], [ 1660238.833255, 6817584.931308999657631 ], [ 1657700.754337, 6816996.093177 ], [ 1656143.812435, 6816685.89440399967134 ], [ 1656186.142189, 6817630.807168999686837 ], [ 1656168.564597, 6818037.199330000206828 ], [ 1656245.264649, 6818633.432523 ], [ 1656341.863637, 6819463.498931 ], [ 1656404.25195, 6820564.604570000432432 ], [ 1656454.969267, 6822594.327851000241935 ], [ 1656475.215068, 6824671.953436999581754 ], [ 1656468.298768, 6826817.870477999560535 ], [ 1656392.922276, 6829449.248661000281572 ], [ 1657572.876855, 6829413.372758000157773 ], [ 1659090.853632, 6829380.3088060002774 ], [ 1659811.136738, 6829409.416414 ] ] ] } },
{ "type": "Feature", "properties": { "gml_id": "FossilFuelResource.per.pow80873", "identifier": "http://inspire.pgi.gov.pl/so/mr/Midas.paliwaKopalne/FossilFuelResource.per.pow80873", "beginLifespanVersion": null, "localId": "FossilFuelResource.per.pow80873", "namespace": "http://inspire.pgi.gov.pl/so/mr/Midas.paliwaKopalne", "scalar": -1500.0, "scalar_uom": "m", "dateOfDiscovery": null, "calorificValue": null, "quantity": null, "verticalExtent": null }, "geometry": { "type": "Polygon", "coordinates": [ [ [ 2424552.155007999856025, 6708431.606564999558032 ], [ 2422378.068012999836355, 6709590.731747999787331 ], [ 2429173.204471999779344, 6712888.921651000156999 ], [ 2429302.103788, 6724372.571433000266552 ], [ 2409330.021772, 6727103.098121999762952 ], [ 2409382.455554999876767, 6732555.461679000407457 ], [ 2409382.915173000190407, 6732603.840555000118911 ], [ 2413163.79996, 6732602.610072 ], [ 2413121.575937999878079, 6732463.911781 ], [ 2413823.840210999827832, 6731705.867723000235856 ], [ 2414568.132400999777019, 6731664.041088 ], [ 2416356.699966, 6730804.014519000425935 ], [ 2416968.979227, 6730113.841494999825954 ], [ 2418081.257704, 6730071.554403999820352 ], [ 2420143.118197999894619, 6731225.423889 ], [ 2420150.8426319998689, 6731649.752781 ], [ 2418511.886651999782771, 6732602.597512999549508 ], [ 2427262.454715999774635, 6732603.106433000415564 ], [ 2428199.438443, 6732602.601142000406981 ], [ 2424710.414357999805361, 6738037.072355000302196 ], [ 2424709.946891999803483, 6755001.262962000444531 ], [ 2438686.518582, 6755001.641208999790251 ], [ 2464109.941014000214636, 6729353.151993 ], [ 2485751.693405, 6707839.361341999843717 ], [ 2474496.511924, 6693698.979282000102103 ], [ 2474518.201656000223011, 6681897.337929000146687 ], [ 2449028.098627999890596, 6695331.203223999589682 ], [ 2424552.155007999856025, 6708431.606564999558032 ] ] ] } },
{ "type": "Feature", "properties": { "gml_id": "FossilFuelResource.per.pow80994", "identifier": "http://inspire.pgi.gov.pl/so/mr/Midas.paliwaKopalne/FossilFuelResource.per.pow80994", "beginLifespanVersion": null, "localId": "FossilFuelResource.per.pow80994", "namespace": "http://inspire.pgi.gov.pl/so/mr/Midas.paliwaKopalne", "scalar": null, "scalar_uom": null, "dateOfDiscovery": null, "calorificValue": null, "quantity": null, "verticalExtent": null }, "geometry": { "type": "Polygon", "coordinates": [ [ [ 1729039.805132, 7254561.01847399957478 ], [ 1791042.815491, 7221662.161028999835253 ], [ 1791042.826512, 7221662.159256 ], [ 1791042.82196499989368, 7221662.157525000162423 ], [ 1790962.49641, 7221632.26764199975878 ], [ 1790805.308607, 7221588.774918000213802 ], [ 1790720.431198, 7221557.866751000285149 ], [ 1790620.880963, 7221550.735054000280797 ], [ 1790571.017427, 7221534.152816000394523 ], [ 1790458.745853, 7221480.79796199966222 ], [ 1790343.635525, 7221436.119722999632359 ], [ 1790228.727914, 7221404.639186999760568 ], [ 1790081.603958, 7221348.184143000282347 ], [ 1790075.295473, 7221345.763191999867558 ], [ 1789940.697763, 7221301.514209000393748 ], [ 1789814.627635, 7221257.200999000109732 ], [ 1789703.958621, 7221213.095800999552011 ], [ 1789603.514474, 7221156.963879000395536 ], [ 1789425.214775, 7221109.555664000101388 ], [ 1789340.168178, 7221053.288691 ], [ 1789239.788432, 7220993.212910000234842 ], [ 1789124.427496, 7220942.356073999777436 ], [ 1788995.583719, 7220902.629865 ], [ 1788906.467821, 7220869.577023000456393 ], [ 1788820.72878, 7220827.00084500014782 ], [ 1788744.925448, 7220822.225852999836206 ], [ 1788675.712992, 7220795.61642299965024 ], [ 1788596.221943, 7220771.765501 ], [ 1788494.555018, 7220693.684987000189722 ], [ 1788425.142746, 7220683.175529000349343 ], [ 1788338.900805, 7220653.413348999805748 ], [ 1788278.178229, 7220606.01836199965328 ], [ 1788185.519981000106782, 7220583.544700999744236 ], [ 1788096.019293, 7220555.113668999634683 ], [ 1788035.218425, 7220501.210943999700248 ], [ 1787966.009469, 7220475.623897000215948 ], [ 1787869.919011, 7220440.593882 ], [ 1787799.41848, 7220397.162858 ], [ 1787745.611886, 7220382.234274 ], [ 1787602.196089, 7220334.743940999731421 ], [ 1787547.509303, 7220310.031482 ], [ 1787472.676168, 7220284.028539 ], [ 1787347.53756, 7220237.133220000192523 ], [ 1787220.166871, 7220190.543505 ], [ 1787125.019052, 7220149.515022000297904 ], [ 1787067.111191, 7220136.63002 ], [ 1787020.929029, 7220126.360808 ], [ 1786828.809275999898091, 7220067.256098999641836 ], [ 1786729.559319, 7220027.038156 ], [ 1786626.963457, 7220007.658494000323117 ], [ 1786532.085932, 7219960.300772000104189 ], [ 1786418.030276, 7219915.761924000456929 ], [ 1786323.617133, 7219910.024918000213802 ], [ 1786228.796121, 7219870.900171999819577 ], [ 1786166.929449, 7219859.266634999774396 ], [ 1786060.149102, 7219832.801307000219822 ], [ 1785976.847917, 7219789.204717 ], [ 1785873.193276, 7219771.852129000239074 ], [ 1785792.592372, 7219730.508647999726236 ], [ 1785716.048787999898195, 7219693.162930999882519 ], [ 1785533.86726, 7219633.471978000365198 ], [ 1785436.364104, 7219605.509057999588549 ], [ 1785264.779191, 7219556.307358000427485 ], [ 1785067.011284, 7219486.459153999574482 ], [ 1784974.097853, 7219447.327564000152051 ], [ 1784839.376982, 7219414.9902109997347 ], [ 1784740.743366, 7219381.779252000153065 ], [ 1784550.799448, 7219315.96602899953723 ], [ 1784488.745705999899656, 7219293.363947000354528 ], [ 1784369.982019, 7219270.152072999626398 ], [ 1784173.673704, 7219208.002337999641895 ], [ 1783965.00964, 7219146.524782000109553 ], [ 1783938.845216, 7219138.806653000414371 ], [ 1783801.699686999898404, 7219135.374378999695182 ], [ 1783692.869654, 7219110.056377000175416 ], [ 1783558.414815, 7219084.714987000450492 ], [ 1783467.272259, 7219065.626778 ], [ 1783377.016314999898896, 7219032.175903 ], [ 1783259.491841, 7219005.539920000359416 ], [ 1783067.002098, 7218964.318771 ], [ 1782913.707919, 7218918.674925000406802 ], [ 1782749.762235, 7218888.968670999631286 ], [ 1782539.371264, 7218846.280903999693692 ], [ 1782453.99885, 7218818.195020999759436 ], [ 1782378.007971, 7218803.431548000313342 ], [ 1782314.399837, 7218782.49687600042671 ], [ 1782217.515465, 7218759.214069999754429 ], [ 1782155.898273, 7218743.677349999547005 ], [ 1782101.585325999883935, 7218730.004671 ], [ 1782004.648389, 7218698.159017999656498 ], [ 1781883.835688, 7218675.043603000231087 ], [ 1781773.427164, 7218630.323959999717772 ], [ 1781597.024085, 7218600.772727999836206 ], [ 1781538.573113, 7218566.215679000131786 ], [ 1781322.758161, 7218532.665823999792337 ], [ 1781264.712043, 7218516.934918000362813 ], [ 1781197.865175, 7218520.264930999837816 ], [ 1781118.945357, 7218508.185375000350177 ], [ 1781006.115457, 7218477.803852999582887 ], [ 1780869.270011000102386, 7218441.443509000353515 ], [ 1780761.94749, 7218432.022814 ], [ 1780644.463140999898314, 7218415.450710999779403 ], [ 1780527.902492, 7218395.285509999841452 ], [ 1780487.741405, 7218392.753746000118554 ], [ 1780411.65955, 7218387.972046 ], [ 1780321.049769, 7218369.201236000284553 ], [ 1780234.838200000114739, 7218353.41476 ], [ 1780131.228942, 7218358.948609 ], [ 1780027.154297, 7218336.347532000392675 ], [ 1779966.537724, 7218323.18741299957037 ], [ 1779883.630822, 7218302.985343 ], [ 1779883.624061, 7218302.983512000180781 ], [ 1779876.141398, 7218301.147436000406742 ], [ 1779875.5784, 7218301.009203 ], [ 1779720.539502, 7218262.967576 ], [ 1779582.193177, 7218253.739427000284195 ], [ 1779580.91217, 7218253.654056999832392 ], [ 1779550.21376, 7218251.606919 ], [ 1779484.064407, 7218232.534450000151992 ], [ 1779438.255482, 7218219.324513000436127 ], [ 1779368.446037, 7218191.435924000106752 ], [ 1779338.999434999888763, 7218187.307223999872804 ], [ 1779307.244161, 7218182.854263000190258 ], [ 1779253.937622, 7218165.898086999543011 ], [ 1779206.528224, 7218150.803352000191808 ], [ 1779191.098094, 7218145.892365000210702 ], [ 1779191.090004000114277, 7218145.889619000256062 ], [ 1779076.665098, 7218107.935186999849975 ], [ 1779045.461542, 7218107.84283799957484 ], [ 1779045.264077, 7218107.842251 ], [ 1779017.902973, 7218107.761060999706388 ], [ 1778968.402451, 7218096.198583000339568 ], [ 1778968.126325, 7218096.134122 ], [ 1778943.683906000107527, 7218090.422620999626815 ], [ 1778943.672944, 7218090.419064999558032 ], [ 1778851.915555, 7218057.069821 ], [ 1778851.906165, 7218057.06547600030899 ], [ 1778845.091971, 7218053.557244 ], [ 1778845.015515, 7218053.517800999805331 ], [ 1778827.406815000111237, 7218044.447360999882221 ], [ 1778783.457804, 7218042.028124 ], [ 1778664.98559, 7218012.566429999656975 ], [ 1778611.05909000011161, 7217996.482897000387311 ], [ 1778610.90748, 7217996.437653999775648 ], [ 1778555.780484, 7217979.995610999874771 ], [ 1778485.052453, 7217956.869258999824524 ], [ 1778457.045126, 7217950.653365000151098 ], [ 1778359.551249, 7217929.009123000316322 ], [ 1778289.774476000107825, 7217911.553787999786437 ], [ 1778237.14632899989374, 7217905.308388999663293 ], [ 1778212.510934, 7217902.384820999577641 ], [ 1778185.559872, 7217899.969974 ], [ 1778185.526829, 7217899.967011 ], [ 1778134.714363999897614, 7217895.41389000043273 ], [ 1778087.682978, 7217887.197129 ], [ 1778018.475414, 7217888.921508999541402 ], [ 1777888.693342, 7217873.831625999882817 ], [ 1777774.426929, 7217849.212585999630392 ], [ 1777669.797178, 7217819.76843100041151 ], [ 1777605.140081, 7217826.016961 ], [ 1777605.130226, 7217826.015509 ], [ 1777535.24048, 7217805.132233999669552 ], [ 1777484.90044, 7217797.032757 ], [ 1777460.245235, 7217793.065752999857068 ], [ 1777406.524201999884099, 7217779.494966000318527 ], [ 1777371.737518, 7217770.705685 ], [ 1777294.641949, 7217751.254665000364184 ], [ 1777226.578396, 7217733.289249000139534 ], [ 1777226.570077, 7217733.287862 ], [ 1776975.760139, 7217701.846200999803841 ], [ 1776975.750768, 7217701.845452999696136 ], [ 1776882.014728, 7217698.76305599976331 ], [ 1776735.668465999886394, 7217672.619506999850273 ], [ 1776735.656586, 7217672.617452000267804 ], [ 1776427.759158999891952, 7217620.280275999568403 ], [ 1776213.377291, 7217585.599552 ], [ 1776087.339202, 7217571.388297 ], [ 1775955.027473000111058, 7217555.722707999870181 ], [ 1775955.013353, 7217555.721068999730051 ], [ 1775807.68529, 7217538.282526000402868 ], [ 1775528.48964, 7217508.60175000037998 ], [ 1775398.722714, 7217493.813608 ], [ 1775324.877361, 7217479.345669000409544 ], [ 1775284.260414, 7217471.385776 ], [ 1775070.123776, 7217421.094013 ], [ 1774997.374256, 7217407.424494000151753 ], [ 1774996.348367, 7217407.231726 ], [ 1774909.667008, 7217390.943373000249267 ], [ 1774830.714126, 7217379.06451 ], [ 1774715.029565, 7217361.657893000170588 ], [ 1774558.42089, 7217336.68773700017482 ], [ 1774362.366205, 7217299.65728 ], [ 1774322.314929000101984, 7217299.886780000291765 ], [ 1774288.059137, 7217300.083045000210404 ], [ 1774128.093761, 7217271.297708 ], [ 1774128.087128000101075, 7217271.296906 ], [ 1773978.130903, 7217258.39780000038445 ], [ 1773806.23750999988988, 7217239.881153999827802 ], [ 1773806.229668, 7217239.880641000345349 ], [ 1773625.075187, 7217234.561656 ], [ 1773580.718546, 7217224.339296 ], [ 1773580.129124, 7217224.203414999879897 ], [ 1773520.060174, 7217210.359454999677837 ], [ 1773474.870952, 7217212.12408799957484 ], [ 1773400.0715, 7217215.044454 ], [ 1773342.455523, 7217209.896735000424087 ], [ 1773337.638971, 7217209.467276000417769 ], [ 1773254.076611999887973, 7217222.742979000322521 ], [ 1773166.533277, 7217194.520444000139832 ], [ 1773120.946332, 7217202.663685999810696 ], [ 1773094.933946, 7217207.310305000282824 ], [ 1773007.411116, 7217189.700970999896526 ], [ 1772923.823869, 7217182.429881 ], [ 1772923.816049, 7217182.428853999823332 ], [ 1772833.513438000110909, 7217167.695736000314355 ], [ 1772725.349276, 7217170.315645 ], [ 1772602.417799, 7217166.55279800016433 ], [ 1772510.179881, 7217143.574508000165224 ], [ 1772427.400258, 7217150.341977999545634 ], [ 1772286.974736, 7217129.3593929996714 ], [ 1772184.0989, 7217132.570092 ], [ 1772160.167988, 7217124.375060999765992 ], [ 1772159.579066, 7217124.173464000225067 ], [ 1772127.520455, 7217113.19469999987632 ], [ 1772055.9785, 7217122.551071000285447 ], [ 1771918.123364000115544, 7217100.723918000236154 ], [ 1771802.536515, 7217085.418022000230849 ], [ 1771710.022159, 7217081.432919999584556 ], [ 1771710.015705, 7217081.431951999664307 ], [ 1771587.931185000110418, 7217044.949741999618709 ], [ 1771428.433465, 7217031.869428000412881 ], [ 1771266.616942999884486, 7217001.799154999665916 ], [ 1771139.488707, 7216994.355003000237048 ], [ 1771011.268909, 7216979.010870000347495 ], [ 1770898.521939999889582, 7216958.249056999571621 ], [ 1770898.513973, 7216958.247507000342011 ], [ 1770795.684499, 7216936.447832000441849 ], [ 1770719.651383, 7216937.837504000402987 ], [ 1770530.981467, 7216921.70942800026387 ], [ 1770433.805884, 7216909.758008000440896 ], [ 1770354.676332, 7216900.040467999875546 ], [ 1770345.271741, 7216898.889095 ], [ 1770345.213757, 7216898.881915999576449 ], [ 1770331.515854999888688, 7216897.204877000302076 ], [ 1770125.789483, 7216879.779586999677122 ], [ 1770019.102379, 7216853.274791000410914 ], [ 1769995.647205, 7216851.239011 ], [ 1769995.495967, 7216851.225838 ], [ 1769908.568234999896958, 7216843.680293999612331 ], [ 1769814.573349, 7216836.029832 ], [ 1769699.318661999888718, 7216833.887582999654114 ], [ 1769618.663052000105381, 7216824.918232000432909 ], [ 1769501.974103, 7216805.27978799957782 ], [ 1769393.033253999892622, 7216791.926226999610662 ], [ 1769276.966359, 7216780.089774999767542 ], [ 1769212.265662, 7216773.490914000198245 ], [ 1768900.124322, 7216735.352293999865651 ], [ 1768900.113106, 7216735.350770000368357 ], [ 1768806.622521, 7216717.788413000293076 ], [ 1768712.652164, 7216709.116246 ], [ 1768712.646875, 7216709.116011999547482 ], [ 1768664.584687, 7216708.351746999658644 ], [ 1768624.359151, 7216707.712720000185072 ], [ 1768537.623474, 7216705.314345999620855 ], [ 1768462.522353, 7216691.109416999854147 ], [ 1768376.594932, 7216672.479574999772012 ], [ 1768330.440878999885172, 7216662.472627 ], [ 1768204.256189, 7216648.99465399980545 ], [ 1768018.088673, 7216647.752909 ], [ 1767910.027394, 7216622.40117899980396 ], [ 1767818.136279, 7216612.61682999972254 ], [ 1767817.483035, 7216612.547262 ], [ 1767764.586978999897838, 7216606.914384 ], [ 1767553.017442, 7216581.448645000346005 ], [ 1767307.980772, 7216556.30810199957341 ], [ 1767243.34594, 7216547.172500999644399 ], [ 1767242.830304, 7216547.099572 ], [ 1767096.153922, 7216526.36595300026238 ], [ 1767009.50603700010106, 7216507.345476999878883 ], [ 1766956.124349, 7216500.891393000259995 ], [ 1766956.052589, 7216500.882720000110567 ], [ 1766928.608044000109658, 7216497.564388000406325 ], [ 1766830.179162, 7216485.63733599986881 ], [ 1766713.415007, 7216463.886529999785125 ], [ 1766693.430981, 7216460.164392 ], [ 1766569.456252, 7216416.215839999727905 ], [ 1766318.410419, 7216403.100741 ], [ 1766136.928991, 7216355.660123 ], [ 1765999.332083000103012, 7216339.828652 ], [ 1765930.994702, 7216331.965122999623418 ], [ 1765839.538592, 7216283.756172999739647 ], [ 1765740.412146, 7216263.726297999732196 ], [ 1765740.099036, 7216263.662987999618053 ], [ 1765689.385396, 7216253.415086000226438 ], [ 1765602.65893, 7216240.447685999795794 ], [ 1765500.59743, 7216225.183377999812365 ], [ 1765356.645990000106394, 7216201.969192000105977 ], [ 1765321.11345799989067, 7216206.5785499997437 ], [ 1765255.992605, 7216190.05237300042063 ], [ 1765255.825761, 7216190.009968000464141 ], [ 1765223.097411, 7216181.704062 ], [ 1765171.053429, 7216163.903146999888122 ], [ 1765171.041991, 7216163.902807 ], [ 1765054.595267, 7216145.891807000152767 ], [ 1765007.355492, 7216147.047659000381827 ], [ 1764965.239562, 7216141.037697000429034 ], [ 1764779.458899, 7216085.660524000413716 ], [ 1764779.451794000109658, 7216085.658835000358522 ], [ 1764752.398137, 7216081.777331000193954 ], [ 1764659.296263, 7216054.638930999673903 ], [ 1764566.195054, 7216027.499532000161707 ], [ 1764566.187942000105977, 7216027.498014000244439 ], [ 1764528.346301, 7216020.405826999805868 ], [ 1764399.487264999886975, 7215996.305007999762893 ], [ 1764225.207493, 7215948.137106999754906 ], [ 1764225.200078, 7215948.134719000197947 ], [ 1764194.583963, 7215937.507708 ], [ 1763754.202207, 7215784.642013000324368 ], [ 1763734.486046, 7215775.173839 ], [ 1763703.871185, 7215769.54836400039494 ], [ 1763693.586682, 7215764.801954000256956 ], [ 1763693.449843, 7215764.738761000335217 ], [ 1763674.027558, 7215755.770402999594808 ], [ 1763644.877355, 7215744.580817 ], [ 1763633.081844, 7215740.051318 ], [ 1763483.920923, 7215702.676343999803066 ], [ 1763170.3022, 7215605.90051699988544 ], [ 1763146.936454, 7215596.060486 ], [ 1763146.865151, 7215596.030384000390768 ], [ 1763138.999961, 7215592.71813500020653 ], [ 1762941.249647000106052, 7215537.838677999563515 ], [ 1762839.904951999895275, 7215513.350680000148714 ], [ 1762790.10344, 7215498.952333999797702 ], [ 1762790.09653, 7215498.950137999840081 ], [ 1762731.714257, 7215478.573687000200152 ], [ 1762677.935966, 7215460.521758999675512 ], [ 1762677.926696, 7215460.515002000145614 ], [ 1762612.241508, 7215418.01679699961096 ], [ 1762477.669764, 7215377.046586000360548 ], [ 1762418.612570000113919, 7215350.723624999634922 ], [ 1762418.602154, 7215350.719557999633253 ], [ 1762301.533313999883831, 7215307.024341000244021 ], [ 1762282.494009, 7215302.082886000163853 ], [ 1762277.114076, 7215300.686555 ], [ 1762237.463519, 7215284.67166499979794 ], [ 1762174.708541, 7215266.188556999899447 ], [ 1762081.372079000109807, 7215238.697453999891877 ], [ 1761989.37987899989821, 7215198.321952000260353 ], [ 1761915.904465, 7215166.072360999882221 ], [ 1761915.896446, 7215166.068230000324547 ], [ 1761905.497259, 7215158.101609 ], [ 1761733.236236, 7215089.767601000145078 ], [ 1761733.229342, 7215089.765063 ], [ 1761429.740006, 7214982.748114 ], [ 1761423.645930000115186, 7214981.91537499986589 ], [ 1761391.122547, 7214977.466702000238001 ], [ 1761354.469486, 7214966.714964999817312 ], [ 1761343.152985, 7214963.393853000365198 ], [ 1761329.081214, 7214958.017881999723613 ], [ 1761238.688255, 7214923.472795999608934 ], [ 1761139.741899, 7214867.381706999614835 ], [ 1761102.329626, 7214852.611650999635458 ], [ 1761102.290667, 7214852.596186 ], [ 1761056.878296, 7214834.667545 ], [ 1761015.185018, 7214815.338344999589026 ], [ 1761014.962164, 7214815.2350770002231 ], [ 1760984.643359, 7214801.178802999667823 ], [ 1760946.988018, 7214790.202070999890566 ], [ 1760900.38589, 7214770.548535999841988 ], [ 1760819.467029, 7214722.563426 ], [ 1760819.456862, 7214722.557655000127852 ], [ 1760647.086559, 7214634.839378000237048 ], [ 1760595.878112, 7214616.57417 ], [ 1760531.322812, 7214588.364374999888241 ], [ 1760460.499272, 7214565.930406999774277 ], [ 1760460.491874, 7214565.927674000151455 ], [ 1760426.399004, 7214549.281947 ], [ 1760398.24065800011158, 7214535.527544000186026 ], [ 1760398.213061, 7214535.514131000265479 ], [ 1760323.914043, 7214499.22834 ], [ 1760284.592326000100002, 7214486.997116999700665 ], [ 1760284.544625, 7214486.982280000112951 ], [ 1760256.969827, 7214478.404845000244677 ], [ 1760144.703347, 7214422.971568999812007 ], [ 1760094.007129, 7214397.936560000292957 ], [ 1760009.053562, 7214368.163861 ], [ 1759955.29013, 7214354.888806000351906 ], [ 1759940.528247, 7214341.120481999590993 ], [ 1759903.708925, 7214306.780094999819994 ], [ 1759807.98668, 7214256.389074999839067 ], [ 1759807.976647, 7214256.384166000410914 ], [ 1759609.132457, 7214164.314078000374138 ], [ 1759533.380115, 7214131.197273000143468 ], [ 1759523.262718, 7214125.951247000135481 ], [ 1759483.816445, 7214105.497929999604821 ], [ 1759358.43945, 7214035.097106999717653 ], [ 1759283.007835, 7213986.522819000296295 ], [ 1759221.152508, 7213959.079341 ], [ 1759221.145965, 7213959.076646000146866 ], [ 1759103.968715, 7213921.349999999627471 ], [ 1759017.090478, 7213864.060893000103533 ], [ 1758904.977051999885589, 7213811.090811000205576 ], [ 1758880.675944, 7213808.868683 ], [ 1758828.638431, 7213789.853439000435174 ], [ 1758828.631562, 7213789.850386000238359 ], [ 1758823.062301999889314, 7213787.246458999812603 ], [ 1758821.807603, 7213786.659761000424623 ], [ 1758712.065198, 7213735.340099999681115 ], [ 1758684.49989499989897, 7213714.625319000333548 ], [ 1758655.963251, 7213704.646009 ], [ 1758635.841037, 7213691.38167 ], [ 1758599.566892, 7213667.470018000341952 ], [ 1758471.991314, 7213600.659303000196815 ], [ 1758430.141416, 7213582.475013 ], [ 1758391.43115, 7213565.654774 ], [ 1758365.878174, 7213559.870346000418067 ], [ 1758249.705321, 7213483.482041999697685 ], [ 1758246.023742000106722, 7213478.821963000111282 ], [ 1758240.942847, 7213472.390743000432849 ], [ 1758208.173412, 7213450.174654999747872 ], [ 1758197.463187, 7213445.298401 ], [ 1758197.254054, 7213445.203231000341475 ], [ 1758157.675835999893025, 7213427.183117000386119 ], [ 1758020.666765, 7213347.473826999776065 ], [ 1757980.46987, 7213324.087546999566257 ], [ 1757970.406382, 7213317.841465 ], [ 1757954.340999, 7213307.870229000225663 ], [ 1757948.161058, 7213303.801586999557912 ], [ 1757906.480992, 7213276.361292 ], [ 1757860.340675000101328, 7213245.944930999539793 ], [ 1757781.532625, 7213186.894085999578238 ], [ 1757702.703046, 7213139.597321 ], [ 1757670.273895000107586, 7213115.494145000353456 ], [ 1757616.216175, 7213088.245526 ], [ 1757600.697494, 7213080.412041 ], [ 1757528.048772, 7213060.64236200042069 ], [ 1757474.960622, 7213023.817924000322819 ], [ 1757391.381978, 7212975.870721999555826 ], [ 1757186.987001, 7212895.838960000313818 ], [ 1757055.6648250001017, 7212824.502624999731779 ], [ 1756982.474041, 7212795.513038 ], [ 1756949.443757, 7212792.355728000402451 ], [ 1756855.330737, 7212743.665842999704182 ], [ 1756785.89595, 7212713.058988999575377 ], [ 1756695.261557, 7212687.083486 ], [ 1756547.708721, 7212598.161977999843657 ], [ 1756499.272429999895394, 7212555.24233299959451 ], [ 1756446.550791, 7212546.347011 ], [ 1756309.841255, 7212485.325848000124097 ], [ 1756198.287322, 7212440.911165 ], [ 1756084.112929, 7212381.520395999774337 ], [ 1755875.017578, 7212296.687903 ], [ 1755811.670393999898806, 7212260.15669700037688 ], [ 1755697.053365, 7212228.549065000377595 ], [ 1755650.874250000109896, 7212199.475786999799311 ], [ 1755485.253842, 7212114.022149000316858 ], [ 1755441.694224, 7212107.552384000271559 ], [ 1755386.319245, 7212066.107220999896526 ], [ 1755320.307402, 7212049.446453000418842 ], [ 1755243.08307, 7212002.93561299983412 ], [ 1755116.710574, 7211936.482029999606311 ], [ 1755075.722405999898911, 7211923.054007000289857 ], [ 1754960.022438, 7211863.154206000268459 ], [ 1754734.518001, 7211767.304689000360668 ], [ 1754697.423672, 7211761.890065000392497 ], [ 1754575.392235, 7211706.31385700032115 ], [ 1754526.398414, 7211695.741376999765635 ], [ 1754443.278115999884903, 7211658.867869 ], [ 1754399.446184, 7211634.673522000201046 ], [ 1754321.27015, 7211600.38022300042212 ], [ 1754275.457464, 7211576.018632000312209 ], [ 1754201.54009, 7211537.692653000354767 ], [ 1754101.036284, 7211496.436134000308812 ], [ 1754007.368611, 7211460.750140000134706 ], [ 1753950.079511, 7211445.097338000312448 ], [ 1753880.786476, 7211417.633051999844611 ], [ 1753691.600927, 7211356.384904 ], [ 1753565.130737, 7211309.019787999801338 ], [ 1753487.323062, 7211283.063155 ], [ 1753438.885675, 7211276.29279899969697 ], [ 1753414.690392, 7211257.426870999857783 ], [ 1753365.933517, 7211241.439744000323117 ], [ 1753303.200583, 7211228.748599000275135 ], [ 1753172.769051, 7211179.16227800026536 ], [ 1753119.51609, 7211151.042720999568701 ], [ 1753038.089053, 7211129.499522999860346 ], [ 1753025.668901, 7211123.405039000324905 ], [ 1752910.219142, 7211066.831129999831319 ], [ 1752851.928137, 7211047.914769999682903 ], [ 1752779.011986, 7211019.265870999544859 ], [ 1752720.703668, 7210993.78050300013274 ], [ 1752688.941711, 7210975.660164999775589 ], [ 1752523.959532999899238, 7210903.201516999863088 ], [ 1752399.578712, 7210853.540574000217021 ], [ 1752346.263829, 7210836.963216999545693 ], [ 1752264.654981000116095, 7210818.732923000119627 ], [ 1752134.761805, 7210780.192865000106394 ], [ 1752004.003184, 7210737.093070999719203 ], [ 1751822.839982, 7210643.513992000371218 ], [ 1751754.110986, 7210616.387055000290275 ], [ 1751721.835595, 7210597.755873000249267 ], [ 1751684.872, 7210600.895685999654233 ], [ 1751625.177909, 7210562.931974999606609 ], [ 1751494.877138, 7210537.026700000278652 ], [ 1751426.2179, 7210516.447187 ], [ 1751368.810011, 7210473.292934999801219 ], [ 1751315.730493, 7210450.960093 ], [ 1751295.809912, 7210445.38601899985224 ], [ 1751184.258092, 7210427.011927000246942 ], [ 1751090.238418, 7210386.100207 ], [ 1751012.000223, 7210364.693198 ], [ 1750947.64422, 7210332.537746000103652 ], [ 1750906.802689, 7210320.235219 ], [ 1750879.64033, 7210320.584440000355244 ], [ 1750744.144354, 7210268.382053 ], [ 1750629.567452, 7210247.500455000437796 ], [ 1750586.053603, 7210229.100860999897122 ], [ 1750517.082506, 7210192.560323 ], [ 1750431.036195, 7210153.167573999613523 ], [ 1750328.248073, 7210128.466466999612749 ], [ 1750259.030685999896377, 7210097.690255000256002 ], [ 1750166.176023, 7210056.380922 ], [ 1750155.235327, 7210052.747556 ], [ 1750115.564839999889955, 7210039.557187000289559 ], [ 1750079.926108000101522, 7210031.849530000239611 ], [ 1750066.700574, 7210021.671813 ], [ 1750019.903136, 7209992.2379210004583 ], [ 1749995.430225, 7209978.412646000273526 ], [ 1749893.935145, 7209921.095657999627292 ], [ 1749804.155981, 7209874.774996999651194 ], [ 1749711.657945000100881, 7209852.988722999580204 ], [ 1749680.836487000109628, 7209845.709286999888718 ], [ 1749630.67852, 7209819.488866999745369 ], [ 1749590.607191, 7209798.535880000330508 ], [ 1749563.252093000104651, 7209791.460152000188828 ], [ 1749489.877445, 7209772.504262000322342 ], [ 1749470.703164, 7209767.876075999811292 ], [ 1749364.158768, 7209723.551357000134885 ], [ 1749258.519123, 7209701.141127999871969 ], [ 1749196.692438000114635, 7209674.899941000156105 ], [ 1749076.757873999886215, 7209637.479675999842584 ], [ 1748979.264954, 7209615.650614 ], [ 1748961.895870999898762, 7209607.223574999719858 ], [ 1748935.045064, 7209594.18934 ], [ 1748905.47257, 7209580.258959 ], [ 1748839.674244999885559, 7209555.902379999868572 ], [ 1748776.317878, 7209545.32173200044781 ], [ 1748717.395083, 7209529.343341000378132 ], [ 1748701.654957, 7209525.072367000393569 ], [ 1748683.306479, 7209515.902188999578357 ], [ 1748609.46722, 7209479.003774000331759 ], [ 1748578.156473, 7209472.016022000461817 ], [ 1748546.041957, 7209464.847939999774098 ], [ 1748389.816372, 7209413.109485999681056 ], [ 1748353.530925, 7209396.559616999700665 ], [ 1748200.211266, 7209341.65926199965179 ], [ 1748054.735786, 7209289.568056999705732 ], [ 1748042.274165, 7209280.321014000102878 ], [ 1747879.212207, 7209249.077452999539673 ], [ 1747487.208273, 7209140.650713999755681 ], [ 1747358.939739, 7209121.552876999601722 ], [ 1747337.261056, 7209115.269001999869943 ], [ 1747070.138224999886006, 7209037.771029000170529 ], [ 1747063.373978, 7209035.221297999843955 ], [ 1747001.075995, 7209011.825539999641478 ], [ 1746947.752556, 7209002.380510999821126 ], [ 1746855.410615, 7208985.982396 ], [ 1746769.167851, 7208947.686327000148594 ], [ 1746745.805465, 7208938.339214 ], [ 1746699.91980900010094, 7208919.996000000275671 ], [ 1746654.127186999889091, 7208905.892314 ], [ 1746606.725767999887466, 7208891.274136000312865 ], [ 1746466.506876, 7208828.639773 ], [ 1746360.876195, 7208806.825675999745727 ], [ 1746244.193913, 7208757.176547000184655 ], [ 1746211.507062, 7208743.250776999630034 ], [ 1746100.012471, 7208711.162301000207663 ], [ 1745838.774793, 7208655.645008999854326 ], [ 1745737.38944, 7208604.798004999756813 ], [ 1745717.716984, 7208601.055467000231147 ], [ 1745569.737454, 7208549.751110999844968 ], [ 1745479.742549, 7208505.084024 ], [ 1745474.000082, 7208502.232376 ], [ 1745428.337772999890149, 7208476.339832999743521 ], [ 1745348.29942, 7208455.753844000399113 ], [ 1745316.91708999988623, 7208447.694538 ], [ 1745256.636322, 7208423.703007999807596 ], [ 1745223.695465999888256, 7208406.065569999627769 ], [ 1745197.914621, 7208387.880417999811471 ], [ 1745065.585579, 7208343.650472999550402 ], [ 1744938.260539, 7208305.201364999637008 ], [ 1744877.382374, 7208286.308416999876499 ], [ 1744823.567741, 7208278.239702999591827 ], [ 1744757.900633, 7208272.352757999673486 ], [ 1744716.173875, 7208249.120732 ], [ 1744620.120047, 7208246.412519999779761 ], [ 1744546.10807599988766, 7208231.198931000195444 ], [ 1744512.998887, 7208222.554581999778748 ], [ 1744471.181518, 7208213.052547999657691 ], [ 1744419.441048, 7208207.731315 ], [ 1744368.872630000114441, 7208198.277733 ], [ 1744302.626884, 7208181.603275000117719 ], [ 1744247.202620000112802, 7208158.293873 ], [ 1744194.054077999899164, 7208132.072898999787867 ], [ 1744178.03496, 7208121.179211 ], [ 1744113.2623, 7208099.599205000326037 ], [ 1743924.888168, 7208046.307167000137269 ], [ 1743919.449502999894321, 7208044.836799000389874 ], [ 1743842.177374, 7208025.441665000282228 ], [ 1743786.643086999887601, 7208011.962128000333905 ], [ 1743759.928777, 7208002.878265 ], [ 1743653.035666, 7207973.6042590001598 ], [ 1743628.339253, 7207966.826541 ], [ 1743579.460056, 7207951.675729 ], [ 1743529.861833, 7207938.053047000430524 ], [ 1743517.827586, 7207933.566681999713182 ], [ 1743447.071002, 7207917.509325999766588 ], [ 1743398.025443, 7207906.377167000435293 ], [ 1743363.167287, 7207901.967834999784827 ], [ 1743296.830421, 7207886.004451000131667 ], [ 1743263.400829, 7207879.273183999583125 ], [ 1743250.100968, 7207876.251733999699354 ], [ 1743241.399116, 7207876.042577999643981 ], [ 1743238.099568, 7207875.269798999652267 ], [ 1743229.774567000102252, 7207873.398594999685884 ], [ 1743221.133191, 7207870.538556000217795 ], [ 1743219.655103000113741, 7207869.355615000240505 ], [ 1743128.705916, 7207859.178026 ], [ 1743079.245894, 7207845.585709 ], [ 1743029.460469, 7207833.671593000181019 ], [ 1742996.047745000105351, 7207826.870694999583066 ], [ 1742963.30315, 7207816.695186000317335 ], [ 1742913.680732, 7207803.941141 ], [ 1742866.280536, 7207791.64478399977088 ], [ 1742846.09402, 7207787.284825 ], [ 1742845.170818000100553, 7207787.071002 ], [ 1742731.235258, 7207764.758467 ], [ 1742730.7226, 7207764.660505999810994 ], [ 1742630.699204, 7207752.527114000171423 ], [ 1742598.227262, 7207733.012298 ], [ 1742597.543835, 7207732.881734999828041 ], [ 1742504.365767, 7207732.32685500010848 ], [ 1742461.331032, 7207717.918844999745488 ], [ 1742460.818802, 7207717.855291999876499 ], [ 1742331.281973, 7207684.961330999620259 ], [ 1742328.616631, 7207684.507113000378013 ], [ 1742296.596074, 7207682.409488 ], [ 1742210.440823, 7207683.068384000100195 ], [ 1742208.253967, 7207682.712376000359654 ], [ 1742207.758402, 7207682.61433899961412 ], [ 1742159.671853, 7207673.39788500033319 ], [ 1742095.105589, 7207656.570740000344813 ], [ 1742061.241299000103027, 7207652.454628 ], [ 1742001.966354, 7207645.255153999663889 ], [ 1741972.445312999887392, 7207640.397467999719083 ], [ 1741969.918358, 7207640.130132 ], [ 1741925.814089, 7207635.440696000121534 ], [ 1741900.656016, 7207630.149438999593258 ], [ 1741859.93259, 7207625.804623999632895 ], [ 1741824.409044, 7207621.138448 ], [ 1741781.74569, 7207619.170656999573112 ], [ 1741743.299107, 7207617.55704400036484 ], [ 1741741.301983, 7207617.42151299957186 ], [ 1741682.894938, 7207604.330280000343919 ], [ 1741627.877792, 7207592.575241000391543 ], [ 1741624.68369200010784, 7207592.108772000297904 ], [ 1741491.062226, 7207585.859404000453651 ], [ 1741479.754309, 7207584.167541 ], [ 1741437.000892, 7207576.009389 ], [ 1741386.62928, 7207566.706550000235438 ], [ 1741353.061856, 7207565.115011 ], [ 1741282.643823, 7207534.742339000105858 ], [ 1741280.197288, 7207533.94405800011009 ], [ 1741221.805567, 7207520.507372000254691 ], [ 1741218.726061, 7207519.509592999704182 ], [ 1741199.576088, 7207508.87849 ], [ 1741095.947067, 7207472.788456000387669 ], [ 1741026.344392, 7207451.279786 ], [ 1740968.708878, 7207432.688325 ], [ 1740961.575085, 7207430.393755 ], [ 1740881.304546, 7207402.347203999757767 ], [ 1740833.954944999888539, 7207395.048231 ], [ 1740704.082910999888554, 7207350.095572999678552 ], [ 1740635.030427, 7207332.613703000359237 ], [ 1740571.039962, 7207318.436648 ], [ 1740502.822011, 7207304.570708000101149 ], [ 1740430.418087, 7207287.972407000139356 ], [ 1740403.230119, 7207280.540583999827504 ], [ 1740337.427777, 7207262.035526 ], [ 1740303.888776999898255, 7207253.9424860002473 ], [ 1740298.264728, 7207252.574168000370264 ], [ 1740270.836546, 7207246.853695999830961 ], [ 1740237.22812100010924, 7207240.504979999735951 ], [ 1740180.389002, 7207228.568849000148475 ], [ 1740171.97081, 7207225.652467999607325 ], [ 1740145.51696, 7207220.145235000178218 ], [ 1740128.721545, 7207216.996129999868572 ], [ 1740117.097537, 7207214.176734000444412 ], [ 1740075.50566, 7207198.17096299957484 ], [ 1740038.06985, 7207183.392904999665916 ], [ 1739954.867404, 7207154.919502999633551 ], [ 1739883.661928, 7207130.885816000401974 ], [ 1739825.557978, 7207110.820584 ], [ 1739753.916915, 7207087.576104000210762 ], [ 1739671.535619, 7207061.075981000438333 ], [ 1739623.006306, 7207060.806944999843836 ], [ 1739568.735535, 7207051.664678 ], [ 1739491.420227, 7207023.117428 ], [ 1739424.786326, 7206996.902257 ], [ 1739360.958143, 7206971.567858999595046 ], [ 1739311.445169, 7206960.261757000349462 ], [ 1739234.947973999893293, 7206939.193045999854803 ], [ 1739197.498227, 7206924.445806000381708 ], [ 1739114.126574999885634, 7206901.299820000305772 ], [ 1739049.842268999898806, 7206882.087644999846816 ], [ 1738968.094616, 7206861.19967 ], [ 1738901.455969, 7206845.733950999565423 ], [ 1738835.639742, 7206828.72176199965179 ], [ 1738805.533024, 7206809.00173700042069 ], [ 1738712.996106, 7206784.872607000172138 ], [ 1738641.034961, 7206763.331350999884307 ], [ 1738585.031169, 7206748.710024000145495 ], [ 1738548.105625, 7206739.08415300026536 ], [ 1738466.827447, 7206713.007181 ], [ 1738384.241064, 7206697.249672000296414 ], [ 1738334.249945, 7206679.650740999728441 ], [ 1738293.131007000105456, 7206668.248254000209272 ], [ 1738221.478895, 7206648.632589999586344 ], [ 1738216.09209, 7206647.004192999564111 ], [ 1738128.166871, 7206613.374772000126541 ], [ 1738050.737791, 7206596.201271999627352 ], [ 1738048.19787, 7206596.360117999836802 ], [ 1738008.453801, 7206582.123437999747694 ], [ 1737956.417592, 7206562.52313799969852 ], [ 1737886.461487999884412, 7206547.522713 ], [ 1737841.770227999892086, 7206529.157131000421941 ], [ 1737792.165452, 7206516.50940699968487 ], [ 1737723.531679, 7206496.538637000136077 ], [ 1737626.799076, 7206461.698288000188768 ], [ 1737560.446255, 7206445.05704199988395 ], [ 1737411.528189, 7206408.562157000415027 ], [ 1737380.051974, 7206393.601843000389636 ], [ 1737344.437746, 7206377.394929000176489 ], [ 1737268.721527, 7206360.592745999805629 ], [ 1737182.796295, 7206322.663041999563575 ], [ 1737074.62771, 7206290.222676999866962 ], [ 1736985.858733, 7206266.606503999792039 ], [ 1736873.131739, 7206235.433447999879718 ], [ 1736867.162033, 7206233.38192499987781 ], [ 1736771.516836, 7206195.223759000189602 ], [ 1736739.54558, 7206185.992146999575198 ], [ 1736674.305007, 7206181.351811000145972 ], [ 1736542.829206, 7206129.085900999605656 ], [ 1736493.164465, 7206128.978353999555111 ], [ 1736477.465714, 7206128.000644999556243 ], [ 1736440.21404, 7206115.445279999636114 ], [ 1736406.976247, 7206107.607776000164449 ], [ 1736374.363232, 7206097.012794 ], [ 1736330.749898, 7206088.425328000448644 ], [ 1736277.183976, 7206082.742625 ], [ 1736208.390609000110999, 7206051.000320999883115 ], [ 1736145.648408999899402, 7206022.881640000268817 ], [ 1736088.686778, 7206010.798933000303805 ], [ 1735983.009147, 7205971.33250099979341 ], [ 1735892.97127, 7205942.023384000174701 ], [ 1735886.51972, 7205941.428202000446618 ], [ 1735860.183687, 7205918.556225 ], [ 1735827.076276999898255, 7205907.809475 ], [ 1735809.277523, 7205902.472155 ], [ 1735805.604179, 7205919.033256 ], [ 1735805.59675, 7205919.066952999681234 ], [ 1735720.475175, 7205941.132771000266075 ], [ 1735652.582268000114709, 7205939.190170000307262 ], [ 1735573.267151, 7205927.530740999616683 ], [ 1735530.312066, 7205919.959316000342369 ], [ 1735496.646163, 7205909.660213000141084 ], [ 1735461.605402, 7205885.817239999771118 ], [ 1735433.44645, 7205848.669052000157535 ], [ 1735330.236247, 7205801.738227999769151 ], [ 1735306.650149999884889, 7205793.508086999878287 ], [ 1735296.684931, 7205772.309987000189722 ], [ 1735278.124021, 7205763.371263000182807 ], [ 1735202.502606, 7205762.908087000250816 ], [ 1735113.109495, 7205749.020797999575734 ], [ 1735036.374232, 7205725.249828999862075 ], [ 1734961.335967000108212, 7205725.138427999801934 ], [ 1734862.343258, 7205705.157294999808073 ], [ 1734792.588589, 7205700.522047 ], [ 1734687.17829, 7205673.60096799954772 ], [ 1734597.655661, 7205645.778022999875247 ], [ 1734497.764642, 7205632.466403 ], [ 1734462.634426, 7205624.226582 ], [ 1734321.34951200010255, 7205606.125745000317693 ], [ 1734278.923682, 7205604.508893 ], [ 1734177.406412, 7205602.846923000179231 ], [ 1734091.748176, 7205592.695171000435948 ], [ 1734061.755034, 7205589.026544 ], [ 1734038.093207, 7205585.921441 ], [ 1734007.604827, 7205582.171203999780118 ], [ 1733932.54596, 7205579.366444 ], [ 1733837.928596, 7205574.703691000118852 ], [ 1733782.925621999893337, 7205567.785472 ], [ 1733668.6807, 7205561.144003000110388 ], [ 1733666.545376, 7205561.008604999631643 ], [ 1733666.530906, 7205561.00772999972105 ], [ 1733666.524091, 7205562.216431999579072 ], [ 1733666.523901, 7205562.255610999651253 ], [ 1733658.457611, 7205562.252915999852121 ], [ 1733658.482758, 7205561.141624 ], [ 1733654.951926, 7205561.067858999595046 ], [ 1733600.918243, 7205560.088565000332892 ], [ 1733549.816099, 7205563.119306 ], [ 1733478.846194, 7205574.566719999536872 ], [ 1733404.351052, 7205584.538003999739885 ], [ 1733362.023916, 7205601.461120000109076 ], [ 1733321.234970000106841, 7205593.432931000366807 ], [ 1733294.133065, 7205597.20775 ], [ 1733262.218398000113666, 7205604.78175999969244 ], [ 1733260.213453, 7205605.703859999775887 ], [ 1733234.342138, 7205607.707836999557912 ], [ 1733126.685, 7205616.56007600016892 ], [ 1733071.257716, 7205616.220948999747634 ], [ 1733001.417482, 7205611.314016000367701 ], [ 1732969.026881, 7205610.617681999690831 ], [ 1732933.873353, 7205618.40451299957931 ], [ 1732795.983334, 7205634.144592000171542 ], [ 1732684.775302000110969, 7205619.123025 ], [ 1732606.220009, 7205624.811669000424445 ], [ 1732543.70142, 7205622.713832999579608 ], [ 1732481.014322, 7205646.615415000356734 ], [ 1732367.002062000101432, 7205673.558212 ], [ 1732314.874349, 7205700.109299000352621 ], [ 1732287.40341, 7205704.772428999654949 ], [ 1732209.790385, 7205702.518439999781549 ], [ 1732112.468804, 7205694.523178 ], [ 1732099.6292, 7205690.454308999702334 ], [ 1732075.695456, 7205687.396679 ], [ 1732073.056259, 7205681.45208500046283 ], [ 1732060.389933, 7205690.680475999601185 ], [ 1732018.683887, 7205693.814609000459313 ], [ 1731915.521105, 7205699.828266999684274 ], [ 1731843.187794, 7205705.340498000383377 ], [ 1731816.658724, 7205706.199919000267982 ], [ 1731745.936869, 7205708.450717999599874 ], [ 1731744.269576, 7205708.959586 ], [ 1731677.929695, 7205728.490806999616325 ], [ 1731643.714187, 7205725.649697000160813 ], [ 1731609.749455, 7205737.369889000430703 ], [ 1731538.811414999887347, 7205736.031025 ], [ 1731483.162797, 7205729.289589 ], [ 1731436.696209, 7205758.337260999716818 ], [ 1731380.353737, 7205761.036020999774337 ], [ 1731375.761249, 7205764.866762000136077 ], [ 1731375.22356, 7205772.340797999873757 ], [ 1731366.94774, 7205795.755366999655962 ], [ 1731364.276886, 7205803.160764999687672 ], [ 1731360.379183, 7205817.259325999766588 ], [ 1731357.022844, 7205828.601557999849319 ], [ 1731345.903748, 7205859.20072800014168 ], [ 1731342.743205, 7205867.225340000353754 ], [ 1731338.394144, 7205875.942892 ], [ 1731332.841132, 7205887.729910000227392 ], [ 1731329.44619, 7205896.303376000374556 ], [ 1731322.223859, 7205910.530582999810576 ], [ 1731314.517938, 7205926.180425999686122 ], [ 1731306.07846, 7205941.784791000187397 ], [ 1731302.667545, 7205948.341329 ], [ 1731297.518335, 7205957.236433000303805 ], [ 1731292.214545999886468, 7205965.99579 ], [ 1731286.691875, 7205975.132923999801278 ], [ 1731273.732188000110909, 7205992.841121000237763 ], [ 1731267.34229, 7206002.292805000208318 ], [ 1731254.040589, 7206019.901278999634087 ], [ 1731245.594711, 7206030.343488999642432 ], [ 1731221.921744, 7206060.836412999778986 ], [ 1731211.769029, 7206073.308996999636292 ], [ 1731195.290662, 7206092.549191 ], [ 1731191.708863, 7206096.884905000217259 ], [ 1731186.762494, 7206103.17361 ], [ 1731186.74392, 7206103.197344999760389 ], [ 1731190.722469, 7206114.755946000106633 ], [ 1731181.769712, 7206149.843922999687493 ], [ 1731179.166080999886617, 7206160.046133000403643 ], [ 1731179.154144, 7206160.094838 ], [ 1731170.105183, 7206171.960633000358939 ], [ 1731155.26423, 7206180.316124999895692 ], [ 1731144.913687, 7206182.738916999660432 ], [ 1731140.816124999895692, 7206182.172794999554753 ], [ 1731132.64295, 7206179.501491 ], [ 1731129.710653, 7206177.438968 ], [ 1731122.698926, 7206172.792895999737084 ], [ 1731119.613477, 7206170.782770000398159 ], [ 1731112.429666, 7206165.915699999779463 ], [ 1731109.831918, 7206163.047043999657035 ], [ 1731103.828861, 7206156.495741999708116 ], [ 1731102.529861, 7206151.753534999676049 ], [ 1731100.505727, 7206143.666737999767065 ], [ 1731099.543431, 7206140.546020999550819 ], [ 1731096.937074, 7206123.386802 ], [ 1731096.94215, 7206123.34922800026834 ], [ 1731097.235414, 7206121.180149000138044 ], [ 1731097.237272, 7206121.166547999717295 ], [ 1731097.45306, 7206119.570768999867141 ], [ 1731097.461406, 7206119.539687000215054 ], [ 1731132.402551, 7205975.451686000451446 ], [ 1731133.411218000110239, 7205971.290365999564528 ], [ 1731132.809741, 7205957.653904999606311 ], [ 1731132.820674, 7205957.636300000362098 ], [ 1731136.128349999897182, 7205952.363106999546289 ], [ 1731150.25421, 7205939.825480000115931 ], [ 1731169.920433, 7205913.860070000402629 ], [ 1731185.897512, 7205893.786847 ], [ 1731198.613454, 7205877.636413999833167 ], [ 1731206.795192, 7205863.931615999899805 ], [ 1731218.33411, 7205847.739140000194311 ], [ 1731228.01877, 7205834.347400999628007 ], [ 1731236.667716, 7205819.340075000189245 ], [ 1731245.48246, 7205803.73301300033927 ], [ 1731253.14765, 7205789.434144999831915 ], [ 1731262.106951, 7205770.50989199988544 ], [ 1731270.940424, 7205746.407464999705553 ], [ 1731285.647802, 7205705.729829999618232 ], [ 1731285.645842, 7205705.71399 ], [ 1731281.794717, 7205673.3173209996894 ], [ 1731281.792848, 7205673.306618999689817 ], [ 1731268.011038, 7205635.358769999817014 ], [ 1731245.230593, 7205578.925069999881089 ], [ 1731227.729045, 7205554.277293000370264 ], [ 1731201.280817, 7205528.246729999780655 ], [ 1731182.954642, 7205504.972834999673069 ], [ 1731122.478258, 7205449.55248299986124 ], [ 1731096.919401, 7205412.797910000197589 ], [ 1731058.980819, 7205378.327905000187457 ], [ 1731032.38553, 7205298.081287999637425 ], [ 1730990.627091, 7205294.270777000114322 ], [ 1730986.297658, 7205281.331338999792933 ], [ 1730945.745036, 7205252.676048000343144 ], [ 1730866.673049, 7205173.744811999611557 ], [ 1730791.787522, 7205115.547891999594867 ], [ 1730704.464473, 7205065.223871000111103 ], [ 1730670.22015, 7205038.364786 ], [ 1730631.500895, 7205014.941777000203729 ], [ 1730604.805497, 7204996.176803999580443 ], [ 1730568.254588, 7204997.383027999661863 ], [ 1730547.04883, 7204998.333344000391662 ], [ 1730535.147425, 7204987.418478 ], [ 1730505.466843, 7204972.898017000406981 ], [ 1730484.403866, 7204925.939470999874175 ], [ 1730450.267729, 7204861.99064000044018 ], [ 1730440.9803, 7204829.503327 ], [ 1730344.04283, 7204758.878823 ], [ 1730307.425651999888942, 7204715.766828999854624 ], [ 1730283.819856, 7204692.739067999646068 ], [ 1730243.384138, 7204658.595179 ], [ 1730212.175199, 7204651.33264399971813 ], [ 1730145.276203, 7204603.839007999747992 ], [ 1730126.19252, 7204581.152419 ], [ 1730118.1139789998997, 7204563.833193999715149 ], [ 1730034.174479, 7204493.038831000216305 ], [ 1730004.769386, 7204474.037544 ], [ 1729918.011864, 7204418.013483 ], [ 1729824.320447, 7204373.817265000194311 ], [ 1729668.757721999892965, 7204262.962047000415623 ], [ 1729644.602337, 7204245.714342 ], [ 1729601.745808, 7204217.68883700016886 ], [ 1729566.670625, 7204194.935832999646664 ], [ 1729514.606881000101566, 7204166.843186999671161 ], [ 1729482.579867, 7204150.287456000223756 ], [ 1729466.185448, 7204128.827658000402153 ], [ 1729413.310145, 7204085.753124999813735 ], [ 1729337.196311, 7204040.479384999722242 ], [ 1729299.751151, 7204019.794472999870777 ], [ 1729258.48199, 7203989.397370000369847 ], [ 1729233.289654, 7203965.560440000146627 ], [ 1729179.703841, 7203922.90068699978292 ], [ 1729134.221527, 7203898.943630999885499 ], [ 1729103.528693, 7203882.701671999879181 ], [ 1729089.765670000109822, 7203875.405975 ], [ 1729049.668806, 7203851.049042999744415 ], [ 1729006.934618, 7203822.849667999893427 ], [ 1728962.398248, 7203797.569043000228703 ], [ 1728920.540391, 7203767.910167000256479 ], [ 1728805.956773, 7203693.717952 ], [ 1728720.127841, 7203641.045703999698162 ], [ 1728674.870631, 7203617.1365240002051 ], [ 1728643.920718, 7203602.706495 ], [ 1728613.743847, 7203586.783911 ], [ 1728589.114604, 7203560.276073000393808 ], [ 1728528.392134, 7203529.168239000253379 ], [ 1728467.653266, 7203498.077201000414789 ], [ 1728350.417787, 7203428.411972000263631 ], [ 1728322.459959999890998, 7203424.160414 ], [ 1728177.798332, 7203331.885099999606609 ], [ 1728055.403019, 7203271.568269999697804 ], [ 1728004.993447, 7203258.152352999895811 ], [ 1727963.37499, 7203246.191812999546528 ], [ 1727923.165667, 7203231.127768999896944 ], [ 1727874.637564, 7203206.897686 ], [ 1727812.828426, 7203177.946704000234604 ], [ 1727766.703559, 7203155.868464999832213 ], [ 1727700.712986999889836, 7203123.854834999889135 ], [ 1727659.526752, 7203103.294698 ], [ 1727611.470354000106454, 7203085.040555000305176 ], [ 1727581.683807, 7203072.956824 ], [ 1727526.810401, 7203036.34912300016731 ], [ 1727480.913248, 7203035.849325000308454 ], [ 1727366.003282, 7202979.023194000124931 ], [ 1727292.435433, 7202933.802799999713898 ], [ 1727257.121283000102267, 7202921.006810000166297 ], [ 1727161.526154, 7202877.740830999799073 ], [ 1727134.885194, 7202866.675099999643862 ], [ 1727079.332617, 7202844.030363 ], [ 1726983.771076, 7202809.835776000283659 ], [ 1726946.86538, 7202796.059066000394523 ], [ 1726923.046246, 7202788.492139000445604 ], [ 1726808.27431, 7202752.043200000189245 ], [ 1726602.393718, 7202638.730394000187516 ], [ 1726476.05032, 7202590.4176089996472 ], [ 1726420.545898, 7202569.186878999695182 ], [ 1726386.054805, 7202549.495733000338078 ], [ 1726341.120745, 7202533.126249000430107 ], [ 1726315.722587000112981, 7202523.877511000260711 ], [ 1726284.190178, 7202510.230472000315785 ], [ 1726261.207836, 7202500.297891999594867 ], [ 1726210.112729, 7202489.98637 ], [ 1726109.148342, 7202450.046292000450194 ], [ 1726036.584788, 7202424.424778999760747 ], [ 1725948.766323, 7202382.25287 ], [ 1725848.774438, 7202346.830834999680519 ], [ 1725839.389017, 7202347.837690000422299 ], [ 1725707.179757, 7202288.330683999694884 ], [ 1725690.773066, 7202282.399255 ], [ 1725684.142101, 7202280.003097999840975 ], [ 1725533.082328000105917, 7202225.360848000273108 ], [ 1725503.45769, 7202215.96887500025332 ], [ 1725423.65576, 7202190.650275999680161 ], [ 1725309.261681, 7202159.646923 ], [ 1725280.586345, 7202151.870679999701679 ], [ 1725251.107891000108793, 7202138.940213999710977 ], [ 1725210.307646, 7202125.560015000402927 ], [ 1725153.673962, 7202102.791896999813616 ], [ 1725088.261957, 7202082.442898999899626 ], [ 1725057.306453, 7202070.291221999563277 ], [ 1724974.269181, 7202037.729942999780178 ], [ 1724912.811317, 7202022.050404 ], [ 1724912.145437, 7202021.90128600038588 ], [ 1724844.180625, 7202006.830667999573052 ], [ 1724816.276805, 7201994.656595 ], [ 1724728.86334, 7201972.289394999854267 ], [ 1724659.663968, 7201951.160763000138104 ], [ 1724622.439852, 7201944.36483099963516 ], [ 1724559.888592999894172, 7201910.921892000362277 ], [ 1724536.175221, 7201898.239317 ], [ 1724475.386880999896675, 7201880.501861999742687 ], [ 1724443.485172, 7201866.851022000424564 ], [ 1724411.53279, 7201868.013094999827445 ], [ 1724339.090229, 7201870.618273000232875 ], [ 1724154.319613, 7201816.664899 ], [ 1724089.627536, 7201803.632832 ], [ 1723962.658219, 7201771.639020999893546 ], [ 1723881.676391, 7201746.878048 ], [ 1723867.157414, 7201742.433644000440836 ], [ 1723789.097062, 7201718.557036999613047 ], [ 1723737.947772, 7201724.034221 ], [ 1723679.048447, 7201730.350073999725282 ], [ 1723537.14031, 7201719.397935000248253 ], [ 1723481.622427, 7201704.145455 ], [ 1723405.388461, 7201692.946564 ], [ 1723319.69684199988842, 7201674.533536000177264 ], [ 1723305.568365, 7201672.306323999539018 ], [ 1723234.63639000011608, 7201661.189280999824405 ], [ 1723169.468031000113115, 7201657.942423 ], [ 1723132.477885, 7201650.027660000137985 ], [ 1723032.189412999898195, 7201638.100244999863207 ], [ 1722937.811225, 7201640.653265999630094 ], [ 1722694.215187000110745, 7201627.162007999606431 ], [ 1722456.4211, 7201634.962855 ], [ 1722424.90981, 7201643.35754800029099 ], [ 1722322.660182, 7201631.109667999669909 ], [ 1722298.98376, 7201633.540302 ], [ 1722217.001892, 7201629.116715 ], [ 1722187.113136, 7201627.984009999781847 ], [ 1722189.899971, 7201667.5326540004462 ], [ 1722191.028748, 7201683.91782 ], [ 1722191.031744, 7201683.960391 ], [ 1721997.94335599988699, 7201704.381822000257671 ], [ 1721784.701076, 7201687.773052000440657 ], [ 1721707.702742999885231, 7201681.773447999730706 ], [ 1721485.896969999885187, 7201671.756733999587595 ], [ 1721486.841243, 7201719.58714499976486 ], [ 1721315.063967, 7201709.81657399982214 ], [ 1721184.306589, 7201688.29315899964422 ], [ 1721178.180756000103429, 7201687.291055000387132 ], [ 1721093.052619, 7201691.794490000233054 ], [ 1720667.063808, 7201700.239268999546766 ], [ 1720551.598263, 7201702.626968 ], [ 1720481.578893, 7201700.311787 ], [ 1720098.323058, 7201687.657603000290692 ], [ 1719378.513271, 7201669.618320999667048 ], [ 1718816.82674, 7201639.456190999597311 ], [ 1718755.356234, 7201635.722469000145793 ], [ 1718697.705369, 7201632.220915 ], [ 1718697.150746, 7201647.224472999572754 ], [ 1718592.780736, 7201643.944644000381231 ], [ 1718509.090581, 7201641.32097200024873 ], [ 1718322.398771, 7201622.300884 ], [ 1717875.764553, 7201576.803543999791145 ], [ 1717593.480519, 7201548.032515999861062 ], [ 1717426.490651, 7201513.87133099976927 ], [ 1717094.711751, 7201433.789106000214815 ], [ 1716838.328553, 7201379.687864 ], [ 1716668.724351, 7201357.588325999677181 ], [ 1716588.526174, 7201325.265963000245392 ], [ 1716312.946643, 7201257.630155 ], [ 1716150.08311, 7201207.257783000357449 ], [ 1716084.415258, 7201184.51437299977988 ], [ 1715933.320808, 7201132.22357300017029 ], [ 1715899.621392, 7201125.759166000410914 ], [ 1715832.744478, 7201120.480064 ], [ 1715832.721665, 7201120.441956999711692 ], [ 1715824.345472, 7201106.504003000445664 ], [ 1715828.857365, 7201096.945022 ], [ 1715828.819846, 7201096.927717999555171 ], [ 1715781.467218, 7201075.048941999673843 ], [ 1715567.113832, 7201020.320589000359178 ], [ 1715462.32782, 7200993.564085000194609 ], [ 1715407.195489, 7200979.483640000224113 ], [ 1715250.368481, 7200939.445737999863923 ], [ 1715240.385498, 7200937.26568999979645 ], [ 1715216.02293, 7200930.061150999739766 ], [ 1715179.330106, 7200921.475677999667823 ], [ 1715163.902166000101715, 7200917.89217200037092 ], [ 1715096.26853, 7200902.139510000124574 ], [ 1715055.234697999898344, 7200894.398586999624968 ], [ 1715011.048477, 7200880.782018000259995 ], [ 1714944.023184, 7200869.961608 ], [ 1714874.213978, 7200858.097488 ], [ 1714766.732242, 7200833.021858000196517 ], [ 1714737.274179, 7200825.759584000334144 ], [ 1714687.568657, 7200812.463356000371277 ], [ 1714622.398915, 7200792.097628000192344 ], [ 1714571.586613, 7200775.903090000152588 ], [ 1714567.608293, 7200774.627444 ], [ 1714465.922623000107706, 7200749.429421000182629 ], [ 1714423.56428, 7200736.260613 ], [ 1714372.93836, 7200722.762907999567688 ], [ 1714345.210099, 7200716.873158000409603 ], [ 1714290.556974, 7200705.447611000388861 ], [ 1714220.386251, 7200686.43953900039196 ], [ 1714187.727032, 7200673.436757000163198 ], [ 1714144.500409, 7200663.32931699976325 ], [ 1714098.008561, 7200651.377992000430822 ], [ 1714057.745143, 7200637.768555000424385 ], [ 1714012.471448, 7200633.309097999706864 ], [ 1713967.635197000112385, 7200618.700073 ], [ 1713897.720788, 7200623.91041 ], [ 1713885.070089, 7200616.9435 ], [ 1713827.99843, 7200584.192928000353277 ], [ 1713785.003054, 7200569.521343999542296 ], [ 1713731.286999, 7200548.53812799975276 ], [ 1713679.945693, 7200534.698563000187278 ], [ 1713643.616936, 7200517.392536000348628 ], [ 1713614.568923, 7200506.844321000389755 ], [ 1713561.958049, 7200485.255993999540806 ], [ 1713503.637696, 7200475.861472999677062 ], [ 1713423.337833999888971, 7200455.041360000148416 ], [ 1713364.03438499988988, 7200440.37289599981159 ], [ 1713305.299415, 7200426.777100999839604 ], [ 1713274.962721, 7200420.368659 ], [ 1713236.96413, 7200409.066057000309229 ], [ 1713202.635707, 7200398.819056999869645 ], [ 1713186.19432, 7200393.42667599953711 ], [ 1713164.852616, 7200386.370341000147164 ], [ 1713162.120971, 7200385.480165 ], [ 1713134.001116000115871, 7200376.172190999612212 ], [ 1713059.252719, 7200360.442491999827325 ], [ 1713059.211565, 7200360.413017 ], [ 1713004.59859, 7200323.164181999862194 ], [ 1712980.975094000110403, 7200338.137903000228107 ], [ 1712980.807698, 7200338.23826100025326 ], [ 1712956.140798, 7200353.015955000184476 ], [ 1712904.70601, 7200315.343355 ], [ 1712893.568107, 7200311.617885 ], [ 1712845.871481, 7200295.663963999599218 ], [ 1712813.872531, 7200281.166371 ], [ 1712760.364898, 7200256.947754999622703 ], [ 1712693.787124, 7200245.38910000026226 ], [ 1712657.402246, 7200239.06284200027585 ], [ 1712557.495601, 7200209.544576999731362 ], [ 1712459.793832999886945, 7200181.055227000266314 ], [ 1712353.278401, 7200173.998118000105023 ], [ 1712250.934906, 7200156.805088000372052 ], [ 1712135.297283, 7200139.204177999868989 ], [ 1712007.736024, 7200119.376822999678552 ], [ 1711896.037578, 7200098.881671000272036 ], [ 1711786.877941, 7200087.800049000419676 ], [ 1711676.533923, 7200081.471798 ], [ 1711553.987305, 7200068.511180999688804 ], [ 1711456.983776, 7200042.15826699975878 ], [ 1711347.842073, 7200034.196402999572456 ], [ 1711206.470271, 7199992.856262999586761 ], [ 1711103.564643, 7199971.51812900044024 ], [ 1710991.549871, 7199954.838240999728441 ], [ 1710882.110765000106767, 7199922.206857999786735 ], [ 1710775.290990999899805, 7199901.516990999691188 ], [ 1710660.098655, 7199879.707845999859273 ], [ 1710549.668995, 7199859.341304999776185 ], [ 1710436.894683, 7199840.249274999834597 ], [ 1710328.925242, 7199817.612427 ], [ 1710220.9232, 7199801.755176999606192 ], [ 1710103.826536, 7199780.169939000159502 ], [ 1709993.841043999884278, 7199756.155341000296175 ], [ 1709883.382487, 7199736.121541 ], [ 1709773.264873, 7199709.303574999794364 ], [ 1709665.197193, 7199690.091554 ], [ 1709551.841410000110045, 7199662.894159999676049 ], [ 1709448.541917, 7199632.621313 ], [ 1709387.823324, 7199628.657932999543846 ], [ 1709337.027946, 7199615.59154099971056 ], [ 1709232.568414, 7199591.590288000181317 ], [ 1709125.766497999895364, 7199565.90847900044173 ], [ 1709017.533740000100806, 7199540.164165999740362 ], [ 1708909.761692, 7199517.866293 ], [ 1708798.731537, 7199498.179304 ], [ 1708686.196866, 7199470.470853 ], [ 1708577.69831099989824, 7199442.10893000010401 ], [ 1708492.332378, 7199425.860554999671876 ], [ 1708384.394695, 7199403.915291000157595 ], [ 1708277.252926, 7199384.270286999642849 ], [ 1708169.024628000101075, 7199372.383434000425041 ], [ 1708076.596363000106066, 7199354.201046999543905 ], [ 1707964.494468, 7199341.032257 ], [ 1707855.896197, 7199326.41022 ], [ 1707746.942812, 7199319.354511000216007 ], [ 1707639.014106, 7199302.061835000291467 ], [ 1707522.53202800010331, 7199288.378329999744892 ], [ 1707411.207586, 7199266.299772 ], [ 1707302.242432000115514, 7199249.349136999808252 ], [ 1707189.790368, 7199233.575097999535501 ], [ 1707081.43141, 7199207.669153000228107 ], [ 1706971.277271, 7199176.732075000181794 ], [ 1706864.899058, 7199144.13612 ], [ 1706754.525096, 7199113.180134000256658 ], [ 1706658.668832000112161, 7199085.723961000330746 ], [ 1706504.714598, 7199048.462289 ], [ 1706398.4761, 7199026.824365999549627 ], [ 1706286.518921, 7198999.097579999826849 ], [ 1706168.48068, 7198979.014455 ], [ 1706057.444561, 7198951.177806999534369 ], [ 1705949.630035, 7198923.427241999655962 ], [ 1705850.077433, 7198902.536996000446379 ], [ 1705736.823566, 7198881.093639000318944 ], [ 1705622.963008, 7198846.022889000363648 ], [ 1705529.88586, 7198828.634503999724984 ], [ 1705430.419325, 7198796.074507 ], [ 1705321.295104, 7198771.669127999804914 ], [ 1705211.85521, 7198748.903261000290513 ], [ 1705100.315084999892861, 7198721.17575899977237 ], [ 1704990.872465, 7198705.118555 ], [ 1704885.013969, 7198690.324815000407398 ], [ 1704773.373009, 7198673.984240000136197 ], [ 1704669.347215, 7198657.300839999690652 ], [ 1704594.72394, 7198650.783845 ], [ 1704563.309852, 7198648.019677000120282 ], [ 1704524.558554, 7198638.952154000289738 ], [ 1704453.110734000103548, 7198622.19008900038898 ], [ 1704346.66133, 7198600.372917000204325 ], [ 1704252.404797999886796, 7198572.984644999727607 ], [ 1704154.907743, 7198552.560181000269949 ], [ 1704115.778562, 7198550.408808999694884 ], [ 1704074.95288, 7198542.099570999853313 ], [ 1703909.029027, 7198505.405315999872983 ], [ 1703712.365042, 7198451.677830000407994 ], [ 1703504.231153, 7198388.568343999795616 ], [ 1703322.926392, 7198339.428163000382483 ], [ 1703184.971392, 7198307.262027 ], [ 1703091.356149999890476, 7198288.75543100014329 ], [ 1702886.194412, 7198261.770274000242352 ], [ 1702648.689275, 7198237.118189999833703 ], [ 1702475.268556, 7198205.378828000277281 ], [ 1702333.913434, 7198177.686572999693453 ], [ 1702205.228004, 7198152.433035999536514 ], [ 1702063.756052, 7198133.206845999695361 ], [ 1701925.257371, 7198124.314268000423908 ], [ 1701825.068945, 7198088.555328000336885 ], [ 1701724.588140999898314, 7198077.130587000399828 ], [ 1701632.431507, 7198055.475991999730468 ], [ 1701625.34752, 7198064.794499999843538 ], [ 1701614.244111, 7198078.671517999842763 ], [ 1701604.039154999889433, 7198091.417840999551117 ], [ 1701590.56251, 7198108.276006000116467 ], [ 1701586.136849999893457, 7198113.485236999578774 ], [ 1701563.195672, 7198136.631524000316858 ], [ 1701548.434426999883726, 7198151.872483000159264 ], [ 1701546.48242, 7198153.690556 ], [ 1701543.524521, 7198155.324938000179827 ], [ 1701541.108507, 7198155.232384 ], [ 1701522.721096, 7198209.207665000110865 ], [ 1701487.153664, 7198313.634007999673486 ], [ 1701484.622834, 7198319.843201999552548 ], [ 1701481.09841200010851, 7198324.656170999631286 ], [ 1701476.900529, 7198327.268704 ], [ 1701472.132005, 7198327.766246000304818 ], [ 1701465.967685, 7198324.358597000129521 ], [ 1701463.574541, 7198322.387187000364065 ], [ 1701455.045574000105262, 7198307.171716 ], [ 1701453.799528, 7198302.361008999869227 ], [ 1701446.79463, 7198289.017943000420928 ], [ 1701436.405739, 7198273.058561 ], [ 1701420.978094, 7198241.152657000347972 ], [ 1701421.218028, 7198237.292256999760866 ], [ 1701408.244162, 7198205.444805 ], [ 1701409.279011, 7198187.339165999554098 ], [ 1701398.346284, 7198133.42060500010848 ], [ 1701397.557213, 7198127.822606000117958 ], [ 1701398.47821, 7198111.066541000269353 ], [ 1701399.211993, 7198090.076444 ], [ 1701404.613046, 7198051.905576 ], [ 1701407.463435, 7198040.452809000387788 ], [ 1701411.963996999897063, 7198024.126543000340462 ], [ 1701411.997896, 7198024.02676699962467 ], [ 1701413.769757, 7198018.983391 ], [ 1701417.253329, 7198009.060867000371218 ], [ 1701417.2873, 7198008.97597 ], [ 1701427.323863, 7197983.884196000173688 ], [ 1701408.583381, 7197979.826786999590695 ], [ 1701408.627845, 7197979.740221999585629 ], [ 1701424.964094, 7197947.998358 ], [ 1701402.996743000112474, 7197933.43586799968034 ], [ 1701312.894048, 7197862.351173999719322 ], [ 1701220.21257, 7197793.564485999755561 ], [ 1701129.067785, 7197742.376590999774635 ], [ 1701049.171791, 7197692.082375999540091 ], [ 1701041.400895, 7197687.195495000109076 ], [ 1700956.715992, 7197631.916353999637067 ], [ 1700919.583565, 7197607.662681000307202 ], [ 1700871.349165, 7197576.178492000326514 ], [ 1700784.994423, 7197520.153796999715269 ], [ 1700727.046941, 7197492.088498 ], [ 1700691.86914400011301, 7197475.049197999760509 ], [ 1700655.283572, 7197450.860717000439763 ], [ 1700606.366232, 7197418.473402 ], [ 1700537.188614000100642, 7197375.954320999793708 ], [ 1700521.358499, 7197366.215087999589741 ], [ 1700426.750796, 7197320.157805000431836 ], [ 1700338.095154, 7197271.139576000161469 ], [ 1700276.48211, 7197236.973310000263155 ], [ 1700247.886452999897301, 7197221.102234000340104 ], [ 1700206.617748, 7197201.062876 ], [ 1700155.057564, 7197176.008983000181615 ], [ 1700070.703897, 7197115.190521 ], [ 1700003.055032, 7197087.892961 ], [ 1699972.139675, 7197075.410801 ], [ 1699885.366775, 7197031.726126000285149 ], [ 1699790.286744, 7196980.371918000280857 ], [ 1699693.110132, 7196928.341784000396729 ], [ 1699581.259581, 7196860.556223000399768 ], [ 1699490.218319, 7196808.518265999853611 ], [ 1699406.703622, 7196746.428816 ], [ 1699315.239768, 7196690.105856999754906 ], [ 1699229.97547, 7196650.700656999833882 ], [ 1690126.072197, 7221158.52403 ], [ 1714556.179655000101775, 7232987.866909 ], [ 1709029.149108, 7240588.432922 ], [ 1689736.049487, 7267028.012687999755144 ], [ 1691743.854618, 7274043.659473 ], [ 1719665.559433, 7259479.568064000457525 ], [ 1729039.805132, 7254561.01847399957478 ] ] ] } },
{ "type": "Feature", "properties": { "gml_id": "FossilFuelResource.per.pow80995", "identifier": "http://inspire.pgi.gov.pl/so/mr/Midas.paliwaKopalne/FossilFuelResource.per.pow80995", "beginLifespanVersion": null, "localId": "FossilFuelResource.per.pow80995", "namespace": "http://inspire.pgi.gov.pl/so/mr/Midas.paliwaKopalne", "scalar": null, "scalar_uom": null, "dateOfDiscovery": null, "calorificValue": null, "quantity": null, "verticalExtent": null }, "geometry": { "type": "Polygon", "coordinates": [ [ [ 1900356.452029, 7008288.168623000383377 ], [ 1891667.495213000103831, 7012485.046863 ], [ 1874880.466983, 7020559.983751 ], [ 1891717.326235, 7044032.724091 ], [ 1905959.544761, 7063808.040598000399768 ], [ 1939439.862833, 7063915.929232000373304 ], [ 1947881.679172, 7063920.790285999886692 ], [ 1947881.552372, 7053713.653099999763072 ], [ 1947881.07685, 7038383.7150560002774 ], [ 1937785.759406, 7025142.739552999846637 ], [ 1918353.064672, 6999558.0202980004251 ], [ 1913695.373751, 7001822.32393900025636 ], [ 1900356.452029, 7008288.168623000383377 ] ] ] } },
{ "type": "Feature", "properties": { "gml_id": "FossilFuelResource.progn.pow76665", "identifier": "http://inspire.pgi.gov.pl/so/mr/Midas.paliwaKopalne/FossilFuelResource.progn.pow76665", "beginLifespanVersion": null, "localId": "FossilFuelResource.progn.pow76665", "namespace": "http://inspire.pgi.gov.pl/so/mr/Midas.paliwaKopalne", "scalar": -61.9, "scalar_uom": "m", "dateOfDiscovery": null, "calorificValue": null, "quantity": null, "verticalExtent": null }, "geometry": { "type": "Polygon", "coordinates": [ [ [ 1705985.913651, 6806842.61922699958086 ], [ 1706175.380195, 6806885.736399999819696 ], [ 1706364.849048, 6806928.849414999596775 ], [ 1706535.882034, 6806978.97864199988544 ], [ 1706706.917402, 6807029.104620999656618 ], [ 1707062.619342, 6807083.012051999568939 ], [ 1707584.434089000103995, 6807112.98435499984771 ], [ 1707662.872384000103921, 6807104.517206000164151 ], [ 1707741.310539, 6807096.049297000281513 ], [ 1707898.186588, 6807079.111207 ], [ 1708216.187014, 6806966.520677000284195 ], [ 1708883.822538, 6806602.329877000302076 ], [ 1709090.843147, 6806457.8685919996351 ], [ 1709339.120777, 6806253.031275000423193 ], [ 1709508.912045999895781, 6806048.577712999656796 ], [ 1709595.690896, 6805863.041336 ], [ 1709668.715208, 6805691.463278000243008 ], [ 1709676.920618, 6805483.198785999789834 ], [ 1709657.2421, 6805238.035903999581933 ], [ 1709587.022381, 6805034.787716000340879 ], [ 1709479.923456, 6804840.993273999541998 ], [ 1709331.544435, 6804698.279753999784589 ], [ 1709150.776061, 6804537.221242999657989 ], [ 1708965.772716, 6804454.842531999573112 ], [ 1708847.914976, 6804418.400147999636829 ], [ 1708730.058343, 6804381.956237000413239 ], [ 1708342.363417, 6804374.565428 ], [ 1708051.598046000115573, 6804366.697219000197947 ], [ 1707792.926098, 6804317.012811000458896 ], [ 1707557.376888, 6804276.479701000265777 ], [ 1707368.047007, 6804249.609712 ], [ 1707243.437691, 6804250.188761999830604 ], [ 1706971.450174999888986, 6804311.586001999676228 ], [ 1706708.64877, 6804368.315147000364959 ], [ 1706293.315351, 6804370.203320999629796 ], [ 1705900.914501, 6804339.580319999717176 ], [ 1705231.629268, 6804310.158285999670625 ], [ 1704885.552113, 6804320.921001000329852 ], [ 1704678.013827, 6804349.590134000405669 ], [ 1704465.911412, 6804392.142198000103235 ], [ 1704060.369931, 6804528.041791000403464 ], [ 1703756.414632, 6804682.015898999758065 ], [ 1703609.199431, 6804793.685591000132263 ], [ 1703549.613537, 6804891.086365999653935 ], [ 1703540.982011, 6805034.567095999605954 ], [ 1703555.412946, 6805177.954103000462055 ], [ 1703639.022121000103652, 6805302.532909999601543 ], [ 1703740.997574, 6805408.530836000107229 ], [ 1704032.88652, 6805671.052365999668837 ], [ 1704324.833905, 6805942.840669999830425 ], [ 1704602.789346, 6806177.658460999839008 ], [ 1705065.61071, 6806462.570628000423312 ], [ 1705394.090961, 6806627.727446 ], [ 1705671.609765, 6806751.466399 ], [ 1705985.913651, 6806842.61922699958086 ] ] ] } },
{ "type": "Feature", "properties": { "gml_id": "FossilFuelResource.progn.pow80374", "identifier": "http://inspire.pgi.gov.pl/so/mr/Midas.paliwaKopalne/FossilFuelResource.progn.pow80374", "beginLifespanVersion": null, "localId": "FossilFuelResource.progn.pow80374", "namespace": "http://inspire.pgi.gov.pl/so/mr/Midas.paliwaKopalne", "scalar": -1000.0, "scalar_uom": "m", "dateOfDiscovery": null, "calorificValue": null, "quantity": null, "verticalExtent": null }, "geometry": { "type": "Polygon", "coordinates": [ [ [ 2142694.799813, 6466551.879886999726295 ], [ 2143490.229834000114352, 6467628.787123000249267 ], [ 2143734.499931000173092, 6467959.454361 ], [ 2144658.94961, 6467668.222477000206709 ], [ 2145032.417655, 6467550.53570600040257 ], [ 2146921.86012199986726, 6466954.853551999665797 ], [ 2147700.93536, 6466709.525631000287831 ], [ 2148014.409475000109524, 6466611.187543 ], [ 2148787.903280000202358, 6466364.366804 ], [ 2150612.47522, 6465773.677466000430286 ], [ 2150615.775195000227541, 6465759.547663999721408 ], [ 2150615.780855999793857, 6465759.524058000184596 ], [ 2150686.650402000173926, 6465456.071269 ], [ 2150694.03500400017947, 6465424.450698000378907 ], [ 2150937.595896999817342, 6464614.335075999610126 ], [ 2151164.503266000188887, 6464679.2542660003528 ], [ 2151527.678387000225484, 6464811.997759999707341 ], [ 2151803.490499999839813, 6464912.7974650003016 ], [ 2151819.209377999883145, 6464879.774807999841869 ], [ 2152178.127984, 6464925.245683000423014 ], [ 2152539.681297, 6464958.097888000309467 ], [ 2152759.153210000135005, 6464964.849728000350296 ], [ 2153206.911378, 6464974.069865999743342 ], [ 2154026.458476, 6464937.070413 ], [ 2155036.882847, 6464920.771025000140071 ], [ 2155472.692319000139832, 6462015.879378000274301 ], [ 2155782.931558, 6459947.313767000101507 ], [ 2155986.869854, 6458759.73388999979943 ], [ 2156043.476725, 6458426.346688999794424 ], [ 2156110.147992, 6457945.189479 ], [ 2156353.923717999830842, 6456185.627577000297606 ], [ 2156359.735927000176162, 6456143.670288999564946 ], [ 2156366.207122, 6456096.956102999858558 ], [ 2156240.550402, 6456099.999909999780357 ], [ 2156096.46329199988395, 6456103.487702 ], [ 2155017.90082, 6456129.493872 ], [ 2154377.927703000139445, 6456117.292232000268996 ], [ 2153618.433596, 6456102.082678999751806 ], [ 2151420.969507, 6456057.674564000219107 ], [ 2149856.983285, 6456061.697617 ], [ 2149321.813778, 6456056.079819000326097 ], [ 2144224.234352, 6455981.678963 ], [ 2142694.604997000191361, 6456012.299386000260711 ], [ 2142631.852909000124782, 6456079.120055000297725 ], [ 2142546.110181, 6456221.941495000384748 ], [ 2141095.515767000149935, 6458637.67597100045532 ], [ 2141018.20078600011766, 6458766.40434299968183 ], [ 2141043.473193999845535, 6459012.171803000383079 ], [ 2141385.502392999827862, 6462339.025113999843597 ], [ 2141437.017614, 6462885.087996000424027 ], [ 2141593.657606, 6464545.295788999646902 ], [ 2142055.043947999831289, 6465374.170967999845743 ], [ 2142282.572302000131458, 6465794.091316999867558 ], [ 2142360.222064999863505, 6465957.279136000201106 ], [ 2142523.031636000145227, 6466299.425382999703288 ], [ 2142694.799813, 6466551.879886999726295 ] ] ] } },
{ "type": "Feature", "properties": { "gml_id": "FossilFuelResource.progn.pow80495", "identifier": "http://inspire.pgi.gov.pl/so/mr/Midas.paliwaKopalne/FossilFuelResource.progn.pow80495", "beginLifespanVersion": null, "localId": "FossilFuelResource.progn.pow80495", "namespace": "http://inspire.pgi.gov.pl/so/mr/Midas.paliwaKopalne", "scalar": -1000.0, "scalar_uom": "m", "dateOfDiscovery": null, "calorificValue": null, "quantity": null, "verticalExtent": null }, "geometry": { "type": "Polygon", "coordinates": [ [ [ 2059543.057122, 6458103.434290999546647 ], [ 2059162.078187, 6458272.654915999621153 ], [ 2058445.979281, 6458432.111494 ], [ 2058177.957299999892712, 6458415.339730000123382 ], [ 2057518.586848, 6458458.201504999771714 ], [ 2057739.870104, 6458759.633945000357926 ], [ 2059068.003394, 6458417.662464000284672 ], [ 2059510.838678, 6459318.36924900021404 ], [ 2059450.492055, 6459390.227916999720037 ], [ 2059495.61192, 6459485.5342239998281 ], [ 2059288.887398000108078, 6459500.354535999707878 ], [ 2059505.133482, 6460193.104545 ], [ 2058936.397744, 6460492.618398999795318 ], [ 2058103.44546, 6460931.186516 ], [ 2058975.507693, 6462257.82888500019908 ], [ 2059137.480575, 6462486.650595 ], [ 2060721.146197, 6464806.690871000289917 ], [ 2062452.669662, 6463634.110456 ], [ 2064581.18998, 6462191.960541999898851 ], [ 2064401.130541, 6461828.213095 ], [ 2064331.876427, 6461628.529794 ], [ 2064206.930313, 6461649.410392000339925 ], [ 2063849.046824, 6460763.748572000302374 ], [ 2063735.272101, 6460804.028275 ], [ 2063550.951144, 6460502.346804999746382 ], [ 2063410.046848, 6460524.237919 ], [ 2062875.880266, 6459532.833126000128686 ], [ 2062709.807273, 6459226.740652999840677 ], [ 2062418.324182, 6459370.587349999696016 ], [ 2062198.282188, 6458986.751368000172079 ], [ 2062054.784519, 6458705.848415000364184 ], [ 2061911.296484, 6458424.952587 ], [ 2061919.443473, 6458384.769965000450611 ], [ 2062520.522796999895945, 6458283.159141999669373 ], [ 2061575.015571, 6457061.732652000151575 ], [ 2061488.718649, 6457070.278982999734581 ], [ 2061407.926603, 6456928.656131999567151 ], [ 2061444.471084, 6456892.47977 ], [ 2061306.673086, 6456440.994377999566495 ], [ 2061276.95778, 6456122.214885000139475 ], [ 2061264.281989, 6455976.497037 ], [ 2061192.874703, 6455789.441529000177979 ], [ 2061185.06235, 6455593.701162000186741 ], [ 2061259.315114000113681, 6455339.338469999842346 ], [ 2061278.493863, 6455180.188813 ], [ 2061223.761668, 6454651.879471999593079 ], [ 2061286.143872, 6454644.000357000157237 ], [ 2061139.234104, 6454484.151019000448287 ], [ 2060723.367399, 6454630.541686000302434 ], [ 2060451.643954, 6454628.727435999549925 ], [ 2060015.514889, 6454705.476335999555886 ], [ 2059702.552521, 6454854.695496999658644 ], [ 2059669.006717, 6454905.466017999686301 ], [ 2059516.84581599989906, 6455143.551393000409007 ], [ 2059444.24331899988465, 6455277.654904000461102 ], [ 2059578.787818, 6455691.604244999587536 ], [ 2059447.129842, 6455735.574593000113964 ], [ 2059739.898296, 6456499.150853999890387 ], [ 2059883.091350999893621, 6457366.343182000331581 ], [ 2059924.02082, 6457934.199354999698699 ], [ 2059543.057122, 6458103.434290999546647 ] ] ] } },
{ "type": "Feature", "properties": { "gml_id": "FossilFuelResource.per.pow81057", "identifier": "http://inspire.pgi.gov.pl/so/mr/Midas.paliwaKopalne/FossilFuelResource.per.pow81057", "beginLifespanVersion": null, "localId": "FossilFuelResource.per.pow81057", "namespace": "http://inspire.pgi.gov.pl/so/mr/Midas.paliwaKopalne", "scalar": null, "scalar_uom": null, "dateOfDiscovery": null, "calorificValue": null, "quantity": null, "verticalExtent": null }, "geometry": { "type": "Polygon", "coordinates": [ [ [ 1827231.613102, 6765017.709377000108361 ], [ 1821727.448594, 6765481.92391400039196 ], [ 1827757.801384000107646, 6795800.671028000302613 ], [ 1832283.996775999898091, 6799075.012445 ], [ 1847793.062637999886647, 6810265.719669999554753 ], [ 1850579.9752, 6809263.91518499981612 ], [ 1850266.874425, 6808958.362456999719143 ], [ 1850668.893236, 6807802.000811000354588 ], [ 1851380.106834, 6807751.750005000270903 ], [ 1852678.818953, 6808505.919398000463843 ], [ 1852338.716505, 6807198.775254 ], [ 1850978.142473000101745, 6806897.128932000137866 ], [ 1851101.864326, 6805992.347811000421643 ], [ 1852493.349727999884635, 6805942.128069999627769 ], [ 1853080.906142000108957, 6804635.430526999756694 ], [ 1853606.590552, 6804484.671776000410318 ], [ 1856946.151365, 6805489.896112999878824 ], [ 1859296.280368, 6804183.317691000178456 ], [ 1859574.563536, 6804484.843654000200331 ], [ 1858793.18762, 6806305.144883000291884 ], [ 1874510.078103, 6800616.659990999847651 ], [ 1880292.571632, 6798206.169525999575853 ], [ 1891300.861316999886185, 6798206.471370000392199 ], [ 1890898.952317, 6795194.162449999712408 ], [ 1891302.595457, 6760022.5275560002774 ], [ 1891099.982212, 6760022.151395999826491 ], [ 1882503.991147999884561, 6760212.494362999685109 ], [ 1881561.41386, 6760232.810642999596894 ], [ 1875191.4253, 6760812.883991999551654 ], [ 1828737.111494, 6764890.079173999838531 ], [ 1827231.613102, 6765017.709377000108361 ] ] ] } },
{ "type": "Feature", "properties": { "gml_id": "FossilFuelResource.per.pow81056", "identifier": "http://inspire.pgi.gov.pl/so/mr/Midas.paliwaKopalne/FossilFuelResource.per.pow81056", "beginLifespanVersion": null, "localId": "FossilFuelResource.per.pow81056", "namespace": "http://inspire.pgi.gov.pl/so/mr/Midas.paliwaKopalne", "scalar": null, "scalar_uom": null, "dateOfDiscovery": null, "calorificValue": null, "quantity": null, "verticalExtent": null }, "geometry": { "type": "Polygon", "coordinates": [ [ [ 2003560.608284, 6848428.786310000345111 ], [ 2003750.830318, 6891041.720708999782801 ], [ 2050699.60272, 6891052.108322000131011 ], [ 2050649.763939, 6887138.892725000157952 ], [ 2050505.017170999897644, 6875766.925125 ], [ 2054239.121321, 6870888.736480999737978 ], [ 2053968.300124, 6870799.986097999848425 ], [ 2053720.909392, 6870343.990499 ], [ 2053628.154312, 6869989.348181 ], [ 2054898.210627, 6870027.208445999771357 ], [ 2059225.04893, 6864367.791500999592245 ], [ 2059287.527162, 6852462.864334999583662 ], [ 2057441.080381, 6852832.589223000220954 ], [ 2053894.301268, 6852903.26915 ], [ 2051098.95667, 6852008.417026 ], [ 2051445.353837, 6849567.240022 ], [ 2053715.03613, 6850552.78063299972564 ], [ 2057345.392855, 6848980.032901000231504 ], [ 2059310.236432, 6848128.007592 ], [ 2059411.166014, 6828811.404178 ], [ 2059410.986183, 6824246.572115999646485 ], [ 2057353.097136, 6825007.854221999645233 ], [ 2054918.653767, 6826199.951778000220656 ], [ 2051942.778261, 6826438.784803999587893 ], [ 2050330.452596, 6826543.945616000331938 ], [ 2049675.215246, 6824545.568346999585629 ], [ 2052953.364065, 6821885.781260999850929 ], [ 2052957.350297, 6821001.049947000108659 ], [ 2053179.783951, 6819821.945208 ], [ 2055466.507574, 6818224.079912000335753 ], [ 2058342.547757, 6819869.204679000191391 ], [ 2059410.821206, 6820549.286949000321329 ], [ 2059410.579428, 6815207.308787999674678 ], [ 2059410.579876, 6815207.243622999638319 ], [ 2022193.459204, 6835376.532890999689698 ], [ 2003547.046345, 6845397.876841999590397 ], [ 2003560.608284, 6848428.786310000345111 ] ], [ [ 2011707.209095, 6852644.276692000217736 ], [ 2016596.085488, 6849692.612595999613404 ], [ 2016602.185833999887109, 6852639.353373000398278 ], [ 2019864.445129999890924, 6853615.206903000362217 ], [ 2023129.832518, 6853772.033563000150025 ], [ 2026110.677084, 6855329.545709 ], [ 2026336.359291, 6857428.498615999706089 ], [ 2026463.071903999894857, 6859831.609763000160456 ], [ 2026793.927125, 6860499.544966000132263 ], [ 2025108.650006, 6860929.6370789995417 ], [ 2025362.042323, 6867100.875343999825418 ], [ 2025431.582712, 6870630.886335000395775 ], [ 2030563.114182, 6868417.893830999732018 ], [ 2031802.982756, 6872491.454106999561191 ], [ 2031574.12516999989748, 6873621.658781000413001 ], [ 2025621.436342, 6879914.059775999747217 ], [ 2019183.460693999892101, 6879229.111766999587417 ], [ 2014795.702691, 6875532.278012 ], [ 2013580.646149, 6868609.896801000460982 ], [ 2017144.269324, 6868574.597246999852359 ], [ 2016688.406682, 6866113.118633000180125 ], [ 2012677.864228, 6863480.23783199954778 ], [ 2011710.120866, 6859188.609097000211477 ], [ 2011707.209095, 6852644.276692000217736 ] ] ] } },
{ "type": "Feature", "properties": { "gml_id": "FossilFuelResource.progn.pow80493", "identifier": "http://inspire.pgi.gov.pl/so/mr/Midas.paliwaKopalne/FossilFuelResource.progn.pow80493", "beginLifespanVersion": null, "localId": "FossilFuelResource.progn.pow80493", "namespace": "http://inspire.pgi.gov.pl/so/mr/Midas.paliwaKopalne", "scalar": -321.0, "scalar_uom": "m", "dateOfDiscovery": null, "calorificValue": null, "quantity": null, "verticalExtent": null }, "geometry": { "type": "Polygon", "coordinates": [ [ [ 2073427.190413, 6460666.393059000372887 ], [ 2074065.221333999885246, 6460838.814683999866247 ], [ 2076939.65601, 6461614.949652000330389 ], [ 2075055.971966, 6456433.259745 ], [ 2074733.418526000110433, 6455545.606795 ], [ 2071555.857141, 6451335.701375000178814 ], [ 2070662.365511, 6450150.24265499971807 ], [ 2069852.048181, 6449183.495283000171185 ], [ 2069826.844989999895915, 6449153.423661 ], [ 2068449.605696, 6449633.240480000153184 ], [ 2067072.208875, 6450112.855391000397503 ], [ 2067092.783444, 6450142.78954999987036 ], [ 2067173.232477, 6450088.393942000344396 ], [ 2067924.909263999899849, 6451154.061820999719203 ], [ 2068382.995969, 6451803.428477000445127 ], [ 2069409.955946, 6453513.046027 ], [ 2069784.167948, 6454173.217074000276625 ], [ 2070057.600356, 6454655.552938000299037 ], [ 2070557.208178, 6455536.767982999794185 ], [ 2070959.199018, 6455605.863634999841452 ], [ 2071081.557373, 6456068.251596 ], [ 2071191.325038, 6460061.75734 ], [ 2072309.217022999888286, 6460364.14495399966836 ], [ 2073427.190413, 6460666.393059000372887 ] ] ] } },
{ "type": "Feature", "properties": { "gml_id": "FossilFuelResource.per.pow82140", "identifier": "http://inspire.pgi.gov.pl/so/mr/Midas.paliwaKopalne/FossilFuelResource.per.pow82140", "beginLifespanVersion": null, "localId": "FossilFuelResource.per.pow82140", "namespace": "http://inspire.pgi.gov.pl/so/mr/Midas.paliwaKopalne", "scalar": -1100.0, "scalar_uom": "m", "dateOfDiscovery": null, "calorificValue": null, "quantity": null, "verticalExtent": null }, "geometry": { "type": "Polygon", "coordinates": [ [ [ 2139075.561546000186354, 6466026.71860499959439 ], [ 2140668.30075, 6465555.481902999803424 ], [ 2141007.07228699978441, 6465455.074366999790072 ], [ 2140955.991316, 6465331.795590000227094 ], [ 2140564.42062299977988, 6464521.720177000388503 ], [ 2140247.468638999853283, 6463851.347187000326812 ], [ 2140158.743557, 6463548.679503000341356 ], [ 2140130.477686, 6463287.855062000453472 ], [ 2140167.190595999825746, 6462989.675072999671102 ], [ 2140195.328439, 6462911.166735 ], [ 2140223.465753000229597, 6462832.65888199955225 ], [ 2140598.286469, 6462406.766304000280797 ], [ 2141085.396162, 6462033.372819 ], [ 2141338.954157, 6461784.072383999824524 ], [ 2141365.555381, 6461757.917046000249684 ], [ 2141692.942659, 6461496.757124999538064 ], [ 2142328.221909999847412, 6460929.811750000342727 ], [ 2142963.41476, 6460362.856247000396252 ], [ 2144140.503349000122398, 6459140.637451999820769 ], [ 2145062.569775000214577, 6458230.881524999625981 ], [ 2145808.261235, 6457423.920718000270426 ], [ 2146739.110882999841124, 6456458.29158900026232 ], [ 2147189.262745, 6456041.056571000255644 ], [ 2144224.439304000232369, 6455997.371169 ], [ 2142706.639955, 6456028.16708100028336 ], [ 2142671.296862000133842, 6456037.231359999626875 ], [ 2141686.45956900017336, 6456289.745811999775469 ], [ 2141293.870496000163257, 6456390.371526 ], [ 2140246.24377, 6456658.794700000435114 ], [ 2139912.732983000110835, 6456716.154457 ], [ 2139574.330525999888778, 6456809.055733 ], [ 2139335.407772, 6456172.007948 ], [ 2138451.104661, 6453813.696653 ], [ 2137743.988258, 6451798.628406000323594 ], [ 2137426.473421, 6450982.19092 ], [ 2137109.02067, 6450165.820433000102639 ], [ 2137087.86667, 6450111.417004999704659 ], [ 2136642.180718, 6448866.088704000227153 ], [ 2136258.531756000127643, 6447793.942404 ], [ 2136137.680358999874443, 6447502.475648 ], [ 2135969.06685, 6447095.798304 ], [ 2135436.848764, 6447323.615359 ], [ 2135018.286491999868304, 6447411.264674000442028 ], [ 2134809.089226999785751, 6447451.828920999541879 ], [ 2134613.468764000106603, 6447466.634935 ], [ 2133395.511150000151247, 6447673.162335 ], [ 2133594.990485, 6448685.103189 ], [ 2131987.666408999823034, 6448984.935517 ], [ 2131811.904527000151575, 6447987.735584000125527 ], [ 2131305.273594, 6448089.794095000252128 ], [ 2130473.505142999812961, 6448237.655843 ], [ 2129222.107566, 6448459.95177000015974 ], [ 2125642.470749, 6448967.315007000230253 ], [ 2124545.485599, 6450682.104895000346005 ], [ 2122040.833474, 6450360.245299999602139 ], [ 2122069.156212000176311, 6452032.213207 ], [ 2121916.765852, 6453825.716823000460863 ], [ 2121060.1547070001252, 6454523.397304000332952 ], [ 2121033.4043, 6454545.075388999655843 ], [ 2121506.314262, 6458329.11974 ], [ 2122969.918625, 6458146.221934 ], [ 2123026.828849, 6458633.322316000238061 ], [ 2123219.247914, 6460280.040343999862671 ], [ 2123468.036065999884158, 6461964.404036000370979 ], [ 2126577.816653000190854, 6462834.525554999709129 ], [ 2130759.002932, 6463044.1922089997679 ], [ 2136624.608296, 6462999.017888000234962 ], [ 2135915.639806999824941, 6464688.065480000339448 ], [ 2135912.400530000217259, 6464695.78168 ], [ 2135757.99786, 6464985.190743000246584 ], [ 2135419.669995999895036, 6465619.300183 ], [ 2138575.756906, 6464439.997045 ], [ 2139075.561546000186354, 6466026.71860499959439 ] ] ] } },
{ "type": "Feature", "properties": { "gml_id": "FossilFuelResource.per.pow82261", "identifier": "http://inspire.pgi.gov.pl/so/mr/Midas.paliwaKopalne/FossilFuelResource.per.pow82261", "beginLifespanVersion": null, "localId": "FossilFuelResource.per.pow82261", "namespace": "http://inspire.pgi.gov.pl/so/mr/Midas.paliwaKopalne", "scalar": -850.0, "scalar_uom": "m", "dateOfDiscovery": null, "calorificValue": null, "quantity": null, "verticalExtent": null }, "geometry": { "type": "Polygon", "coordinates": [ [ [ 2082181.888566, 6454601.186738000251353 ], [ 2082227.612303, 6454471.027224999852479 ], [ 2082366.524596, 6454198.665075999684632 ], [ 2082505.184266, 6453877.137455999851227 ], [ 2082609.464944999897853, 6453643.640739000402391 ], [ 2082727.030119, 6453399.565852999687195 ], [ 2082755.653892, 6452854.838711 ], [ 2085011.605649, 6451978.333058999851346 ], [ 2085018.691805, 6451444.011300000362098 ], [ 2086673.173592, 6450714.674689999781549 ], [ 2086580.280275, 6450747.846075000241399 ], [ 2085122.655633, 6451310.311037000268698 ], [ 2085006.034309, 6451355.299786999821663 ], [ 2082509.978646, 6451273.767347999848425 ], [ 2082760.361311, 6452283.72851900011301 ], [ 2082756.048812, 6452301.008399999700487 ], [ 2082181.888566, 6454601.186738000251353 ] ] ] } },
{ "type": "Feature", "properties": { "gml_id": "FossilFuelResource.progn.pow80014", "identifier": "http://inspire.pgi.gov.pl/so/mr/Midas.paliwaKopalne/FossilFuelResource.progn.pow80014", "beginLifespanVersion": null, "localId": "FossilFuelResource.progn.pow80014", "namespace": "http://inspire.pgi.gov.pl/so/mr/Midas.paliwaKopalne", "scalar": null, "scalar_uom": null, "dateOfDiscovery": null, "calorificValue": null, "quantity": null, "verticalExtent": null }, "geometry": { "type": "Polygon", "coordinates": [ [ [ 2625354.821258, 6632886.634182999841869 ], [ 2626201.863617000170052, 6632123.667812 ], [ 2628350.893794000148773, 6630192.461596 ], [ 2628550.652253999840468, 6629106.156189000234008 ], [ 2629267.141752, 6626473.088863000273705 ], [ 2630014.34436, 6623334.141045000404119 ], [ 2630828.093121999874711, 6621264.252411000430584 ], [ 2631461.431770000141114, 6619332.313276999630034 ], [ 2631644.831085000187159, 6618248.823123999871314 ], [ 2631323.254298000130802, 6617134.354907000437379 ], [ 2630755.251246000174433, 6616098.614705 ], [ 2629886.154364999849349, 6615271.017428999766707 ], [ 2628782.513464999850839, 6614710.241561000235379 ], [ 2627186.014384999871254, 6614306.291961000300944 ], [ 2625030.124816, 6613999.992050999775529 ], [ 2622504.927877, 6613950.730771999806166 ], [ 2621946.926031, 6613939.739942000247538 ], [ 2618378.238652000203729, 6614160.290474000386894 ], [ 2614397.697259999811649, 6614845.578013 ], [ 2612342.626180000137538, 6615159.941015999764204 ], [ 2616976.463471, 6611789.260146000422537 ], [ 2619184.599132, 6609889.685866000130773 ], [ 2622804.057843000162393, 6606454.280677 ], [ 2625928.112261999864131, 6603175.455807000398636 ], [ 2625330.697489, 6601639.58447500038892 ], [ 2624542.136632, 6600052.956789 ], [ 2623277.211445, 6598873.549825999885798 ], [ 2622055.11628400022164, 6598383.286448 ], [ 2620204.456309, 6597868.805184000171721 ], [ 2618326.018426000140607, 6597921.648596 ], [ 2616404.1396189997904, 6598291.182130999863148 ], [ 2613535.278818000108004, 6599598.609199999831617 ], [ 2609968.075706, 6601828.310523999854922 ], [ 2609331.243811000138521, 6602208.198398999869823 ], [ 2609413.979677, 6602279.361464000307024 ], [ 2609473.400944999884814, 6602329.750906 ], [ 2609757.657620000187308, 6602599.577387999743223 ], [ 2610107.786175, 6602946.552601999603212 ], [ 2610433.588806, 6603370.507741999812424 ], [ 2610710.892364, 6603762.762303999625146 ], [ 2610920.030544000212103, 6604103.341269999742508 ], [ 2611084.492103000171483, 6604480.336187999695539 ], [ 2611180.874915, 6604808.829153000377119 ], [ 2611236.048415999859571, 6605135.535834999755025 ], [ 2611217.95492700021714, 6605639.305649000220001 ], [ 2611159.855345, 6605987.289032000117004 ], [ 2611050.565473, 6606319.533169999718666 ], [ 2610937.745529000181705, 6606474.107049000449479 ], [ 2610824.921405000146478, 6606628.682590000331402 ], [ 2610635.374113, 6606928.696221999824047 ], [ 2610435.383401, 6607152.858424000442028 ], [ 2610117.791038999799639, 6607507.947733 ], [ 2609714.398806000128388, 6607807.143628000281751 ], [ 2609391.545158000197262, 6608100.482811000198126 ], [ 2608136.839407000225037, 6608807.327247000299394 ], [ 2606434.817594000138342, 6609645.453006000258029 ], [ 2604196.757295, 6610669.919532 ], [ 2601375.829742, 6611962.874711999669671 ], [ 2599345.013425999786705, 6612717.476773000322282 ], [ 2598955.880462000146508, 6612887.182941 ], [ 2598495.051589, 6613144.949639 ], [ 2597927.273854999803007, 6613579.277721 ], [ 2597439.271168, 6613982.457591 ], [ 2596951.770494, 6614403.090366999618709 ], [ 2596508.515141, 6614871.576701999641955 ], [ 2596157.423839999828488, 6615273.589603000320494 ], [ 2596139.00294699985534, 6615295.018137999810278 ], [ 2597837.956297, 6617542.366024999879301 ], [ 2601101.630218000151217, 6621699.585811999626458 ], [ 2604239.474400000181049, 6625802.101975999772549 ], [ 2607162.098164, 6629413.440092000178993 ], [ 2610290.792520000133663, 6633265.503138000145555 ], [ 2613348.187650000210851, 6636933.016482999548316 ], [ 2616512.973426000215113, 6640625.110409 ], [ 2619104.806958000175655, 6638389.430653000250459 ], [ 2621429.316837000194937, 6636453.323072999715805 ], [ 2622268.76162, 6635688.958581999875605 ], [ 2622268.764028000179678, 6635688.956359 ], [ 2622762.171599000226706, 6635239.607287 ], [ 2624507.620573, 6633649.589436000213027 ], [ 2624931.240633000154048, 6633268.113266999833286 ], [ 2625354.821258, 6632886.634182999841869 ] ] ] } },
{ "type": "Feature", "properties": { "gml_id": "FossilFuelResource.progn.pow80136", "identifier": "http://inspire.pgi.gov.pl/so/mr/Midas.paliwaKopalne/FossilFuelResource.progn.pow80136", "beginLifespanVersion": null, "localId": "FossilFuelResource.progn.pow80136", "namespace": "http://inspire.pgi.gov.pl/so/mr/Midas.paliwaKopalne", "scalar": null, "scalar_uom": null, "dateOfDiscovery": null, "calorificValue": null, "quantity": null, "verticalExtent": null }, "geometry": { "type": "Polygon", "coordinates": [ [ [ 2557020.691821, 6669304.270534999668598 ], [ 2559221.084559, 6667884.339065999723971 ], [ 2562224.840448999777436, 6666134.636431000195444 ], [ 2564926.006281, 6664654.465475000441074 ], [ 2566101.524854000192136, 6664392.441397000104189 ], [ 2567491.353687999770045, 6664485.934831 ], [ 2569519.153818999882787, 6662000.789959000423551 ], [ 2571581.644326, 6659485.987125 ], [ 2572531.875934000127017, 6658281.323278999887407 ], [ 2574629.184396999888122, 6655768.24762300029397 ], [ 2576725.214346999768168, 6653255.446007999591529 ], [ 2577460.692439000122249, 6653741.551210000179708 ], [ 2579676.083664, 6650573.119009000249207 ], [ 2582281.404116, 6646398.202807 ], [ 2585494.683002000208944, 6641855.378041000105441 ], [ 2587094.727628, 6639279.033415 ], [ 2584249.704938999842852, 6640522.761234999634326 ], [ 2583186.000357000157237, 6641216.011149000376463 ], [ 2582345.676901, 6641959.605972999706864 ], [ 2581471.979851, 6642673.472644000314176 ], [ 2580072.735307000111789, 6643575.367676000110805 ], [ 2578639.959807000122964, 6644447.400247000157833 ], [ 2577613.8088150001131, 6645264.591307000257075 ], [ 2576447.97975, 6646405.906136999838054 ], [ 2575086.456699000205845, 6648001.111122 ], [ 2573471.27969399979338, 6650148.550118000246584 ], [ 2572510.343396, 6651025.26245899964124 ], [ 2570180.485365, 6652833.056974999606609 ], [ 2568241.353773000184447, 6654302.262201 ], [ 2565759.350199, 6655674.642679999582469 ], [ 2563136.722907000221312, 6656800.872929999604821 ], [ 2560874.090229, 6657590.006228 ], [ 2557804.04225, 6658644.200075999833643 ], [ 2556137.162372, 6659368.101486999541521 ], [ 2552900.390042, 6660873.204647 ], [ 2552261.4745590002276, 6661142.146379999816418 ], [ 2552122.057323, 6661365.268912999890745 ], [ 2551530.755082999821752, 6662311.653353 ], [ 2551140.547086, 6663027.481549999676645 ], [ 2550750.272186, 6663743.355670999735594 ], [ 2550260.377082999795675, 6664708.849273 ], [ 2549671.647812, 6665803.300404 ], [ 2549130.12145, 6666693.555920000188053 ], [ 2548587.409535999875516, 6667542.323207999579608 ], [ 2548168.847041000146419, 6668074.477834000252187 ], [ 2547740.013776999898255, 6668643.694744000211358 ], [ 2547197.196215, 6669249.446858 ], [ 2546530.987704, 6670024.728148999623954 ], [ 2546038.313171000219882, 6670664.412534000352025 ], [ 2545504.845652, 6671460.345371999777853 ], [ 2544856.636429000180215, 6672456.045773999765515 ], [ 2544167.956069999840111, 6673752.09824899956584 ], [ 2543918.260435999836773, 6674263.345146000385284 ], [ 2543668.534403, 6674774.617220000363886 ], [ 2543273.360477, 6675693.755775 ], [ 2542859.654217000119388, 6676832.76986899971962 ], [ 2542536.53959000017494, 6677639.809368999674916 ], [ 2542256.204369000159204, 6678180.036542000249028 ], [ 2541945.188313, 6678836.353497000411153 ], [ 2541575.340318, 6679505.393275000154972 ], [ 2541387.874290000181645, 6679931.278095999732614 ], [ 2541351.85892, 6680217.258260999806225 ], [ 2541296.528804, 6680433.258422999642789 ], [ 2541200.557223999872804, 6680749.584253 ], [ 2541200.422544000204653, 6680936.988795000128448 ], [ 2541361.469438999891281, 6680989.02415 ], [ 2541361.469916999805719, 6680989.024125000461936 ], [ 2541722.489339, 6680987.997251000255346 ], [ 2541987.754798000212759, 6680926.888733999803662 ], [ 2542305.17800399987027, 6680779.570789 ], [ 2542925.121843, 6680415.69541999977082 ], [ 2544461.811981999780983, 6678925.204745000228286 ], [ 2545550.356433, 6677946.960970999673009 ], [ 2546618.757923, 6677191.958889000117779 ], [ 2547190.122963, 6676919.049817999824882 ], [ 2547241.944145, 6676865.321740999817848 ], [ 2547723.56842300016433, 6676406.26596499979496 ], [ 2548165.564267000183463, 6675836.176714000292122 ], [ 2548893.472662, 6675026.60621100012213 ], [ 2549491.57913, 6674511.709797999821603 ], [ 2550250.462962000165135, 6673859.776607000268996 ], [ 2550584.065990999806672, 6673614.216114000417292 ], [ 2551125.580652, 6673385.610343 ], [ 2551937.964623999781907, 6673093.173165 ], [ 2553017.584174000192434, 6671931.30120399966836 ], [ 2554907.358434999827296, 6670592.254272 ], [ 2557020.691821, 6669304.270534999668598 ] ] ] } },
{ "type": "Feature", "properties": { "gml_id": "FossilFuelResource.progn.pow80133", "identifier": "http://inspire.pgi.gov.pl/so/mr/Midas.paliwaKopalne/FossilFuelResource.progn.pow80133", "beginLifespanVersion": null, "localId": "FossilFuelResource.progn.pow80133", "namespace": "http://inspire.pgi.gov.pl/so/mr/Midas.paliwaKopalne", "scalar": null, "scalar_uom": null, "dateOfDiscovery": null, "calorificValue": null, "quantity": null, "verticalExtent": null }, "geometry": { "type": "Polygon", "coordinates": [ [ [ 2603149.916559, 6716804.325005000457168 ], [ 2603324.678301999811083, 6716510.023209 ], [ 2603499.427680000197142, 6716215.728698000311852 ], [ 2604301.436819000169635, 6714659.650976999662817 ], [ 2605007.126354, 6713404.470053999684751 ], [ 2605669.917216000147164, 6712314.847213 ], [ 2606432.4235, 6711336.972516000270844 ], [ 2607199.199829999823123, 6710494.040155 ], [ 2608423.276608, 6709279.844751000404358 ], [ 2608974.664165, 6708588.37629 ], [ 2609525.959013000130653, 6707896.932279 ], [ 2610207.693099999800324, 6706806.220320999622345 ], [ 2611010.912589999847114, 6705376.51486000046134 ], [ 2611653.916827000211924, 6703740.338131000287831 ], [ 2612229.21977199986577, 6702385.368983999826014 ], [ 2612567.287899000104517, 6701077.947371000424027 ], [ 2612808.631585, 6699754.725459 ], [ 2612830.07928999979049, 6698179.899857999756932 ], [ 2612905.216610999777913, 6697035.300587000325322 ], [ 2612989.85298699978739, 6696149.718216000124812 ], [ 2613023.997978, 6694929.765715000219643 ], [ 2613015.34730299981311, 6693318.37935599964112 ], [ 2613028.556233999785036, 6691477.202367000281811 ], [ 2612587.844292, 6688907.756148999556899 ], [ 2612531.205792999826372, 6688578.56570199970156 ], [ 2612128.621569000184536, 6686112.103021999821067 ], [ 2612138.646335000172257, 6684361.592282 ], [ 2612120.363971999846399, 6683339.844257 ], [ 2612316.01703599980101, 6682455.204791000112891 ], [ 2612734.748540999833494, 6681410.933425 ], [ 2613077.162697, 6680665.686959999613464 ], [ 2613451.762035000137985, 6680071.564915000461042 ], [ 2614023.59422399988398, 6679406.713627999648452 ], [ 2614618.320632, 6678854.80081 ], [ 2614744.803564, 6678745.602326000109315 ], [ 2615121.149456, 6678421.311858000233769 ], [ 2615675.815099, 6677822.711992999538779 ], [ 2616285.88142, 6677118.14667799975723 ], [ 2616761.159194, 6676397.400760999880731 ], [ 2617011.515809, 6675778.857079000212252 ], [ 2617296.028093, 6674758.996384000405669 ], [ 2617422.65748, 6673839.103747 ], [ 2617547.250141, 6672813.760011999867857 ], [ 2617554.800855, 6672357.423397 ], [ 2617263.940459, 6672088.974030000157654 ], [ 2616883.336228, 6671738.792627999559045 ], [ 2616698.815708000212908, 6671569.103327999822795 ], [ 2616566.779081999789923, 6671440.818517000414431 ], [ 2616170.639760000165552, 6671054.364393999800086 ], [ 2616067.218878, 6670945.90104900021106 ], [ 2615556.746673999819905, 6670409.759537000209093 ], [ 2614933.738289, 6669728.6766959996894 ], [ 2614410.36001, 6669113.003487999550998 ], [ 2614157.949883, 6668819.253131999634206 ], [ 2613625.020502999890596, 6668200.724186999723315 ], [ 2612897.946957, 6667260.917438000440598 ], [ 2612028.800145000219345, 6666169.233207000419497 ], [ 2612179.844213, 6666060.213813000358641 ], [ 2612304.392595, 6665969.674038000404835 ], [ 2612431.909965999890119, 6665872.637625000439584 ], [ 2613138.086943999864161, 6665341.955556999891996 ], [ 2613327.524572, 6665190.058480000123382 ], [ 2613700.545293999835849, 6664902.445317000150681 ], [ 2613679.906125000212342, 6664810.415908999741077 ], [ 2613491.987459000200033, 6663822.412053000181913 ], [ 2613233.193415000103414, 6663095.857626000419259 ], [ 2612928.538986000232399, 6662378.899206000380218 ], [ 2612510.256058999802917, 6661646.64491599984467 ], [ 2612096.215476000215858, 6660800.83576500043273 ], [ 2611698.746442, 6660162.253995999693871 ], [ 2611068.668445, 6659379.720840999856591 ], [ 2611047.947592, 6659355.651130000129342 ], [ 2612231.272407, 6659265.579385000281036 ], [ 2613421.756696000229567, 6659175.893264999613166 ], [ 2614062.837816, 6659096.680436999537051 ], [ 2614871.211373, 6658875.937098000198603 ], [ 2616032.441227000206709, 6658583.975840999744833 ], [ 2617053.010962000116706, 6658234.375245000235736 ], [ 2617606.997843999881297, 6658057.233835999853909 ], [ 2616912.117078000213951, 6657512.376981999725103 ], [ 2616089.651207, 6657030.951015999540687 ], [ 2615253.61197300022468, 6656663.331778000108898 ], [ 2614495.357878999784589, 6656427.162612999789417 ], [ 2613636.250504999887198, 6656269.405144999735057 ], [ 2613113.950458, 6656274.278219000436366 ], [ 2612307.112513000145555, 6656296.686299 ], [ 2611403.790716, 6656291.907273000106215 ], [ 2610546.34222, 6656181.683837000280619 ], [ 2610064.516208, 6655966.212305 ], [ 2609686.822410999797285, 6655720.098608000203967 ], [ 2609375.343046000227332, 6655404.699598000384867 ], [ 2609186.702494999859482, 6655094.795687000267208 ], [ 2609096.157523000147194, 6654572.459451000206172 ], [ 2609112.984611, 6653781.544464999809861 ], [ 2609397.057089999783784, 6653031.301821 ], [ 2609800.10081799980253, 6652125.502661 ], [ 2610571.699767999816686, 6651151.604395000264049 ], [ 2611214.616401, 6650381.550095999613404 ], [ 2611659.958657000213861, 6649608.574871 ], [ 2611998.010615, 6648770.640195 ], [ 2612357.661107, 6647676.777122000232339 ], [ 2612541.663662, 6646804.314070000313222 ], [ 2612790.258413, 6646151.483029999770224 ], [ 2613334.002123000100255, 6645193.666542000137269 ], [ 2613977.725155000109226, 6644138.45102099981159 ], [ 2614769.141236000228673, 6643223.412492999807 ], [ 2615563.266762, 6642440.640413000248373 ], [ 2616350.899991, 6641752.147591999731958 ], [ 2617009.907929, 6641170.18688500020653 ], [ 2617009.907586, 6641170.183873999863863 ], [ 2616512.973426000215113, 6640625.110409 ], [ 2613348.187650000210851, 6636933.016482999548316 ], [ 2610290.792520000133663, 6633265.503138000145555 ], [ 2607162.098164, 6629413.440092000178993 ], [ 2604239.474400000181049, 6625802.101975999772549 ], [ 2601101.630218000151217, 6621699.585811999626458 ], [ 2597837.956297, 6617542.366024999879301 ], [ 2596139.00294699985534, 6615295.018137999810278 ], [ 2596123.020447, 6615313.609882 ], [ 2595992.995945, 6615463.122379000298679 ], [ 2595448.327376999892294, 6616189.096536000259221 ], [ 2595238.98896999983117, 6616438.855271000415087 ], [ 2595005.34828, 6616773.619359999895096 ], [ 2594687.862044, 6617266.794917000457644 ], [ 2594233.33513, 6617637.116073000244796 ], [ 2593727.343853999860585, 6617934.32470600027591 ], [ 2593312.112631000112742, 6618041.095098 ], [ 2593312.111664, 6618041.09483699966222 ], [ 2592718.897725, 6618032.578927 ], [ 2592718.896598999854177, 6618032.578675 ], [ 2591785.025047999806702, 6617928.097330999560654 ], [ 2590708.33888000017032, 6617921.715398999862373 ], [ 2590212.7253, 6618148.448159 ], [ 2589838.631651000119746, 6618512.899935999885201 ], [ 2589537.232280999887735, 6619129.488334000110626 ], [ 2589428.144626, 6619709.98719699960202 ], [ 2589204.17925, 6620371.972166 ], [ 2588940.580598, 6620931.856227999553084 ], [ 2588445.344993, 6621646.773396999575198 ], [ 2588003.579119000118226, 6622401.438370999880135 ], [ 2587684.005295, 6623107.876604000106454 ], [ 2587363.863736, 6624267.759905000217259 ], [ 2586942.512726, 6625494.520785000175238 ], [ 2586531.792721, 6626499.926486999727786 ], [ 2586229.574188, 6627212.492997 ], [ 2585954.936189999803901, 6627946.553574999794364 ], [ 2585581.776895000133663, 6628626.356271999888122 ], [ 2585234.796966999769211, 6629334.057350999675691 ], [ 2584829.790982999838889, 6630014.902633000165224 ], [ 2584318.703511000145227, 6630761.075690999627113 ], [ 2583972.084855, 6631169.558809 ], [ 2583302.770298, 6631887.097667999565601 ], [ 2582460.260892, 6632765.892199999652803 ], [ 2581686.199209, 6633548.682957 ], [ 2581048.533791, 6634168.136900999583304 ], [ 2580241.218464000150561, 6634802.179893 ], [ 2579471.818147, 6635325.153590999543667 ], [ 2578589.841339999809861, 6635913.535857000388205 ], [ 2577812.19913, 6636433.477919000200927 ], [ 2576875.897055, 6636856.053991000168025 ], [ 2576057.424908, 6637235.273772000335157 ], [ 2574964.614260000176728, 6637692.508618 ], [ 2574070.205635999795049, 6638255.430323 ], [ 2573076.562541, 6639020.356506999582052 ], [ 2572302.455554000101984, 6639686.489230999723077 ], [ 2571700.541574, 6640430.554976000450552 ], [ 2571013.722048, 6641323.724653 ], [ 2570225.934124, 6642474.895522999577224 ], [ 2569527.872198, 6643432.258709999732673 ], [ 2568911.158104000147432, 6644234.279384000226855 ], [ 2568633.853440000209957, 6644545.548546999692917 ], [ 2571449.182229000143707, 6643872.730960000306368 ], [ 2571543.200193999800831, 6642729.310479000210762 ], [ 2571976.046556000132114, 6642009.614582000300288 ], [ 2572576.493987999856472, 6641470.209564000368118 ], [ 2573344.546058, 6641111.022637000307441 ], [ 2574468.771809999831021, 6640921.367213999852538 ], [ 2575816.438196000177413, 6640782.156344000250101 ], [ 2576903.805935, 6640499.435379000380635 ], [ 2578226.441586, 6639918.792484999634326 ], [ 2579168.326871000230312, 6639296.436485 ], [ 2580165.7499910001643, 6638544.45736899971962 ], [ 2581453.806323000229895, 6637365.089487000368536 ], [ 2582734.311977, 6636059.756807000376284 ], [ 2583825.206472999881953, 6635302.254347000271082 ], [ 2584810.137528, 6634898.190414000302553 ], [ 2585833.587017000187188, 6634618.135840999893844 ], [ 2586744.051697, 6634565.570169 ], [ 2583713.464518, 6638309.868483000434935 ], [ 2585009.233930999878794, 6637824.590326 ], [ 2587280.227645, 6637314.348135 ], [ 2588419.989434000104666, 6637194.20612100046128 ], [ 2590851.592412, 6633660.146708000451326 ], [ 2595488.4819, 6637008.635521000251174 ], [ 2600373.244347999803722, 6639488.81243299972266 ], [ 2600992.224717, 6642129.632485000416636 ], [ 2602084.957651, 6646789.111898000352085 ], [ 2598063.015012000221759, 6651006.398302 ], [ 2594445.18940299982205, 6654783.163281000219285 ], [ 2593110.471246, 6663934.853458999656141 ], [ 2592941.631878000218421, 6664144.755428999662399 ], [ 2594286.817564, 6664588.514054000377655 ], [ 2595523.092317999806255, 6664910.820034 ], [ 2596759.457845, 6665232.947146000340581 ], [ 2604358.247551000211388, 6668190.894449999555945 ], [ 2607816.743261000141501, 6669550.164215999655426 ], [ 2607281.759883, 6670746.912354 ], [ 2606306.608965000137687, 6678577.48930300027132 ], [ 2605346.7654, 6683075.047466999851167 ], [ 2603425.825931999832392, 6687503.777494999580085 ], [ 2600274.372295999899507, 6690694.32460100017488 ], [ 2596767.454934999812394, 6693854.475134000182152 ], [ 2593940.412147, 6696882.161923999898136 ], [ 2591028.932527, 6699939.88289999961853 ], [ 2588725.391902000177652, 6698141.068118999712169 ], [ 2588723.791962999850512, 6698139.747728000395 ], [ 2586583.734929999802262, 6699012.046884000301361 ], [ 2584443.203228, 6699883.891308000311255 ], [ 2578818.521406999789178, 6698010.632438999600708 ], [ 2576096.751761000137776, 6700805.631590999662876 ], [ 2574024.49080799985677, 6703854.856896 ], [ 2570973.642229000106454, 6707149.747134 ], [ 2569434.165233000181615, 6710397.001408999785781 ], [ 2566628.526786, 6708460.908331000246108 ], [ 2563976.407705000136048, 6709068.78500400017947 ], [ 2559416.78748, 6706395.048430999740958 ], [ 2556946.130963999778032, 6707580.078649000264704 ], [ 2557210.888284999877214, 6707698.653330000117421 ], [ 2557391.649937000125647, 6707804.652215999551117 ], [ 2557589.256676999852061, 6707881.266318 ], [ 2558310.284637, 6708228.136207000352442 ], [ 2558789.279922000132501, 6708514.045311000198126 ], [ 2558967.781825, 6708594.366828000172973 ], [ 2559161.443690999876708, 6708701.594321000389755 ], [ 2560043.352889, 6709182.186215999536216 ], [ 2561024.951973999850452, 6709669.616589000448585 ], [ 2561248.205312999896705, 6709801.71403899975121 ], [ 2561380.255849999841303, 6709881.666028999723494 ], [ 2561925.709911, 6710186.516973 ], [ 2563019.145680999848992, 6710767.137052999809384 ], [ 2563419.188552, 6710969.847629999741912 ], [ 2564021.448128, 6711236.044134000316262 ], [ 2564209.762244, 6711319.220293999649584 ], [ 2564881.643212, 6711607.540202000178397 ], [ 2565516.671031999867409, 6711895.240806999616325 ], [ 2565999.361595000140369, 6712124.476998000405729 ], [ 2566192.568124, 6712209.087022 ], [ 2566686.287897999864072, 6712429.941649000160396 ], [ 2567291.963183000218123, 6712695.848860000260174 ], [ 2567842.980721999891102, 6712898.947077999822795 ], [ 2568440.169394, 6713145.7281 ], [ 2569107.445921999868006, 6713430.680107999593019 ], [ 2569809.840950999874622, 6713764.438339999876916 ], [ 2570981.604717, 6714354.877837000414729 ], [ 2571638.194006000179797, 6714820.11325899977237 ], [ 2572817.64281400013715, 6715307.701030000112951 ], [ 2572742.1932, 6715276.406112999655306 ], [ 2573319.230887, 6714841.485888999886811 ], [ 2574147.78173, 6714009.2161830002442 ], [ 2574802.489445, 6713133.777602000162005 ], [ 2574835.497762000188231, 6713082.963511999696493 ], [ 2574972.554316, 6713190.723880999721587 ], [ 2575443.668058, 6713561.295 ], [ 2575617.760011999867857, 6713700.935064 ], [ 2576356.938728999812156, 6714295.215954000130296 ], [ 2576734.132247999776155, 6714631.529462000355124 ], [ 2577066.713442999869585, 6714867.822360999882221 ], [ 2577804.452252000104636, 6715460.49229700025171 ], [ 2578467.038893000222743, 6716003.890023999847472 ], [ 2578830.100897000171244, 6716290.726344999857247 ], [ 2579086.557436999864876, 6716498.679000999778509 ], [ 2579766.251397000160068, 6717072.101417999714613 ], [ 2580132.421757, 6717352.389526000246406 ], [ 2580869.791799, 6717917.62249100022018 ], [ 2581323.469442000146955, 6718277.330048000440001 ], [ 2581453.69839, 6718392.497073999606073 ], [ 2581657.483773999847472, 6718552.119715999811888 ], [ 2582461.045105, 6719176.456968000158668 ], [ 2582844.018265999853611, 6719475.502541 ], [ 2583507.845063, 6720038.038084999658167 ], [ 2583768.03620499977842, 6720255.484363 ], [ 2583975.557521, 6720429.458767999894917 ], [ 2584630.692040000110865, 6720964.869284000247717 ], [ 2585501.8523, 6721632.111522999592125 ], [ 2585908.624444, 6721914.279566000215709 ], [ 2586319.306237999815494, 6722165.729434999637306 ], [ 2586507.531986, 6722335.442037000320852 ], [ 2586956.0705, 6722720.951449999585748 ], [ 2587262.363568, 6723022.275708000175655 ], [ 2587550.6857739998959, 6723312.882167999632657 ], [ 2587754.85590700013563, 6723581.929263000376523 ], [ 2587869.731370000168681, 6723766.781511999666691 ], [ 2588569.321037999819964, 6724163.851808999665082 ], [ 2589654.444184000138193, 6723936.200539999641478 ], [ 2590844.607764, 6723627.844918999820948 ], [ 2592054.55748699977994, 6723338.831721999682486 ], [ 2593461.524086, 6722908.195901 ], [ 2594895.69214, 6722428.175983999855816 ], [ 2596203.372329, 6721914.126162 ], [ 2598086.470743999816477, 6721072.389313000254333 ], [ 2599491.03258700016886, 6720313.344293000176549 ], [ 2600153.900084, 6719896.804348000325263 ], [ 2600816.69857499981299, 6719480.234089000150561 ], [ 2601899.266326, 6718558.349224000237882 ], [ 2602800.355982, 6717392.950609999708831 ], [ 2603149.916559, 6716804.325005000457168 ] ] ] } },
{ "type": "Feature", "properties": { "gml_id": "FossilFuelResource.per.pow76824", "identifier": "http://inspire.pgi.gov.pl/so/mr/Midas.paliwaKopalne/FossilFuelResource.per.pow76824", "beginLifespanVersion": null, "localId": "FossilFuelResource.per.pow76824", "namespace": "http://inspire.pgi.gov.pl/so/mr/Midas.paliwaKopalne", "scalar": -88.4, "scalar_uom": "m", "dateOfDiscovery": null, "calorificValue": null, "quantity": null, "verticalExtent": null }, "geometry": { "type": "Polygon", "coordinates": [ [ [ 1908544.33062, 6840153.546211999841034 ], [ 1912627.153337, 6835681.277421000413597 ], [ 1915615.392244, 6832969.353706000372767 ], [ 1918601.631803999887779, 6830257.196185999549925 ], [ 1920057.638111, 6828740.294749000109732 ], [ 1921286.931574, 6827515.988946000114083 ], [ 1923322.736395, 6825549.924301999621093 ], [ 1924166.492215, 6824780.273201 ], [ 1925010.087857, 6824010.604232000187039 ], [ 1927830.250797, 6821657.598677 ], [ 1929979.596730000106618, 6819856.889527999795973 ], [ 1931127.802547000115737, 6818927.159358999691904 ], [ 1928379.719713999889791, 6815665.655468 ], [ 1925336.556213, 6817931.897099999710917 ], [ 1923931.623715, 6819134.244198 ], [ 1921930.161908, 6820913.139092000201344 ], [ 1920587.345043, 6822171.111166000366211 ], [ 1920057.791479999898002, 6822746.579497000202537 ], [ 1915973.506783, 6826501.989942999556661 ], [ 1911885.436295, 6830257.003806999884546 ], [ 1901504.113368, 6841927.69855900015682 ], [ 1901645.059793000109494, 6851602.393158 ], [ 1904554.901419, 6851641.225215000100434 ], [ 1904456.983312, 6844626.131986999884248 ], [ 1906501.222978, 6842389.79971699975431 ], [ 1908544.33062, 6840153.546211999841034 ] ] ] } },
{ "type": "Feature", "properties": { "gml_id": "FossilFuelResource.progn.pow76558", "identifier": "http://inspire.pgi.gov.pl/so/mr/Midas.paliwaKopalne/FossilFuelResource.progn.pow76558", "beginLifespanVersion": null, "localId": "FossilFuelResource.progn.pow76558", "namespace": "http://inspire.pgi.gov.pl/so/mr/Midas.paliwaKopalne", "scalar": -51.8, "scalar_uom": "m", "dateOfDiscovery": null, "calorificValue": null, "quantity": null, "verticalExtent": null }, "geometry": { "type": "Polygon", "coordinates": [ [ [ 2055100.683355000102893, 6903425.648214000277221 ], [ 2055790.95329, 6903433.800783 ], [ 2056580.159323999891058, 6903456.167620999738574 ], [ 2057579.112465, 6903550.462684 ], [ 2058151.581651, 6903624.370411000214517 ], [ 2058109.308238, 6903294.141126000322402 ], [ 2058095.569488999899477, 6902916.410380999557674 ], [ 2058105.10757, 6902641.911178999580443 ], [ 2058176.470806, 6902288.744664999656379 ], [ 2058303.571341, 6901878.268543000333011 ], [ 2058435.203411, 6901599.406410999596119 ], [ 2058709.012415, 6901140.192026999779046 ], [ 2058635.627950999885798, 6900932.888426000252366 ], [ 2058497.93108, 6900410.888933000154793 ], [ 2058406.573748, 6900102.201070000417531 ], [ 2058336.940992, 6899787.321219 ], [ 2058314.268157, 6899511.804619000293314 ], [ 2058339.01139000011608, 6899108.675351999700069 ], [ 2058453.162481, 6898450.134564000181854 ], [ 2058647.306244, 6897807.330849999561906 ], [ 2058767.798942, 6897507.242544 ], [ 2058888.282624, 6897207.163513000123203 ], [ 2059033.159832, 6896899.866124000400305 ], [ 2058802.774857, 6896730.304304 ], [ 2058640.620886000106111, 6896606.19465299975127 ], [ 2058175.734344, 6896231.879870999604464 ], [ 2057951.492978, 6896040.975426999852061 ], [ 2057691.779109, 6895789.604297 ], [ 2057475.55691, 6895523.587182999588549 ], [ 2057319.065993, 6895238.152514999732375 ], [ 2057237.090121, 6895033.349701999686658 ], [ 2057126.916958, 6894959.50121400039643 ], [ 2056767.866239000111818, 6894941.540792999789119 ], [ 2056512.007964000105858, 6894889.49492899980396 ], [ 2056561.238831, 6895478.06570400018245 ], [ 2056531.90279, 6895703.173758000135422 ], [ 2056452.151382, 6896141.89522899966687 ], [ 2056402.353762000100687, 6896337.798747999593616 ], [ 2056315.161054, 6896835.540939000435174 ], [ 2056215.718276999890804, 6897375.948482999578118 ], [ 2056150.977693000109866, 6897691.411330999806523 ], [ 2056078.526355, 6897966.802826999686658 ], [ 2055943.860164, 6898285.224468999542296 ], [ 2055800.347433000104502, 6898549.479572 ], [ 2055755.550948, 6898601.75167900044471 ], [ 2055535.125044000102207, 6898760.967181 ], [ 2055371.754862, 6898825.233470000326633 ], [ 2055151.839135, 6898878.354193000122905 ], [ 2054549.136401, 6898910.935910999774933 ], [ 2054529.632604, 6899007.205598000437021 ], [ 2054492.722649999894202, 6899140.556072999723256 ], [ 2054469.80981, 6899333.671048000454903 ], [ 2054457.55781, 6899376.33088400028646 ], [ 2054418.882345, 6899407.278927999548614 ], [ 2054321.743043000111356, 6899420.016862999647856 ], [ 2054246.820596, 6899411.968352000229061 ], [ 2054181.877326, 6899425.827614 ], [ 2054153.542289, 6899467.918162999674678 ], [ 2054146.096803, 6899526.906905 ], [ 2054163.953778, 6899629.902892 ], [ 2054290.734742, 6899995.315417 ], [ 2054374.185135, 6900219.152274000458419 ], [ 2054519.726571, 6900662.852915000170469 ], [ 2054665.284115, 6901106.575144999660552 ], [ 2054700.009431000100449, 6901188.626567999832332 ], [ 2054735.55607, 6901400.018933 ], [ 2054730.888682000106201, 6901685.426257999613881 ], [ 2054667.771848999895155, 6901952.614625000394881 ], [ 2054580.646483, 6902138.128182999789715 ], [ 2054381.202873, 6902308.906588999554515 ], [ 2053911.562381, 6902674.882156999781728 ], [ 2053411.368349000113085, 6903037.622651999816298 ], [ 2053053.952859, 6903267.439716000109911 ], [ 2052910.589727000100538, 6903370.136016 ], [ 2052838.583981999894604, 6903415.529098000377417 ], [ 2053969.632519, 6903420.668568000197411 ], [ 2054252.395154, 6903421.928449000231922 ], [ 2055100.683355000102893, 6903425.648214000277221 ] ] ] } },
{ "type": "Feature", "properties": { "gml_id": "FossilFuelResource.progn.pow76679", "identifier": "http://inspire.pgi.gov.pl/so/mr/Midas.paliwaKopalne/FossilFuelResource.progn.pow76679", "beginLifespanVersion": null, "localId": "FossilFuelResource.progn.pow76679", "namespace": "http://inspire.pgi.gov.pl/so/mr/Midas.paliwaKopalne", "scalar": -9999.0, "scalar_uom": "m", "dateOfDiscovery": null, "calorificValue": null, "quantity": null, "verticalExtent": null }, "geometry": { "type": "Polygon", "coordinates": [ [ [ 1648775.578561, 6745417.917566999793053 ], [ 1649365.664654, 6745953.570217000320554 ], [ 1650302.841636, 6746770.731026000343263 ], [ 1651150.204832, 6747451.83887 ], [ 1651772.517223, 6747851.687486999668181 ], [ 1652340.947799, 6748133.662025 ], [ 1653306.720248, 6748479.821385 ], [ 1654426.13595, 6748835.216536000370979 ], [ 1655486.16943, 6747053.199078000150621 ], [ 1655206.830513, 6746699.568288000300527 ], [ 1654981.781096, 6746300.776119000278413 ], [ 1654793.084761, 6745793.424379999749362 ], [ 1654631.795858, 6745114.148864000104368 ], [ 1654560.234276, 6744760.981963000260293 ], [ 1654425.222769000101835, 6744534.423960999585688 ], [ 1654272.345584, 6744217.325415000319481 ], [ 1654101.698458, 6743755.37349500041455 ], [ 1653841.904453, 6742732.151348000392318 ], [ 1653779.464099, 6742351.941495000384748 ], [ 1653717.333309999899939, 6741817.919843000359833 ], [ 1653654.92356, 6741428.700400999747217 ], [ 1653529.110074, 6741156.999812999740243 ], [ 1653223.471516000106931, 6740568.25838700029999 ], [ 1653079.778777, 6740233.209847999736667 ], [ 1653035.170237000100315, 6740010.037112000398338 ], [ 1652978.52391, 6739914.359450000338256 ], [ 1652807.1674, 6739716.674286000430584 ], [ 1652596.610162, 6739443.547547000460327 ], [ 1652403.772542, 6739256.578084000386298 ], [ 1652125.21656, 6739001.259902999736369 ], [ 1652039.470993, 6738938.289908000268042 ], [ 1651953.726929000113159, 6738875.319546000100672 ], [ 1651767.766445, 6738828.27950599975884 ], [ 1651492.429529, 6738745.147799000144005 ], [ 1650966.627841, 6738668.606607000343502 ], [ 1650612.576893, 6738585.263295000419021 ], [ 1650380.347355, 6738444.814313 ], [ 1650169.670850000111386, 6738268.528962000273168 ], [ 1650073.301997999893501, 6738167.852277000434697 ], [ 1649966.503467, 6737945.17998499982059 ], [ 1649906.157839, 6737751.332015999592841 ], [ 1649888.665827, 6737589.878414999693632 ], [ 1649913.980895, 6737478.749892000108957 ], [ 1650086.495474, 6737149.188016000203788 ], [ 1650219.64845, 6736823.120411000214517 ], [ 1650363.6033, 6736461.229384999722242 ], [ 1650522.137811, 6735981.041225999593735 ], [ 1650637.372549, 6735654.970766000449657 ], [ 1650709.605219, 6735353.928515000268817 ], [ 1650742.652857, 6734988.238653000444174 ], [ 1650793.40152, 6734697.922102999873459 ], [ 1650862.383757, 6734253.470680000260472 ], [ 1650949.733645, 6733593.980788 ], [ 1650997.641331, 6732981.04677200037986 ], [ 1651052.192547, 6732579.668150999583304 ], [ 1651131.781783000100404, 6732171.211113000288606 ], [ 1651229.660577999893576, 6731583.587310000322759 ], [ 1651345.323776, 6731028.303910000249743 ], [ 1651453.868263, 6730444.360581000335515 ], [ 1651505.133891, 6729899.768507 ], [ 1651581.315072, 6729398.250548999756575 ], [ 1651617.738453, 6729097.333293000236154 ], [ 1651657.957079, 6728685.363989000208676 ], [ 1651665.94347899989225, 6728309.183674000203609 ], [ 1651620.1587, 6728011.698012 ], [ 1651556.456900000106543, 6727732.109842999838293 ], [ 1651439.119359999895096, 6727473.895453999750316 ], [ 1651303.885259999893606, 6727233.57273400016129 ], [ 1651089.994247, 6727014.558640999719501 ], [ 1650893.760652, 6726895.889455 ], [ 1650651.086278, 6726773.516466000117362 ], [ 1650455.676317, 6726664.859445 ], [ 1650537.830682, 6727015.392570000141859 ], [ 1650497.683284, 6727370.030642 ], [ 1650431.449087, 6727667.699792000465095 ], [ 1650203.842984, 6727859.858311999589205 ], [ 1649482.033356, 6728261.031986 ], [ 1649440.784153, 6729036.245761999860406 ], [ 1648968.207842, 6729315.389507999643683 ], [ 1647878.611590000102296, 6729928.023706000298262 ], [ 1646788.85481, 6730540.55122600030154 ], [ 1646002.027844, 6730998.322908 ], [ 1645149.15534899989143, 6730502.881163000129163 ], [ 1645206.391075, 6730782.643109999597073 ], [ 1645301.859079, 6731134.154826999641955 ], [ 1645372.482053, 6731428.270870000123978 ], [ 1645464.615702, 6731700.964168 ], [ 1645592.36446400010027, 6732020.345503999851644 ], [ 1645784.632134, 6732289.759257 ], [ 1645930.414056, 6732562.634635999798775 ], [ 1646154.472078, 6732975.545378999784589 ], [ 1646382.1321, 6733384.886912999674678 ], [ 1646570.418978, 6733819.242944000288844 ], [ 1646869.351499, 6734336.384720000438392 ], [ 1647328.407805, 6735162.37799 ], [ 1647545.373847, 6735604.043337999843061 ], [ 1647595.195079, 6735697.416789 ], [ 1647615.944139, 6735955.682248 ], [ 1647647.310396, 6736260.598345999605954 ], [ 1647710.818062, 6736587.139496999792755 ], [ 1647767.138157, 6736920.833071 ], [ 1647797.052945999894291, 6737105.629150999709964 ], [ 1647826.968947000103071, 6737290.429344999603927 ], [ 1647854.761561, 6737595.384678999893367 ], [ 1647875.16328, 6737993.610361999832094 ], [ 1647863.269203, 6738420.443757000379264 ], [ 1647880.018587, 6738843.812250999733806 ], [ 1647900.974164, 6739037.594833999872208 ], [ 1647957.68106499989517, 6739242.236887999810278 ], [ 1648064.432172, 6739468.551617000252008 ], [ 1648217.777727, 6739666.283072999678552 ], [ 1648424.65036, 6739928.745985999703407 ], [ 1648459.978884, 6740009.913840999826789 ], [ 1648806.58152, 6742150.540935999713838 ], [ 1648820.567444, 6743725.314402 ], [ 1647313.170508, 6743648.859123 ], [ 1647456.661208, 6743993.203103999607265 ], [ 1647816.572448, 6744437.715196000412107 ], [ 1648775.578561, 6745417.917566999793053 ] ] ] } },
{ "type": "Feature", "properties": { "gml_id": "FossilFuelResource.progn.pow76673", "identifier": "http://inspire.pgi.gov.pl/so/mr/Midas.paliwaKopalne/FossilFuelResource.progn.pow76673", "beginLifespanVersion": null, "localId": "FossilFuelResource.progn.pow76673", "namespace": "http://inspire.pgi.gov.pl/so/mr/Midas.paliwaKopalne", "scalar": -169.0, "scalar_uom": "m", "dateOfDiscovery": null, "calorificValue": null, "quantity": null, "verticalExtent": null }, "geometry": { "type": "Polygon", "coordinates": [ [ [ 1655786.065941999899223, 6809094.817157999612391 ], [ 1656587.470146, 6808458.584141000173986 ], [ 1656780.694223, 6808279.802838999778032 ], [ 1657059.697270999895409, 6808065.338906000368297 ], [ 1657274.229004, 6807943.908628 ], [ 1657617.508383, 6807736.690651999786496 ], [ 1657946.655584, 6807407.684055999852717 ], [ 1658175.767688999883831, 6807064.221523 ], [ 1658491.129207, 6806348.449955999851227 ], [ 1658577.139503, 6806133.711499 ], [ 1658598.804664, 6805961.868491999804974 ], [ 1658570.568099, 6805725.499633000232279 ], [ 1658456.843548, 6805324.312721 ], [ 1658285.946385, 6804944.541640999726951 ], [ 1658136.247282, 6804743.845758999697864 ], [ 1657772.469644, 6804421.089025000110269 ], [ 1657408.578587, 6804191.422844000160694 ], [ 1657130.244135, 6804069.265483999624848 ], [ 1656883.953546, 6804008.012931000441313 ], [ 1656637.667088000103831, 6803946.753448000177741 ], [ 1656230.603424, 6803946.078884 ], [ 1655973.399067, 6804010.088265 ], [ 1655566.06850800011307, 6804159.734416999854147 ], [ 1655008.524992, 6804430.817327000200748 ], [ 1654615.158734, 6804723.660013999789953 ], [ 1654436.110827999887988, 6804981.100889000110328 ], [ 1654414.414514, 6805124.277851999737322 ], [ 1654407.142342, 6805195.873997 ], [ 1654456.928280000109226, 6805310.539811000227928 ], [ 1654570.898489, 6805475.460510999895632 ], [ 1654834.939954, 6805604.855657 ], [ 1655191.839337, 6805748.739214999601245 ], [ 1655534.545935, 6805835.278377000242472 ], [ 1655712.968104, 6805928.690205000340939 ], [ 1655819.786117, 6806122.24696599971503 ], [ 1655855.14679, 6806329.99474 ], [ 1655776.075954, 6806616.343999999575317 ], [ 1655700.815691, 6806755.873726 ], [ 1655625.552784, 6806895.404888999648392 ], [ 1655367.637893, 6807303.208894999697804 ], [ 1655002.485881, 6807739.488548000343144 ], [ 1654802.110215000109747, 6807911.028895 ], [ 1654594.745671, 6807989.432016000151634 ], [ 1654308.636921, 6808153.646180000156164 ], [ 1654122.641499, 6808267.915431000292301 ], [ 1654015.138234, 6808432.470067 ], [ 1654007.61983, 6808618.711937 ], [ 1654014.468466, 6808776.322859999723732 ], [ 1654078.369222, 6808984.21824000030756 ], [ 1654199.511829, 6809163.548434000462294 ], [ 1654342.177731999894604, 6809299.956790000200272 ], [ 1654506.406711, 6809371.91665199957788 ], [ 1654713.564532000105828, 6809415.288870999589562 ], [ 1654892.21392, 6809422.779428999871016 ], [ 1655056.619519, 6809401.59068899974227 ], [ 1655221.024523, 6809380.398788999766111 ], [ 1655786.065941999899223, 6809094.817157999612391 ] ] ] } },
{ "type": "Feature", "properties": { "gml_id": "FossilFuelResource.progn.pow76553", "identifier": "http://inspire.pgi.gov.pl/so/mr/Midas.paliwaKopalne/FossilFuelResource.progn.pow76553", "beginLifespanVersion": null, "localId": "FossilFuelResource.progn.pow76553", "namespace": "http://inspire.pgi.gov.pl/so/mr/Midas.paliwaKopalne", "scalar": -31.6, "scalar_uom": "m", "dateOfDiscovery": null, "calorificValue": null, "quantity": null, "verticalExtent": null }, "geometry": { "type": "Polygon", "coordinates": [ [ [ 2022506.216441999888048, 6832748.974871000275016 ], [ 2022630.668846, 6832752.975770999677479 ], [ 2022916.589366, 6832750.196026000194252 ], [ 2023132.09481, 6832765.608928999863565 ], [ 2023216.364618000108749, 6832749.677418 ], [ 2023300.633935, 6832733.745215999893844 ], [ 2023429.583495, 6832644.435465999878943 ], [ 2023495.391774, 6832475.760122999548912 ], [ 2023504.609473, 6832238.491274000145495 ], [ 2023506.056954, 6832021.895761 ], [ 2023431.278697999892756, 6831793.56629899982363 ], [ 2023365.210843, 6831700.14181699976325 ], [ 2023297.381787, 6831652.062176999635994 ], [ 2023113.223479, 6831637.880839999765158 ], [ 2022753.712868, 6831651.771551 ], [ 2022637.940201, 6831671.700543999671936 ], [ 2022314.056286, 6831665.997453999705613 ], [ 2022067.67332600010559, 6831638.860651000402868 ], [ 2021693.635124, 6831578.751557 ], [ 2021595.42219699989073, 6831585.386587999761105 ], [ 2021465.038026, 6831622.201429000124335 ], [ 2021410.108637, 6831689.917026 ], [ 2021360.714931, 6831883.666531000286341 ], [ 2021382.278387, 6832045.254544000141323 ], [ 2021394.210772, 6832185.496802999638021 ], [ 2021486.274543, 6832416.266152 ], [ 2021544.550108, 6832530.395775999873877 ], [ 2021665.743466, 6832639.996766 ], [ 2021768.234297000104561, 6832692.949439000338316 ], [ 2021867.65727400011383, 6832735.286984999664128 ], [ 2021982.781629, 6832732.819654 ], [ 2022057.820655, 6832734.890499000437558 ], [ 2022132.859725000103936, 6832736.960645999759436 ], [ 2022506.216441999888048, 6832748.974871000275016 ] ] ] } },
{ "type": "Feature", "properties": { "gml_id": "FossilFuelResource.progn.pow76556", "identifier": "http://inspire.pgi.gov.pl/so/mr/Midas.paliwaKopalne/FossilFuelResource.progn.pow76556", "beginLifespanVersion": null, "localId": "FossilFuelResource.progn.pow76556", "namespace": "http://inspire.pgi.gov.pl/so/mr/Midas.paliwaKopalne", "scalar": -81.4, "scalar_uom": "m", "dateOfDiscovery": null, "calorificValue": null, "quantity": null, "verticalExtent": null }, "geometry": { "type": "Polygon", "coordinates": [ [ [ 2021882.100369999883696, 6897118.164276000112295 ], [ 2021821.182928999885917, 6897915.463414999656379 ], [ 2021732.76166, 6899313.297071999870241 ], [ 2021742.698577, 6900148.858891 ], [ 2022242.213623, 6900138.027312000282109 ], [ 2022741.012385, 6900145.45278 ], [ 2023018.178651, 6900217.396943000145257 ], [ 2023295.349926, 6900289.332356000319123 ], [ 2024217.013664, 6900691.746127 ], [ 2024541.804792, 6900948.643903999589384 ], [ 2024591.501169, 6901033.002802000381052 ], [ 2024641.198419, 6901117.362276 ], [ 2024726.348439, 6901432.045252 ], [ 2024918.487248, 6901500.601417999714613 ], [ 2025143.375012, 6901509.384173000231385 ], [ 2025648.836183999897912, 6901504.691727000288665 ], [ 2025963.018135, 6901565.766370999626815 ], [ 2026034.773679, 6901599.092325 ], [ 2026256.13478, 6901070.451090999878943 ], [ 2026453.563262, 6900687.429890999570489 ], [ 2027081.225535, 6899722.920603999868035 ], [ 2027169.080277, 6898865.724101999774575 ], [ 2027250.145191, 6898184.098926999606192 ], [ 2027256.491403, 6898019.574276000261307 ], [ 2027073.820761, 6897707.37363800033927 ], [ 2026660.631119, 6897062.811948000453413 ], [ 2026483.94876, 6896777.382910000160336 ], [ 2025984.979969, 6895971.228063999675214 ], [ 2025895.11444, 6895778.595653999596834 ], [ 2025874.238892, 6895375.136641000397503 ], [ 2025906.74083, 6894693.160934000276029 ], [ 2025953.712089, 6894156.745632000267506 ], [ 2025852.373521, 6894142.293282000347972 ], [ 2022186.456441000103951, 6893618.591941 ], [ 2022100.210064, 6894576.054258000105619 ], [ 2021943.00522, 6896320.942942 ], [ 2021912.554287, 6896719.54386300034821 ], [ 2021897.32764, 6896918.851549999788404 ], [ 2021882.100369999883696, 6897118.164276000112295 ] ] ] } },
{ "type": "Feature", "properties": { "gml_id": "FossilFuelResource.per.pow81058", "identifier": "http://inspire.pgi.gov.pl/so/mr/Midas.paliwaKopalne/FossilFuelResource.per.pow81058", "beginLifespanVersion": null, "localId": "FossilFuelResource.per.pow81058", "namespace": "http://inspire.pgi.gov.pl/so/mr/Midas.paliwaKopalne", "scalar": null, "scalar_uom": null, "dateOfDiscovery": null, "calorificValue": null, "quantity": null, "verticalExtent": null }, "geometry": { "type": "Polygon", "coordinates": [ [ [ 1969083.485638, 7038709.871787000447512 ], [ 1993291.980476999888197, 7021481.892444999888539 ], [ 1979748.412802, 7001589.861709999851882 ], [ 1962412.625064, 7014097.412039999850094 ], [ 1941180.213219, 7029337.522508 ], [ 1947882.046778, 7038114.016477 ], [ 1947881.639677, 7053706.304476999677718 ], [ 1955030.818998999893665, 7048659.14198200032115 ], [ 1969083.485638, 7038709.871787000447512 ] ] ] } },
{ "type": "Feature", "properties": { "gml_id": "FossilFuelResource.progn.pow78976", "identifier": "http://inspire.pgi.gov.pl/so/mr/Midas.paliwaKopalne/FossilFuelResource.progn.pow78976", "beginLifespanVersion": null, "localId": "FossilFuelResource.progn.pow78976", "namespace": "http://inspire.pgi.gov.pl/so/mr/Midas.paliwaKopalne", "scalar": -59.4, "scalar_uom": "m", "dateOfDiscovery": null, "calorificValue": null, "quantity": null, "verticalExtent": null }, "geometry": { "type": "Polygon", "coordinates": [ [ [ 1976627.051161, 6846149.95104799978435 ], [ 1976786.799826999893412, 6846086.422763999551535 ], [ 1977158.377062000101432, 6845963.45193799957633 ], [ 1977499.228646, 6845922.252256000414491 ], [ 1978117.326244999887422, 6845785.813570000231266 ], [ 1978217.890003, 6845734.610971 ], [ 1978266.582563, 6845629.612274000421166 ], [ 1978285.463362, 6845553.503712999634445 ], [ 1978252.375819, 6845429.479294000193477 ], [ 1978218.294535000110045, 6845364.229857999831438 ], [ 1978149.337424, 6845280.750353000126779 ], [ 1977974.559343, 6845213.105302999727428 ], [ 1977694.261547, 6845143.656041 ], [ 1977472.191703000105917, 6845098.708819 ], [ 1977308.146506, 6845090.022660000249743 ], [ 1977172.210723999887705, 6845152.361421000212431 ], [ 1977016.808305, 6845289.56715300027281 ], [ 1976957.491756, 6845351.410763000138104 ], [ 1976920.067066, 6845494.897593 ], [ 1976918.058612, 6845612.446674999780953 ], [ 1976842.689585, 6845672.256885999813676 ], [ 1976692.96281, 6845743.801370999775827 ], [ 1976658.365756, 6845762.470921999774873 ], [ 1976545.907359, 6845823.155330000445247 ], [ 1976495.778035, 6845943.762875 ], [ 1976464.364981, 6846019.339288 ], [ 1976487.28159, 6846110.666524999774992 ], [ 1976627.051161, 6846149.95104799978435 ] ] ] } },
{ "type": "Feature", "properties": { "gml_id": "FossilFuelResource.progn.pow78975", "identifier": "http://inspire.pgi.gov.pl/so/mr/Midas.paliwaKopalne/FossilFuelResource.progn.pow78975", "beginLifespanVersion": null, "localId": "FossilFuelResource.progn.pow78975", "namespace": "http://inspire.pgi.gov.pl/so/mr/Midas.paliwaKopalne", "scalar": -59.4, "scalar_uom": "m", "dateOfDiscovery": null, "calorificValue": null, "quantity": null, "verticalExtent": null }, "geometry": { "type": "Polygon", "coordinates": [ [ [ 1974277.785760999890044, 6847706.985961000435054 ], [ 1974275.226046, 6847853.96148999966681 ], [ 1974342.117582, 6848055.083836000412703 ], [ 1974428.242679, 6848162.44907 ], [ 1974508.403312, 6848275.591662 ], [ 1974637.219703, 6848289.60419400036335 ], [ 1974809.435141, 6848169.105410999618471 ], [ 1974931.646192, 6847936.622068 ], [ 1975120.026348, 6847509.979519000276923 ], [ 1975248.254857, 6847218.184281 ], [ 1975362.918264, 6847032.006143 ], [ 1975578.372597, 6846782.897749000228941 ], [ 1975716.070541, 6846620.643806000240147 ], [ 1975758.734889, 6846527.303821999579668 ], [ 1975753.783211, 6846474.299189999699593 ], [ 1975713.753376, 6846414.807540000416338 ], [ 1975649.4603, 6846401.93383099976927 ], [ 1975471.245018, 6846388.249117 ], [ 1975249.947128, 6846442.038360999897122 ], [ 1975102.246335, 6846504.148276999592781 ], [ 1974871.742906, 6846605.972813 ], [ 1974676.108152, 6846726.040806000120938 ], [ 1974565.874933, 6846876.349585000425577 ], [ 1974416.309599, 6847162.517470000311732 ], [ 1974312.122253, 6847419.435021 ], [ 1974277.785760999890044, 6847706.985961000435054 ] ] ] } },
{ "type": "Feature", "properties": { "gml_id": "FossilFuelResource.progn.pow76680", "identifier": "http://inspire.pgi.gov.pl/so/mr/Midas.paliwaKopalne/FossilFuelResource.progn.pow76680", "beginLifespanVersion": null, "localId": "FossilFuelResource.progn.pow76680", "namespace": "http://inspire.pgi.gov.pl/so/mr/Midas.paliwaKopalne", "scalar": -81.5, "scalar_uom": "m", "dateOfDiscovery": null, "calorificValue": null, "quantity": null, "verticalExtent": null }, "geometry": { "type": "Polygon", "coordinates": [ [ [ 1697968.23727, 6691993.88281000033021 ], [ 1698124.460600000107661, 6692215.42559100035578 ], [ 1698304.908275, 6692417.994028000161052 ], [ 1698490.178104, 6692606.352515 ], [ 1698694.875552, 6692789.94281 ], [ 1698899.482084, 6692949.890978000126779 ], [ 1699167.201267, 6693090.699307999573648 ], [ 1699473.82061899988912, 6693236.09137300029397 ], [ 1699731.677017, 6693334.384618000127375 ], [ 1699931.035043, 6693376.186751999892294 ], [ 1700130.307578, 6693394.357750999741256 ], [ 1700251.777908, 6693393.904326000250876 ], [ 1700436.336044, 6693374.301090000197291 ], [ 1700620.752904, 6693321.620168000459671 ], [ 1700741.882555, 6693231.371058000251651 ], [ 1700795.123752, 6693176.818811999633908 ], [ 1700848.364397, 6693122.266564999707043 ], [ 1700920.871824, 6693027.470586 ], [ 1700983.631572, 6692923.265478 ], [ 1701046.297526, 6692790.705175000242889 ], [ 1701084.701412, 6692672.417829999700189 ], [ 1701108.421263, 6692521.101653999648988 ], [ 1701107.842958, 6692369.897624 ], [ 1701092.855384000111371, 6692261.267436999827623 ], [ 1701009.33398099988699, 6692015.863062 ], [ 1700964.90206, 6691831.752369999885559 ], [ 1700880.635497, 6691387.915418 ], [ 1700830.558027, 6690991.226812999695539 ], [ 1700815.147089, 6690769.233633999712765 ], [ 1700814.789394, 6690674.807098999619484 ], [ 1700794.374937, 6690415.04918 ], [ 1700803.256885, 6690192.963109999895096 ], [ 1700797.393928, 6689928.435243999585509 ], [ 1700806.116393999895081, 6689668.590088999830186 ], [ 1700819.840406, 6689441.79211900010705 ], [ 1700809.492329, 6689276.493812999688089 ], [ 1700779.680114000104368, 6689097.117076000198722 ], [ 1700750.029679, 6688960.242033000104129 ], [ 1700705.763194999890402, 6688813.982466000132263 ], [ 1700646.94855, 6688667.780417 ], [ 1700558.98975, 6688521.69053899962455 ], [ 1700451.642615, 6688380.404346999712288 ], [ 1700266.335835, 6688168.55973600037396 ], [ 1700144.540542, 6688060.382059999741614 ], [ 1700003.357683, 6687957.004726000130177 ], [ 1699891.44659, 6687896.027096999809146 ], [ 1699760.146411, 6687839.83237100020051 ], [ 1699619.195740000111982, 6687797.840761999599636 ], [ 1699478.298913, 6687774.744842000305653 ], [ 1699347.19111, 6687770.492896 ], [ 1699225.821233, 6687775.660830000415444 ], [ 1699109.361757, 6687794.962670000270009 ], [ 1698978.388352, 6687828.500668999738991 ], [ 1698842.653619, 6687885.664436000399292 ], [ 1698711.778374, 6687952.250373000279069 ], [ 1698561.591563000110909, 6688042.514286999590695 ], [ 1698401.731096, 6688151.709192999638617 ], [ 1698261.37292, 6688279.71730300039053 ], [ 1698140.452504, 6688417.115299999713898 ], [ 1698038.969972, 6688559.159382999874651 ], [ 1697923.048082999885082, 6688739.054889 ], [ 1697812.111188, 6688956.704903 ], [ 1697742.227334, 6689108.104427999816835 ], [ 1697689.289745, 6689245.276042999699712 ], [ 1697631.633921, 6689429.696108999662101 ], [ 1697583.761769, 6689632.988711999729276 ], [ 1697541.564711, 6690077.180691 ], [ 1697537.743873, 6690384.270514000207186 ], [ 1697563.429092, 6690795.159761999733746 ], [ 1697588.395500000100583, 6690998.237650999799371 ], [ 1697632.939609, 6691239.049293000251055 ], [ 1697682.058989, 6691399.527816999703646 ], [ 1697765.409818, 6691626.041520999744534 ], [ 1697826.544555, 6691753.385641000233591 ], [ 1697968.23727, 6691993.88281000033021 ] ] ] } },
{ "type": "Feature", "properties": { "gml_id": "FossilFuelResource.progn.pow76560", "identifier": "http://inspire.pgi.gov.pl/so/mr/Midas.paliwaKopalne/FossilFuelResource.progn.pow76560", "beginLifespanVersion": null, "localId": "FossilFuelResource.progn.pow76560", "namespace": "http://inspire.pgi.gov.pl/so/mr/Midas.paliwaKopalne", "scalar": -63.2, "scalar_uom": "m", "dateOfDiscovery": null, "calorificValue": null, "quantity": null, "verticalExtent": null }, "geometry": { "type": "Polygon", "coordinates": [ [ [ 2058523.432121, 6939330.407933999784291 ], [ 2058707.031501, 6939353.360163000412285 ], [ 2058976.486103999894112, 6939340.760339999571443 ], [ 2059204.375799, 6939241.081059000454843 ], [ 2059269.249992, 6939238.69684199988842 ], [ 2059380.369891, 6939192.236456000246108 ], [ 2059496.353303, 6939136.767432999797165 ], [ 2059608.262678, 6939067.447369 ], [ 2059730.247633, 6938970.996329000219703 ], [ 2059829.587144, 6938869.192967999726534 ], [ 2059940.881773999892175, 6938685.431076999753714 ], [ 2060040.689954, 6938569.905284999869764 ], [ 2060242.825005, 6938265.748689999803901 ], [ 2060347.818239, 6938132.103128000162542 ], [ 2060451.84382, 6938025.885989 ], [ 2060568.608246, 6937947.571955 ], [ 2060690.296308000106364, 6937858.416913 ], [ 2060852.460232, 6937786.23787400033325 ], [ 2061042.594362, 6937696.740446000359952 ], [ 2061222.812143, 6937629.760052000172436 ], [ 2061394.075783, 6937557.887116 ], [ 2061546.944558, 6937489.971098000183702 ], [ 2061667.624491, 6937430.082267000339925 ], [ 2061792.518427, 6937379.479824 ], [ 2061917.741133, 6937319.745016999542713 ], [ 2062011.387672, 6937249.776995000429451 ], [ 2062097.64799, 6937136.010908000171185 ], [ 2062158.262916, 6936957.419626999646425 ], [ 2062170.037739, 6936880.049437999725342 ], [ 2062158.580137, 6936815.598585000261664 ], [ 2062116.302356, 6936718.049304000101984 ], [ 2062042.192962, 6936640.428678000345826 ], [ 2061957.161033, 6936570.728983 ], [ 2061838.908681999891996, 6936502.840597 ], [ 2061705.32984, 6936465.943590000271797 ], [ 2061559.700011, 6936456.33134 ], [ 2061390.821215, 6936459.648517999798059 ], [ 2061221.627864, 6936472.092295000329614 ], [ 2061051.489083, 6936511.955656999722123 ], [ 2060890.298346, 6936556.704405999742448 ], [ 2060691.256083, 6936641.313898 ], [ 2060524.710359, 6936708.731696999631822 ], [ 2060354.87859, 6936739.450919999741018 ], [ 2060213.334373, 6936743.675958000123501 ], [ 2060072.579855, 6936725.064673 ], [ 2059914.543055, 6936678.39296399988234 ], [ 2059757.141687, 6936613.425284000113606 ], [ 2059591.584811, 6936520.731429000385106 ], [ 2059467.594938, 6936413.449311999604106 ], [ 2059394.577248, 6936282.80180099979043 ], [ 2059354.412325, 6936125.845476999878883 ], [ 2059319.11063, 6935959.92136299982667 ], [ 2059301.248434, 6935817.466970999725163 ], [ 2059292.809975, 6935666.203414999879897 ], [ 2059294.445444, 6935487.841296000406146 ], [ 2059299.19905, 6935350.778093 ], [ 2059318.570928, 6935186.758467 ], [ 2059341.535563, 6935050.334951999597251 ], [ 2059359.692956000100821, 6934986.91799 ], [ 2059377.85006, 6934923.501482999883592 ], [ 2059500.595356999896467, 6934671.618908000178635 ], [ 2059590.461475, 6934578.698913999833167 ], [ 2059662.099081, 6934485.12805899977684 ], [ 2059706.793222999898717, 6934445.518202000297606 ], [ 2059751.486925, 6934405.908122000284493 ], [ 2059869.644155000103638, 6934285.565460000187159 ], [ 2059963.746527, 6934201.931513999588788 ], [ 2060011.499828, 6934139.557121000252664 ], [ 2060038.062197, 6934030.705672999843955 ], [ 2060042.802272999892011, 6933893.650014 ], [ 2060033.719305, 6933760.693347999826074 ], [ 2059980.520702, 6933585.044625 ], [ 2059892.946683, 6933348.752483 ], [ 2059848.383496, 6933187.126121000386775 ], [ 2059836.383429, 6933062.853063999675214 ], [ 2059840.798796, 6932935.269930999726057 ], [ 2059871.571527, 6932780.914385000243783 ], [ 2059895.467277, 6932617.119657999835908 ], [ 2059891.690846, 6932462.857417999766767 ], [ 2059872.736765, 6932219.979472000151873 ], [ 2059864.602805, 6932059.74136000033468 ], [ 2059794.496908, 6931708.822726000100374 ], [ 2059678.870014, 6931367.81566600035876 ], [ 2059610.924068, 6931223.782968999817967 ], [ 2059528.213237, 6931111.234822999686003 ], [ 2059404.207498, 6931006.400685000233352 ], [ 2059279.114574, 6930933.491015000268817 ], [ 2059204.605957, 6930917.712948 ], [ 2059037.229779, 6931043.431136 ], [ 2058913.710353, 6931201.981592999771237 ], [ 2058660.233414, 6931770.790244 ], [ 2058219.09437600011006, 6932924.67026 ], [ 2058023.265242999885231, 6933581.398850000463426 ], [ 2057916.534896, 6933939.302706999704242 ], [ 2057897.582077, 6934080.058837999589741 ], [ 2057808.102559, 6934744.557794 ], [ 2057637.854281, 6935408.081825000233948 ], [ 2057510.960698, 6935681.863013999536633 ], [ 2057403.382188, 6935813.059225999750197 ], [ 2057282.190815, 6935893.944256000220776 ], [ 2057177.522719, 6935910.53324699960649 ], [ 2057012.640095, 6935869.121547999791801 ], [ 2056074.683403, 6935363.71679 ], [ 2055736.058968000113964, 6935242.623243000358343 ], [ 2055193.850122, 6935094.470584999769926 ], [ 2054843.71974499989301, 6935093.335033000446856 ], [ 2054642.252351, 6935162.173866 ], [ 2054507.288026, 6935371.701667999848723 ], [ 2054511.914735999889672, 6935611.156883000396192 ], [ 2054640.997172999894246, 6935887.889628999866545 ], [ 2054775.623012, 6936076.841184999793768 ], [ 2054934.059243999887258, 6936235.066404 ], [ 2055134.766005, 6936373.06704100035131 ], [ 2055402.023877, 6936481.712872999720275 ], [ 2055777.700488, 6936591.004890000447631 ], [ 2056471.782703999895602, 6936767.410404999740422 ], [ 2056851.604165, 6936863.917422999627888 ], [ 2057179.027306, 6936987.568843999877572 ], [ 2057376.474101, 6937092.579583000391722 ], [ 2057473.810583, 6937206.589239000342786 ], [ 2057536.229364, 6937378.508237999863923 ], [ 2057485.979341, 6937963.82386100012809 ], [ 2057534.915364, 6938503.737529000267386 ], [ 2057602.163266000105068, 6938682.235244000330567 ], [ 2057759.608714, 6938922.530806000344455 ], [ 2057948.122332, 6939090.452646999619901 ], [ 2058053.743173, 6939148.958025 ], [ 2058159.365556, 6939207.462601999752223 ], [ 2058523.432121, 6939330.407933999784291 ] ] ] } },
{ "type": "Feature", "properties": { "gml_id": "FossilFuelResource.progn.pow76681", "identifier": "http://inspire.pgi.gov.pl/so/mr/Midas.paliwaKopalne/FossilFuelResource.progn.pow76681", "beginLifespanVersion": null, "localId": "FossilFuelResource.progn.pow76681", "namespace": "http://inspire.pgi.gov.pl/so/mr/Midas.paliwaKopalne", "scalar": -81.5, "scalar_uom": "m", "dateOfDiscovery": null, "calorificValue": null, "quantity": null, "verticalExtent": null }, "geometry": { "type": "Polygon", "coordinates": [ [ [ 1697845.85011, 6684075.259343000128865 ], [ 1698030.842603999888524, 6684222.405794999562204 ], [ 1698226.655694, 6684358.954167 ], [ 1698438.722221999894828, 6684484.900252999737859 ], [ 1698629.000846, 6684584.514402999542654 ], [ 1698748.524082, 6684626.310518000274897 ], [ 1698862.537569, 6684641.735082999803126 ], [ 1698971.024140000110492, 6684630.804487000219524 ], [ 1699052.353733000112697, 6684609.394902000203729 ], [ 1699138.930033, 6684540.458523999899626 ], [ 1699187.48199, 6684461.11631300020963 ], [ 1699219.768295, 6684387.104662000201643 ], [ 1699273.08697500010021, 6684123.013121999800205 ], [ 1699277.269378, 6683779.930958 ], [ 1699265.736108, 6683589.964565999805927 ], [ 1699248.865782999899238, 6683426.423410000279546 ], [ 1699215.588606, 6683223.359185 ], [ 1699182.31293, 6683020.299735000357032 ], [ 1699038.705373999895528, 6682308.406335 ], [ 1699000.222516, 6682166.079312999732792 ], [ 1698956.588176, 6682097.63093 ], [ 1698902.241226, 6682071.443885000422597 ], [ 1698853.401245, 6682066.348311999812722 ], [ 1698712.613808, 6682140.723330000415444 ], [ 1698387.969496, 6682379.321732999756932 ], [ 1697765.739188, 6682861.693923999555409 ], [ 1697641.352467, 6682978.212604999542236 ], [ 1697549.506541, 6683089.349790999665856 ], [ 1697473.905909, 6683195.161825000308454 ], [ 1697463.520265, 6683332.409238999709487 ], [ 1697474.833038, 6683469.585113000124693 ], [ 1697546.00488, 6683659.348469000309706 ], [ 1697611.547958, 6683785.786871000193059 ], [ 1697715.20157, 6683949.041644999757409 ], [ 1697845.85011, 6684075.259343000128865 ] ] ] } },
{ "type": "Feature", "properties": { "gml_id": "FossilFuelResource.per.pow20306", "identifier": "http://inspire.pgi.gov.pl/so/mr/Midas.paliwaKopalne/FossilFuelResource.per.pow20306", "beginLifespanVersion": null, "localId": "FossilFuelResource.per.pow20306", "namespace": "http://inspire.pgi.gov.pl/so/mr/Midas.paliwaKopalne", "scalar": -1000.0, "scalar_uom": "m", "dateOfDiscovery": null, "calorificValue": null, "quantity": null, "verticalExtent": null }, "geometry": { "type": "Polygon", "coordinates": [ [ [ 2154285.409606, 6477624.235037 ], [ 2154991.939617, 6477331.113359999842942 ], [ 2155219.446917000226676, 6477236.711265999823809 ], [ 2155256.195727, 6476939.273822999559343 ], [ 2155635.287657999899238, 6473870.37028899975121 ], [ 2155289.790709999855608, 6473776.727823000401258 ], [ 2155173.477419000118971, 6473745.19924 ], [ 2154519.569062000140548, 6473567.913854000158608 ], [ 2152397.115451000165194, 6472992.099054000340402 ], [ 2151731.218684, 6472811.323043 ], [ 2151843.785941999871284, 6471563.739900000393391 ], [ 2150890.02127300016582, 6471505.546702000312507 ], [ 2150825.200485, 6472533.567714000120759 ], [ 2149463.257993999868631, 6472127.642675000242889 ], [ 2147280.549699999857694, 6472952.156797000207007 ], [ 2147866.563856999855489, 6474303.88638 ], [ 2151299.02639799984172, 6475102.269635999575257 ], [ 2151424.452260000165552, 6475137.336466000415385 ], [ 2154518.372196999844164, 6476058.467729000374675 ], [ 2154285.409606, 6477624.235037 ] ] ] } },
{ "type": "Feature", "properties": { "gml_id": "FossilFuelResource.per.pow78776", "identifier": "http://inspire.pgi.gov.pl/so/mr/Midas.paliwaKopalne/FossilFuelResource.per.pow78776", "beginLifespanVersion": null, "localId": "FossilFuelResource.per.pow78776", "namespace": "http://inspire.pgi.gov.pl/so/mr/Midas.paliwaKopalne", "scalar": -68.9, "scalar_uom": "m", "dateOfDiscovery": null, "calorificValue": null, "quantity": null, "verticalExtent": null }, "geometry": { "type": "Polygon", "coordinates": [ [ [ 2035794.877686, 6665252.603623 ], [ 2035393.126804, 6665617.271130000241101 ], [ 2032466.133228, 6668272.994920000433922 ], [ 2034059.476713, 6669957.219200000166893 ], [ 2036628.485926, 6670062.063307999633253 ], [ 2037215.373773, 6670085.905952 ], [ 2037773.550541, 6670399.744713 ], [ 2038286.86341, 6670688.324613000266254 ], [ 2038808.500746, 6670981.539068000391126 ], [ 2038809.789538, 6671188.901279999874532 ], [ 2038811.697654, 6671494.513251 ], [ 2038813.605846, 6671800.136399 ], [ 2037122.849309, 6673370.293088999576867 ], [ 2035526.575076, 6673311.229128000326455 ], [ 2035505.878934, 6674834.811133 ], [ 2035492.58922, 6675812.930928000248969 ], [ 2038549.327609, 6675899.150237999856472 ], [ 2039689.298, 6675931.010901999659836 ], [ 2044887.748703, 6676074.277644 ], [ 2044974.631472, 6673644.577696999534965 ], [ 2043658.306095999898389, 6673585.464777999557555 ], [ 2041863.231943000108004, 6671766.883693000301719 ], [ 2041945.085196, 6669856.249510999768972 ], [ 2041989.476869999896735, 6668819.835506999865174 ], [ 2043456.789046, 6666031.566174999810755 ], [ 2043710.535946, 6665584.133213999681175 ], [ 2043765.654735000105575, 6664047.76371099986136 ], [ 2043848.519657, 6661461.021944999694824 ], [ 2041593.14439, 6661393.867146000266075 ], [ 2041472.704003, 6663010.748712000437081 ], [ 2039924.999637, 6662933.628073999658227 ], [ 2039982.833221, 6661343.516660000197589 ], [ 2039125.317515, 6661297.726351999677718 ], [ 2039074.084403, 6662274.724541 ], [ 2037298.73291, 6663887.238459000363946 ], [ 2035794.877686, 6665252.603623 ] ], [ [ 2037006.246017, 6668548.460001000203192 ], [ 2034151.767347, 6668410.838511999696493 ], [ 2037398.89085300010629, 6665243.199199999682605 ], [ 2038169.520912, 6666031.684379000216722 ], [ 2040808.022617, 6668730.197320999577641 ], [ 2039524.665779, 6668669.050765000283718 ], [ 2037480.482906, 6668571.227234000340104 ], [ 2037006.246017, 6668548.460001000203192 ] ], [ [ 2043391.688922999892384, 6675876.910110999830067 ], [ 2042618.396287, 6675854.073981000110507 ], [ 2042650.478985, 6674395.067446 ], [ 2043412.83662, 6674432.925455999560654 ], [ 2044175.201534, 6674470.712373999878764 ], [ 2044164.986276, 6675899.672794999554753 ], [ 2043391.688922999892384, 6675876.910110999830067 ] ] ] } },
{ "type": "Feature", "properties": { "gml_id": "FossilFuelResource.per.pow80619", "identifier": "http://inspire.pgi.gov.pl/so/mr/Midas.paliwaKopalne/FossilFuelResource.per.pow80619", "beginLifespanVersion": null, "localId": "FossilFuelResource.per.pow80619", "namespace": "http://inspire.pgi.gov.pl/so/mr/Midas.paliwaKopalne", "scalar": -1000.0, "scalar_uom": "m", "dateOfDiscovery": null, "calorificValue": null, "quantity": null, "verticalExtent": null }, "geometry": { "type": "Polygon", "coordinates": [ [ [ 2107812.048611000180244, 6462376.662301000207663 ], [ 2106951.77855, 6462359.514131000265479 ], [ 2100398.780231, 6462225.960199999623001 ], [ 2100298.471270999871194, 6462223.875602999702096 ], [ 2100298.471117, 6462223.87451000045985 ], [ 2100298.467848000116646, 6462223.874347999691963 ], [ 2095383.572312, 6461774.459726000204682 ], [ 2095344.137295, 6464415.675145000219345 ], [ 2095252.840944, 6467590.959561999887228 ], [ 2095181.838633, 6469417.588128999806941 ], [ 2095181.84377, 6469417.590016 ], [ 2095186.169642, 6469419.203874000348151 ], [ 2099089.243515000212938, 6467904.613262999802828 ], [ 2105297.105612, 6466915.434562000446022 ], [ 2105297.111699, 6466915.423792 ], [ 2105297.114352, 6466915.418952999636531 ], [ 2107812.052658, 6462376.662460999563336 ], [ 2107812.048611000180244, 6462376.662301000207663 ] ] ] } },
{ "type": "Feature", "properties": { "gml_id": "FossilFuelResource.progn.pow76569", "identifier": "http://inspire.pgi.gov.pl/so/mr/Midas.paliwaKopalne/FossilFuelResource.progn.pow76569", "beginLifespanVersion": null, "localId": "FossilFuelResource.progn.pow76569", "namespace": "http://inspire.pgi.gov.pl/so/mr/Midas.paliwaKopalne", "scalar": -68.9, "scalar_uom": "m", "dateOfDiscovery": null, "calorificValue": null, "quantity": null, "verticalExtent": null }, "geometry": { "type": "Polygon", "coordinates": [ [ [ 2028029.563789, 6669088.683191999793053 ], [ 2028714.948003999888897, 6669086.086846999824047 ], [ 2028723.160803, 6667528.588727000169456 ], [ 2028364.400646, 6667535.556745000183582 ], [ 2028005.639826, 6667542.509139999747276 ], [ 2027288.116691, 6667556.36642500013113 ], [ 2027344.179378, 6669091.222082000225782 ], [ 2028029.563789, 6669088.683191999793053 ] ] ] } },
{ "type": "Feature", "properties": { "gml_id": "FossilFuelResource.per.pow20421", "identifier": "http://inspire.pgi.gov.pl/so/mr/Midas.paliwaKopalne/FossilFuelResource.per.pow20421", "beginLifespanVersion": null, "localId": "FossilFuelResource.per.pow20421", "namespace": "http://inspire.pgi.gov.pl/so/mr/Midas.paliwaKopalne", "scalar": -1100.0, "scalar_uom": "m", "dateOfDiscovery": null, "calorificValue": null, "quantity": null, "verticalExtent": null }, "geometry": { "type": "Polygon", "coordinates": [ [ [ 2143235.162893, 6438655.484430000185966 ], [ 2142707.531581, 6438707.779904000461102 ], [ 2141969.450137999840081, 6438899.054201000370085 ], [ 2138276.886761, 6439676.664682 ], [ 2137913.558583000209183, 6440227.850692000240088 ], [ 2137163.469399999827147, 6441365.573420000262558 ], [ 2136975.238113, 6441651.059004999697208 ], [ 2137829.684462000150234, 6443366.312586000189185 ], [ 2137300.417241000104696, 6445349.966125999577343 ], [ 2137068.170613000169396, 6446220.226218 ], [ 2137051.283054000232369, 6446419.619709 ], [ 2137030.158913999795914, 6446669.025906999595463 ], [ 2136943.65231900010258, 6446696.644779000431299 ], [ 2135969.06685, 6447095.798459 ], [ 2136137.680358999874443, 6447502.475803 ], [ 2136258.531756000127643, 6447793.942560000345111 ], [ 2136642.180718, 6448866.088859999552369 ], [ 2137087.86667, 6450111.417317000217736 ], [ 2137109.020670999772847, 6450165.820744999684393 ], [ 2137743.98825899977237, 6451798.628718 ], [ 2138451.104661, 6453813.696809000335634 ], [ 2139335.407772, 6456172.008104000240564 ], [ 2139574.330527000129223, 6456809.055889000184834 ], [ 2139912.732983000110835, 6456716.15461300034076 ], [ 2140246.243770999833941, 6456658.79485599976033 ], [ 2141293.870496000163257, 6456390.371682000346482 ], [ 2141686.45956900017336, 6456289.745966999791563 ], [ 2142671.296864000149071, 6456037.231672000139952 ], [ 2142706.639955999795347, 6456028.167236999608576 ], [ 2144224.439304000232369, 6455997.371325000189245 ], [ 2147189.262746000196785, 6456041.056882999837399 ], [ 2147549.590929000172764, 6455707.044037000276148 ], [ 2147975.654635, 6455329.037743999622762 ], [ 2148665.871406999882311, 6454820.058822000399232 ], [ 2149587.899127, 6454263.909494999796152 ], [ 2150630.110154999885708, 6453586.386006000451744 ], [ 2151403.494733000174165, 6453063.096343000419438 ], [ 2152074.743272999767214, 6452549.373784 ], [ 2152662.419725, 6452040.533324000425637 ], [ 2153328.668999, 6451461.662906999699771 ], [ 2153957.541878, 6450827.081492999568582 ], [ 2154309.95252799987793, 6450479.078501 ], [ 2154817.523994000162929, 6449977.802419000305235 ], [ 2155015.783475, 6449769.512582999654114 ], [ 2154490.789127000141889, 6448987.574648999609053 ], [ 2154475.690541000105441, 6448965.085029999725521 ], [ 2154158.781223999802023, 6448473.185317000374198 ], [ 2153897.551216000225395, 6447981.126152000389993 ], [ 2153771.015952, 6447553.757534 ], [ 2153746.6683, 6447181.879247999750078 ], [ 2153801.12312400015071, 6446805.120024000294507 ], [ 2154092.021917, 6446432.275361999869347 ], [ 2154480.21557499980554, 6446049.825248000212014 ], [ 2154923.817603, 6445611.410518 ], [ 2154927.947335000149906, 6445606.82509099971503 ], [ 2155247.117934000212699, 6445252.416623 ], [ 2155583.890904999803752, 6444772.531240000389516 ], [ 2155721.877787999808788, 6444456.007125999778509 ], [ 2155891.856315, 6444009.250773999840021 ], [ 2156061.531628999859095, 6443478.864195000380278 ], [ 2156189.399993999861181, 6442925.416582999750972 ], [ 2156250.060904, 6442355.636598999612033 ], [ 2156216.450920000206679, 6442354.259363999590278 ], [ 2155682.293568000197411, 6442332.354159999638796 ], [ 2155471.112770999781787, 6442330.222663000226021 ], [ 2154301.396127, 6442318.319895000196993 ], [ 2153133.254025000147521, 6442173.300459999591112 ], [ 2151909.630535999778658, 6442056.16053 ], [ 2150699.633153, 6441827.29045999981463 ], [ 2150164.227014, 6441719.205203999765217 ], [ 2149587.012885, 6441602.639619999565184 ], [ 2149576.174829000141472, 6441600.800264 ], [ 2148553.064503999892622, 6441317.248265 ], [ 2147463.402927999850363, 6440952.890588999725878 ], [ 2146526.32809, 6440591.986901000142097 ], [ 2145874.085775999817997, 6440292.40668 ], [ 2145863.574283, 6440287.578088999725878 ], [ 2145000.908334999810904, 6439806.308110999874771 ], [ 2144040.867714, 6439222.979946999810636 ], [ 2143235.162893, 6438655.484430000185966 ] ] ] } },
{ "type": "Feature", "properties": { "gml_id": "FossilFuelResource.per.pow20301", "identifier": "http://inspire.pgi.gov.pl/so/mr/Midas.paliwaKopalne/FossilFuelResource.per.pow20301", "beginLifespanVersion": null, "localId": "FossilFuelResource.per.pow20301", "namespace": "http://inspire.pgi.gov.pl/so/mr/Midas.paliwaKopalne", "scalar": null, "scalar_uom": null, "dateOfDiscovery": null, "calorificValue": null, "quantity": null, "verticalExtent": null }, "geometry": { "type": "Polygon", "coordinates": [ [ [ 2107511.902110000140965, 6473323.825194999575615 ], [ 2107541.292237, 6473314.986925000324845 ], [ 2111099.946839, 6472243.895933999679983 ], [ 2113160.703381, 6471839.550411 ], [ 2114862.395132999867201, 6471514.084080999717116 ], [ 2117855.121216999832541, 6470924.435139000415802 ], [ 2117956.10909, 6470841.677255 ], [ 2123375.74443699978292, 6466397.360185000114143 ], [ 2123393.489349000155926, 6466382.799031999893486 ], [ 2122244.339792000129819, 6466326.714173999615014 ], [ 2117343.201388999819756, 6466178.179336999543011 ], [ 2116177.443553000222892, 6466114.081442000344396 ], [ 2113983.46393, 6466466.218872999772429 ], [ 2113650.888199000153691, 6466519.545683999545872 ], [ 2112970.033076, 6466628.674522000364959 ], [ 2111303.515043000224978, 6466895.544300000183284 ], [ 2111293.4390429998748, 6466896.008289 ], [ 2110723.612197, 6466922.222431000322104 ], [ 2110121.105394000187516, 6466949.89731500018388 ], [ 2109011.133266999851912, 6467000.7665 ], [ 2109004.576413, 6467001.066594 ], [ 2109002.172305, 6467001.176668000407517 ], [ 2109599.703867999836802, 6467430.127244999632239 ], [ 2110306.725500000175089, 6467900.059159999713302 ], [ 2110782.768213000148535, 6468216.419048000127077 ], [ 2110891.371535, 6469995.292259999550879 ], [ 2110707.944036, 6470021.942940000444651 ], [ 2110280.958617, 6470339.539076000452042 ], [ 2108943.796747, 6471333.909107999876142 ], [ 2108285.647086, 6471823.212244999594986 ], [ 2107640.53155, 6473074.383212000131607 ], [ 2107511.902110000140965, 6473323.825194999575615 ] ] ] } },
{ "type": "Feature", "properties": { "gml_id": "FossilFuelResource.per.pow80615", "identifier": "http://inspire.pgi.gov.pl/so/mr/Midas.paliwaKopalne/FossilFuelResource.per.pow80615", "beginLifespanVersion": null, "localId": "FossilFuelResource.per.pow80615", "namespace": "http://inspire.pgi.gov.pl/so/mr/Midas.paliwaKopalne", "scalar": -1000.0, "scalar_uom": "m", "dateOfDiscovery": null, "calorificValue": null, "quantity": null, "verticalExtent": null }, "geometry": { "type": "Polygon", "coordinates": [ [ [ 2069813.177149999886751, 6474502.341658 ], [ 2068379.635726, 6474527.285237999632955 ], [ 2066352.33489999989979, 6474562.136653999798 ], [ 2060588.208068, 6474658.515703000128269 ], [ 2060177.30733, 6474665.232912000268698 ], [ 2060212.566014, 6474957.398881999775767 ], [ 2063448.417786, 6476846.097546 ], [ 2067512.001438, 6478956.385811000131071 ], [ 2068803.309492, 6479626.455133999697864 ], [ 2069951.801946, 6480523.054085000418127 ], [ 2070527.398708, 6480506.441142000257969 ], [ 2070489.218708, 6479775.01124 ], [ 2070006.979173, 6479439.282770999707282 ], [ 2069813.177149999886751, 6474502.341658 ] ] ] } },
{ "type": "Feature", "properties": { "gml_id": "FossilFuelResource.per.pow80616", "identifier": "http://inspire.pgi.gov.pl/so/mr/Midas.paliwaKopalne/FossilFuelResource.per.pow80616", "beginLifespanVersion": null, "localId": "FossilFuelResource.per.pow80616", "namespace": "http://inspire.pgi.gov.pl/so/mr/Midas.paliwaKopalne", "scalar": -1000.0, "scalar_uom": "m", "dateOfDiscovery": null, "calorificValue": null, "quantity": null, "verticalExtent": null }, "geometry": { "type": "Polygon", "coordinates": [ [ [ 2097684.34744600020349, 6502216.65145399980247 ], [ 2098170.657708, 6502360.430130999535322 ], [ 2098168.313701, 6502441.707746 ], [ 2097960.694491, 6503226.261366999708116 ], [ 2098220.497515, 6503407.695402 ], [ 2098491.278047, 6503493.039527 ], [ 2098751.490708, 6503471.26793900039047 ], [ 2099117.110262999776751, 6503322.26059400010854 ], [ 2099597.250041, 6503027.211288999766111 ], [ 2100082.837652000132948, 6502802.102978999726474 ], [ 2100442.80793400015682, 6502573.882352000102401 ], [ 2100492.23603199981153, 6502521.748576999641955 ], [ 2100391.383769, 6502269.958991999737918 ], [ 2101035.741041, 6501849.176401999779046 ], [ 2100837.403229999821633, 6501697.068597 ], [ 2101194.502839, 6501664.741689000278711 ], [ 2101212.534848, 6501636.380970999598503 ], [ 2101260.248327999841422, 6501355.984067999757826 ], [ 2101167.435149, 6500993.4545 ], [ 2101098.212435000110418, 6500658.685371999628842 ], [ 2101094.586376000195742, 6500364.943750999867916 ], [ 2101103.427766, 6499949.977465 ], [ 2101085.190167, 6499600.519208 ], [ 2101002.375409, 6499293.89591099973768 ], [ 2100896.972889, 6499038.864641999825835 ], [ 2100755.128823, 6498844.80473 ], [ 2100437.658752, 6498732.20505 ], [ 2100158.331596000120044, 6498698.37249100022018 ], [ 2099851.193256999831647, 6498669.489242999814451 ], [ 2099530.842740000225604, 6498701.387923999689519 ], [ 2099385.598075000103563, 6498762.984958999790251 ], [ 2099327.360086999833584, 6498787.682279 ], [ 2099131.386754, 6499111.750672999769449 ], [ 2098944.919408999849111, 6499454.251368000172079 ], [ 2098726.523937, 6499848.525650000199676 ], [ 2098432.659432999789715, 6500155.045796000398695 ], [ 2098170.150231, 6500363.375338999554515 ], [ 2097972.075286999810487, 6500519.594367999583483 ], [ 2097783.470937000121921, 6500689.734404999762774 ], [ 2097684.249327000230551, 6500947.285166 ], [ 2097677.953046999871731, 6501199.207531999796629 ], [ 2097704.46884399978444, 6501473.913813999854028 ], [ 2097781.912816000171006, 6501729.507071999832988 ], [ 2097747.660618000198156, 6501977.001869999803603 ], [ 2097684.34744600020349, 6502216.65145399980247 ] ] ] } },
{ "type": "Feature", "properties": { "gml_id": "FossilFuelResource.per.pow80617", "identifier": "http://inspire.pgi.gov.pl/so/mr/Midas.paliwaKopalne/FossilFuelResource.per.pow80617", "beginLifespanVersion": null, "localId": "FossilFuelResource.per.pow80617", "namespace": "http://inspire.pgi.gov.pl/so/mr/Midas.paliwaKopalne", "scalar": -1000.0, "scalar_uom": "m", "dateOfDiscovery": null, "calorificValue": null, "quantity": null, "verticalExtent": null }, "geometry": { "type": "Polygon", "coordinates": [ [ [ 2164280.796246, 6465646.517524999566376 ], [ 2164368.926469, 6465647.527129 ], [ 2164846.945230000186712, 6465652.962407999671996 ], [ 2165449.306932, 6465752.553789 ], [ 2165509.433697000145912, 6465762.492308000102639 ], [ 2165540.608114, 6465728.316820999607444 ], [ 2165682.017631, 6465579.17612100020051 ], [ 2166120.953534, 6465116.21055299974978 ], [ 2168714.172507000155747, 6462380.027816000394523 ], [ 2169530.378310999833047, 6461506.975499999709427 ], [ 2169964.712979999836534, 6461096.093469999730587 ], [ 2170997.273343, 6460016.352924999780953 ], [ 2172204.898130999878049, 6458319.433793 ], [ 2172741.389804999809712, 6457586.667259000241756 ], [ 2174229.475401000119746, 6455432.587504000402987 ], [ 2175001.983051000162959, 6455366.167047999799252 ], [ 2175545.622003000229597, 6455194.100618000142276 ], [ 2177345.689572, 6454624.084606000222266 ], [ 2177411.665736999828368, 6451362.670223000459373 ], [ 2177428.519729, 6450397.192040000110865 ], [ 2177429.476092, 6449717.461118999868631 ], [ 2177488.070636, 6448245.33139 ], [ 2175424.228364, 6450273.64157999958843 ], [ 2172074.772902000229806, 6450275.395778000354767 ], [ 2171299.761003000196069, 6452378.892320999875665 ], [ 2170750.890505999792367, 6452380.782517000101507 ], [ 2170750.890349000226706, 6452380.782205999828875 ], [ 2170750.889727000147104, 6452380.782211 ], [ 2170046.253800999838859, 6451058.388965000398457 ], [ 2168627.449883999768645, 6450853.412042000330985 ], [ 2168413.285275000147521, 6450822.449756000190973 ], [ 2167634.03028, 6451314.83146100025624 ], [ 2167635.171597000211477, 6452926.57192 ], [ 2166483.946527999825776, 6453028.585145000368357 ], [ 2166483.946525999810547, 6453028.58483299985528 ], [ 2166483.945594000164419, 6453028.584994999691844 ], [ 2166411.66321, 6451824.052915000356734 ], [ 2165102.728684000205249, 6451837.949796999804676 ], [ 2165102.727907000109553, 6451837.949800999835134 ], [ 2161787.591595999896526, 6451978.338041 ], [ 2161787.591593000106514, 6451978.337573999539018 ], [ 2161787.590816999785602, 6451978.337733999826014 ], [ 2161775.288156, 6450905.379591999575496 ], [ 2161011.822658, 6450903.893896999768913 ], [ 2158830.79977500019595, 6452697.428220000118017 ], [ 2156807.288089000154287, 6452580.809704000130296 ], [ 2156026.740462, 6454139.300192999653518 ], [ 2156026.739682000130415, 6454139.299728999845684 ], [ 2156026.739527000114322, 6454139.299886000342667 ], [ 2154857.924096, 6453478.626388000324368 ], [ 2153929.62814600020647, 6453965.847988000139594 ], [ 2153857.466419000178576, 6454006.766579000279307 ], [ 2153813.17979, 6454343.996442999690771 ], [ 2153651.490945000201464, 6455575.156142000108957 ], [ 2153618.439362000208348, 6456102.084835999645293 ], [ 2154361.482167, 6456116.965651 ], [ 2155005.157941999845207, 6456129.802624999545515 ], [ 2156106.147092999890447, 6456103.255893999710679 ], [ 2156229.407354999799281, 6456100.272184999659657 ], [ 2156366.212888999842107, 6456096.958258000202477 ], [ 2156356.371050000190735, 6456168.005257000215352 ], [ 2156356.366994999814779, 6456168.034760000184178 ], [ 2156356.368861999828368, 6456168.034750999882817 ], [ 2156356.36871, 6456168.035375 ], [ 2156356.374324, 6456168.038311 ], [ 2156356.373395999893546, 6456168.039252 ], [ 2156110.160617, 6457945.193941 ], [ 2156043.489195, 6458426.351152 ], [ 2155986.882323999889195, 6458759.738353 ], [ 2155782.944187, 6459947.318386999890208 ], [ 2155472.704794, 6462015.883844000287354 ], [ 2155036.896086, 6464920.771584999747574 ], [ 2155663.952512000221759, 6464946.31742800027132 ], [ 2155887.683505999855697, 6464964.841698000207543 ], [ 2156710.163035000208765, 6465108.273933 ], [ 2157294.154122, 6465203.095654999837279 ], [ 2157699.850686000194401, 6465302.280576 ], [ 2158211.589691, 6465418.665726999752223 ], [ 2158164.134972999803722, 6465574.469616999849677 ], [ 2164280.796246, 6465646.517524999566376 ] ] ] } },
{ "type": "Feature", "properties": { "gml_id": "FossilFuelResource.per.pow80618", "identifier": "http://inspire.pgi.gov.pl/so/mr/Midas.paliwaKopalne/FossilFuelResource.per.pow80618", "beginLifespanVersion": null, "localId": "FossilFuelResource.per.pow80618", "namespace": "http://inspire.pgi.gov.pl/so/mr/Midas.paliwaKopalne", "scalar": -1000.0, "scalar_uom": "m", "dateOfDiscovery": null, "calorificValue": null, "quantity": null, "verticalExtent": null }, "geometry": { "type": "Polygon", "coordinates": [ [ [ 2108583.985121, 6490873.317107999697328 ], [ 2108562.093099, 6491289.912389 ], [ 2108639.735952000133693, 6491649.425442 ], [ 2108717.644723999779671, 6491985.599901 ], [ 2108816.903204999864101, 6492196.508814999833703 ], [ 2108905.953476999886334, 6492321.805607999674976 ], [ 2108952.638735999818891, 6492400.179676 ], [ 2109030.562706000171602, 6492611.085372 ], [ 2109025.914506999775767, 6492713.642540000379086 ], [ 2108986.024000000208616, 6492990.366984999738634 ], [ 2108929.123459000140429, 6492997.624138999730349 ], [ 2108977.461224, 6493325.027475999668241 ], [ 2108977.457004, 6493325.029039000160992 ], [ 2109182.192942999769002, 6494112.785318999551237 ], [ 2110501.010803999844939, 6494230.804657000117004 ], [ 2111402.630628999788314, 6494021.995008000172675 ], [ 2112270.659035, 6494281.816003000363708 ], [ 2113739.818661999888718, 6494315.664928999729455 ], [ 2116219.070323000196368, 6494499.846121000126004 ], [ 2117512.648955, 6493403.072320999577641 ], [ 2117487.249170000199229, 6492164.466697 ], [ 2118313.375438, 6491988.449834000319242 ], [ 2118488.51865, 6491728.968719 ], [ 2117772.122856, 6489022.714309999719262 ], [ 2117758.332305000163615, 6488645.066813999786973 ], [ 2117348.639845000114292, 6487966.209567000158131 ], [ 2117348.631099999882281, 6487966.211447999812663 ], [ 2115970.048912, 6486584.259208000265062 ], [ 2115970.050318, 6486584.261242999695241 ], [ 2115859.724177999887615, 6486620.776204000227153 ], [ 2115749.397071000188589, 6486657.289696999825537 ], [ 2114993.179767999798059, 6486907.522021999582648 ], [ 2110063.325055, 6487460.1689 ], [ 2110194.551202999893576, 6487753.145561999641359 ], [ 2110194.566505, 6487753.147137000225484 ], [ 2110194.56665899977088, 6487753.15058199968189 ], [ 2110194.564942, 6487753.150423999875784 ], [ 2111350.142024000175297, 6490332.585094000212848 ], [ 2110858.77667299984023, 6490177.079420000314713 ], [ 2108810.451615000143647, 6490804.030933000147343 ], [ 2108583.985121, 6490873.317107999697328 ] ] ] } },
{ "type": "Feature", "properties": { "gml_id": "FossilFuelResource.per.pow80853", "identifier": "http://inspire.pgi.gov.pl/so/mr/Midas.paliwaKopalne/FossilFuelResource.per.pow80853", "beginLifespanVersion": null, "localId": "FossilFuelResource.per.pow80853", "namespace": "http://inspire.pgi.gov.pl/so/mr/Midas.paliwaKopalne", "scalar": null, "scalar_uom": null, "dateOfDiscovery": null, "calorificValue": null, "quantity": null, "verticalExtent": null }, "geometry": { "type": "Polygon", "coordinates": [ [ [ 2238725.122963, 6473066.957124999724329 ], [ 2238978.422637000214309, 6489717.313238999806345 ], [ 2266148.425564, 6496002.140346 ], [ 2266735.958387, 6518936.364021999761462 ], [ 2282049.561193, 6518750.320404999889433 ], [ 2308140.380743000190705, 6489633.461078000254929 ], [ 2281856.180294, 6489632.794428000226617 ], [ 2281901.854446, 6475672.836090999655426 ], [ 2273387.512988000176847, 6475823.296896999701858 ], [ 2273564.620228, 6490069.672848000191152 ], [ 2262688.378937, 6489978.128688000142574 ], [ 2262597.238034000154585, 6475905.597713000141084 ], [ 2269223.601013000123203, 6475893.680118000134826 ], [ 2269106.695824, 6471968.405382 ], [ 2268989.924589000176638, 6468044.966356 ], [ 2277421.628893, 6458706.605947 ], [ 2277337.388537, 6450481.972915999591351 ], [ 2275457.113537, 6449853.444497999735177 ], [ 2275394.442292000167072, 6449832.486945999786258 ], [ 2266086.912957, 6447281.893202000297606 ], [ 2265873.781674, 6447272.071606 ], [ 2247376.369093, 6464865.265181999653578 ], [ 2238725.122963, 6473066.957124999724329 ] ] ] } },
{ "type": "Feature", "properties": { "gml_id": "FossilFuelResource.per.pow80613", "identifier": "http://inspire.pgi.gov.pl/so/mr/Midas.paliwaKopalne/FossilFuelResource.per.pow80613", "beginLifespanVersion": null, "localId": "FossilFuelResource.per.pow80613", "namespace": "http://inspire.pgi.gov.pl/so/mr/Midas.paliwaKopalne", "scalar": -1000.0, "scalar_uom": "m", "dateOfDiscovery": null, "calorificValue": null, "quantity": null, "verticalExtent": null }, "geometry": { "type": "Polygon", "coordinates": [ [ [ 2120536.86986, 6449303.273315000347793 ], [ 2120536.869084000121802, 6449303.274873999878764 ], [ 2120536.867996000219136, 6449303.274718999862671 ], [ 2120536.868150999769568, 6449303.274875000119209 ], [ 2120589.287386000156403, 6449644.488578000105917 ], [ 2120647.206923, 6450021.487956999801099 ], [ 2120650.332903, 6450152.13277 ], [ 2120702.782036, 6450388.588875000365078 ], [ 2120948.729662000201643, 6452196.895688000135124 ], [ 2120850.295194, 6452977.903881999664009 ], [ 2121009.873156, 6454461.796906 ], [ 2121032.205463000107557, 6454592.717484000138938 ], [ 2121167.402563, 6454483.320871000178158 ], [ 2121987.290397999808192, 6453815.53278199955821 ], [ 2122024.001085000112653, 6453785.629071 ], [ 2122176.364091, 6451992.127394 ], [ 2122273.909870999865234, 6450441.281140999868512 ], [ 2124733.587611999828368, 6450805.665094000287354 ], [ 2125839.323981999885291, 6449086.314380000345409 ], [ 2129210.06984299980104, 6448444.091644000262022 ], [ 2129073.761039, 6448152.678198999725282 ], [ 2129073.772692, 6448152.676465 ], [ 2128633.439044000115246, 6447211.207999000325799 ], [ 2128589.210607000160962, 6447157.893139 ], [ 2128312.276033, 6446524.482663 ], [ 2128249.210525999777019, 6446204.143996000289917 ], [ 2128171.137316000182182, 6446049.699268000200391 ], [ 2128074.200882, 6446039.070347 ], [ 2127671.009963000193238, 6445903.294552999548614 ], [ 2127248.953102999832481, 6445716.648230000399053 ], [ 2126727.413865999784321, 6445571.048347 ], [ 2126676.735589, 6445370.604515000246465 ], [ 2126391.309671000111848, 6445380.499184999614954 ], [ 2126118.38877, 6445345.601161000318825 ], [ 2125780.366287999786437, 6445260.21796 ], [ 2125381.891433999873698, 6445128.908183 ], [ 2124941.344552, 6444928.476006000302732 ], [ 2124500.545667999889702, 6444695.529271 ], [ 2124409.113268999848515, 6444638.161384999752045 ], [ 2120329.673378, 6447769.096947999671102 ], [ 2120347.200722999870777, 6447950.867118 ], [ 2120377.705164, 6448267.206384000368416 ], [ 2120507.019995000213385, 6449109.027824999764562 ], [ 2120524.402859, 6449222.180499999783933 ], [ 2120533.86535, 6449283.776088999584317 ], [ 2120536.860378, 6449303.272230999544263 ], [ 2120536.86986, 6449303.273315000347793 ] ] ] } },
{ "type": "Feature", "properties": { "gml_id": "FossilFuelResource.progn.pow76682", "identifier": "http://inspire.pgi.gov.pl/so/mr/Midas.paliwaKopalne/FossilFuelResource.progn.pow76682", "beginLifespanVersion": null, "localId": "FossilFuelResource.progn.pow76682", "namespace": "http://inspire.pgi.gov.pl/so/mr/Midas.paliwaKopalne", "scalar": -66.6, "scalar_uom": "m", "dateOfDiscovery": null, "calorificValue": null, "quantity": null, "verticalExtent": null }, "geometry": { "type": "Polygon", "coordinates": [ [ [ 1695418.119776, 6666311.323535 ], [ 1695435.139941, 6666374.723337999545038 ], [ 1695452.160355, 6666438.123602 ], [ 1695465.33115, 6666555.334679 ], [ 1695469.350573, 6666815.556795 ], [ 1695474.617899, 6666964.918565000407398 ], [ 1695465.802506, 6667215.552687999792397 ], [ 1695467.789276000112295, 6667401.979235 ], [ 1695481.143767, 6667572.224654999561608 ], [ 1695510.49026000010781, 6667735.99543400015682 ], [ 1695555.955787, 6667933.457724999636412 ], [ 1695622.140670999884605, 6668095.519762 ], [ 1695687.479632, 6668226.180878999643028 ], [ 1695788.885387, 6668383.258108000271022 ], [ 1695944.920995, 6668585.146288 ], [ 1696153.899034, 6668810.949547000229359 ], [ 1696265.560474, 6668908.571556 ], [ 1696377.224741, 6669006.193447000347078 ], [ 1696536.199173, 6669122.930927 ], [ 1696595.560875, 6669150.339385 ], [ 1696654.906509999884292, 6669167.816187 ], [ 1696704.581354, 6669174.08162899967283 ], [ 1696751.03441, 6669170.713668 ], [ 1696805.441778, 6669151.246545 ], [ 1696846.987613, 6669120.579043 ], [ 1696882.059025, 6669066.311823000200093 ], [ 1696929.798137, 6668969.750935999676585 ], [ 1696985.420554, 6668831.37732 ], [ 1697037.755031999899074, 6668673.746603 ], [ 1697078.789943, 6668485.628596999682486 ], [ 1697105.442544, 6668313.618038999848068 ], [ 1697123.820378, 6668056.504440000280738 ], [ 1697126.211864, 6667816.961515 ], [ 1697103.576282, 6667269.219343 ], [ 1697093.38227, 6666611.587585999630392 ], [ 1697076.315565, 6666298.418676 ], [ 1697059.292607, 6665993.302853999659419 ], [ 1696947.064797, 6665474.562370999716222 ], [ 1696883.957584, 6665275.626725999638438 ], [ 1696843.607243, 6665179.402648 ], [ 1696751.802387, 6665017.492514999583364 ], [ 1696682.694717, 6664940.6268469998613 ], [ 1696615.277206, 6664887.860302000306547 ], [ 1696531.880527, 6664847.981176 ], [ 1696331.541201000101864, 6664790.819961999543011 ], [ 1696052.01152, 6664725.837349000386894 ], [ 1695771.675165, 6664686.582539999857545 ], [ 1695437.010999, 6664682.829517999663949 ], [ 1695345.764502, 6664689.541307000443339 ], [ 1695254.59757, 6664721.938171000219882 ], [ 1695179.495252, 6664773.561026000417769 ], [ 1695125.296589, 6664852.419754999689758 ], [ 1695074.419926, 6664969.823411 ], [ 1694985.855655, 6665139.886989000253379 ], [ 1694982.53603500011377, 6665621.72757999971509 ], [ 1695003.955446, 6665816.00332900043577 ], [ 1695034.59883900010027, 6665888.182540999725461 ], [ 1695086.031217, 6665949.059321999549866 ], [ 1695284.559296, 6666104.550797999836504 ], [ 1695364.962848, 6666210.30817100033164 ], [ 1695418.119776, 6666311.323535 ] ] ] } },
{ "type": "Feature", "properties": { "gml_id": "FossilFuelResource.per.pow80614", "identifier": "http://inspire.pgi.gov.pl/so/mr/Midas.paliwaKopalne/FossilFuelResource.per.pow80614", "beginLifespanVersion": null, "localId": "FossilFuelResource.per.pow80614", "namespace": "http://inspire.pgi.gov.pl/so/mr/Midas.paliwaKopalne", "scalar": -1000.0, "scalar_uom": "m", "dateOfDiscovery": null, "calorificValue": null, "quantity": null, "verticalExtent": null }, "geometry": { "type": "Polygon", "coordinates": [ [ [ 2142659.267721000127494, 6456021.365915999747813 ], [ 2142104.495457, 6456186.411953000351787 ], [ 2141674.430228999815881, 6456273.880961 ], [ 2141281.841136999893934, 6456374.507008000276983 ], [ 2140234.214154, 6456642.93080999981612 ], [ 2139900.703297, 6456700.290912000462413 ], [ 2139562.300884999800473, 6456793.19230099953711 ], [ 2139323.377634999807924, 6456156.144441000185907 ], [ 2138439.072915, 6453797.832901 ], [ 2137731.955162, 6451782.764483000151813 ], [ 2137096.986469000112265, 6450149.956342999823391 ], [ 2137075.832276000175625, 6450095.5529880002141 ], [ 2136630.145545000210404, 6448850.224372000433505 ], [ 2136246.495904, 6447778.077987000346184 ], [ 2136125.644224000163376, 6447486.611139999702573 ], [ 2135957.030379000119865, 6447079.933853999711573 ], [ 2135424.812200999818742, 6447307.751265999861062 ], [ 2135006.249977, 6447395.400744000449777 ], [ 2134797.052586, 6447435.965234999544919 ], [ 2134601.432161999866366, 6447450.771405000239611 ], [ 2132562.016872, 6447818.281108999624848 ], [ 2131293.236328000202775, 6448073.93269900046289 ], [ 2130461.467691999860108, 6448221.794989 ], [ 2129210.06984299980104, 6448444.091644000262022 ], [ 2125839.323981999885291, 6449086.314380000345409 ], [ 2124733.587611999828368, 6450805.665094000287354 ], [ 2122273.909870999865234, 6450441.281140999868512 ], [ 2122176.364091, 6451992.127394 ], [ 2122024.001085000112653, 6453785.629071 ], [ 2121167.402563, 6454483.320871000178158 ], [ 2121032.205463000107557, 6454592.717484000138938 ], [ 2121657.49456, 6458257.52065599989146 ], [ 2123070.284508000127971, 6458118.583948999643326 ], [ 2123487.264975000172853, 6461108.45053100027144 ], [ 2123476.734077999833971, 6461265.198575000278652 ], [ 2123569.160203, 6461980.033359000459313 ], [ 2124013.831532999873161, 6462181.089560000225902 ], [ 2126370.12610699981451, 6463119.738432000391185 ], [ 2126530.856036, 6463055.310149 ], [ 2130725.245017999783158, 6463053.508769 ], [ 2136599.977976, 6463020.907963999547064 ], [ 2135881.895881, 6464716.385110000148416 ], [ 2135386.481205, 6465638.265882999636233 ], [ 2137312.38604799984023, 6464926.647955999709666 ], [ 2137386.237805, 6464990.00912499986589 ], [ 2137450.540649, 6464964.274163999594748 ], [ 2138661.288158, 6464479.608539000153542 ], [ 2138661.29935699980706, 6464479.604135000146925 ], [ 2139075.545701, 6466152.032222 ], [ 2139075.548064, 6466152.041585999540985 ], [ 2139463.418503, 6465994.417825000360608 ], [ 2139851.27424000017345, 6465836.779067000374198 ], [ 2140239.115431999787688, 6465679.125156999565661 ], [ 2140626.941763, 6465521.456097999587655 ], [ 2140621.726148, 6465529.00250400044024 ], [ 2140834.091573, 6465697.581020999699831 ], [ 2142011.998579000122845, 6465367.021591999568045 ], [ 2142025.944708, 6465327.406949000433087 ], [ 2141593.670233, 6464545.300277000293136 ], [ 2141435.468044000212103, 6462868.534711999818683 ], [ 2141384.008266, 6462323.0560919996351 ], [ 2141368.340100000146776, 6462170.746825000271201 ], [ 2141376.344304999802262, 6462177.170234000310302 ], [ 2141378.337617, 6461977.627786999568343 ], [ 2141333.566412, 6461279.325226999819279 ], [ 2141041.912740999832749, 6458996.940956000238657 ], [ 2141018.206706, 6458766.406508999876678 ], [ 2141104.618894999846816, 6458622.531406000256538 ], [ 2142659.267721000127494, 6456021.365915999747813 ] ] ] } },
{ "type": "Feature", "properties": { "gml_id": "FossilFuelResource.progn.pow76562", "identifier": "http://inspire.pgi.gov.pl/so/mr/Midas.paliwaKopalne/FossilFuelResource.progn.pow76562", "beginLifespanVersion": null, "localId": "FossilFuelResource.progn.pow76562", "namespace": "http://inspire.pgi.gov.pl/so/mr/Midas.paliwaKopalne", "scalar": -63.2, "scalar_uom": "m", "dateOfDiscovery": null, "calorificValue": null, "quantity": null, "verticalExtent": null }, "geometry": { "type": "Polygon", "coordinates": [ [ [ 2050081.917479, 6935218.919873000122607 ], [ 2050233.04395, 6935237.317804999649525 ], [ 2050249.455493000103161, 6935236.626306000165641 ], [ 2050676.052711, 6935218.640151999890804 ], [ 2051104.01143, 6935136.09823099989444 ], [ 2051330.648036, 6935045.641781999729574 ], [ 2051629.529326, 6934817.570985999889672 ], [ 2051661.967943, 6934749.949121999554336 ], [ 2051694.406014, 6934682.327525 ], [ 2051681.904424, 6934579.301657999865711 ], [ 2051643.245751, 6934520.092489000409842 ], [ 2051496.357581, 6934396.753678999841213 ], [ 2051244.100618, 6934271.635712999850512 ], [ 2050916.711216, 6934187.689375 ], [ 2050457.898924, 6934164.991154000163078 ], [ 2050265.998361, 6934213.886537999846041 ], [ 2050074.095648, 6934262.777436999604106 ], [ 2049953.270992999896407, 6934302.995558000169694 ], [ 2049604.672135999891907, 6934520.983058 ], [ 2049525.232702, 6934662.788386000320315 ], [ 2049512.099281, 6934796.26184399984777 ], [ 2049561.109861, 6934955.695686000399292 ], [ 2049684.209823, 6935100.516738000325859 ], [ 2049930.791548, 6935200.519293 ], [ 2050081.917479, 6935218.919873000122607 ] ] ] } },
{ "type": "Feature", "properties": { "gml_id": "FossilFuelResource.progn.pow76683", "identifier": "http://inspire.pgi.gov.pl/so/mr/Midas.paliwaKopalne/FossilFuelResource.progn.pow76683", "beginLifespanVersion": null, "localId": "FossilFuelResource.progn.pow76683", "namespace": "http://inspire.pgi.gov.pl/so/mr/Midas.paliwaKopalne", "scalar": -158.0, "scalar_uom": "m", "dateOfDiscovery": null, "calorificValue": null, "quantity": null, "verticalExtent": null }, "geometry": { "type": "Polygon", "coordinates": [ [ [ 1762844.635899000102654, 6763684.133402000181377 ], [ 1763133.079270000103861, 6763771.403807999566197 ], [ 1764058.401046, 6764009.915370999835432 ], [ 1764775.568383, 6764107.457426999695599 ], [ 1765468.514957, 6764129.569116 ], [ 1765927.035622, 6764071.167216000147164 ], [ 1766663.778880000114441, 6763850.523795999586582 ], [ 1767203.97471, 6763465.730498 ], [ 1767666.491441, 6763097.000289999879897 ], [ 1768479.133928, 6762291.341453 ], [ 1768975.969657, 6761753.080625000409782 ], [ 1769268.352075, 6761480.338875999674201 ], [ 1769536.393553, 6761275.19325099978596 ], [ 1769604.31431, 6761170.377233999781311 ], [ 1769602.739427, 6761041.949133000336587 ], [ 1769594.649397, 6760895.246930999681354 ], [ 1769445.856777, 6760560.692129 ], [ 1769310.328489, 6760281.01698200032115 ], [ 1769278.191036, 6760226.363989000208676 ], [ 1768630.706221, 6760264.872650999575853 ], [ 1768096.061655, 6760271.380134000442922 ], [ 1767536.052768, 6760259.820089000277221 ], [ 1766831.202834999887273, 6760237.716315999627113 ], [ 1766238.935556, 6760159.164064000360668 ], [ 1765405.363883000100031, 6760057.095015999861062 ], [ 1765114.151764, 6760024.53914999961853 ], [ 1764822.942094, 6759991.972985999658704 ], [ 1764080.015154, 6759764.19168599974364 ], [ 1763272.169924, 6759403.43793 ], [ 1762314.145529, 6758849.016539 ], [ 1761877.053654, 6758535.335319000296295 ], [ 1761110.673216, 6757959.91289099957794 ], [ 1760838.264729, 6757610.596651 ], [ 1760619.072354, 6757215.022168000228703 ], [ 1760562.768188, 6756980.740439999848604 ], [ 1760516.603436, 6756102.059252000413835 ], [ 1757523.663164, 6756136.656596000306308 ], [ 1757617.701417, 6758695.946833999827504 ], [ 1757667.920886, 6759215.97474000044167 ], [ 1757971.259585000108927, 6758985.905545 ], [ 1758351.371620000107214, 6758755.332142 ], [ 1758765.787350999889895, 6758621.411402000114322 ], [ 1758915.303389, 6758603.599372000433505 ], [ 1759064.819006, 6758585.784605000168085 ], [ 1759356.255219, 6758614.903597 ], [ 1759690.15577, 6758724.414912999607623 ], [ 1759966.228236, 6758866.911638 ], [ 1760176.030033, 6759034.378500999882817 ], [ 1760301.585215, 6759105.753518999554217 ], [ 1760451.475132, 6759120.262447999790311 ], [ 1760658.856643, 6759069.414850000292063 ], [ 1760858.005311, 6759026.739412999711931 ], [ 1760991.343804, 6759049.508833999745548 ], [ 1761125.6806, 6759161.211538 ], [ 1761161.125714, 6759354.894155000336468 ], [ 1761137.494272, 6759472.415920999832451 ], [ 1761113.862264000112191, 6759589.939297 ], [ 1760933.590898, 6759834.590393000282347 ], [ 1760686.947446, 6760096.177148999646306 ], [ 1760473.019642, 6760308.851432999596 ], [ 1760192.012425, 6760473.758670000359416 ], [ 1759736.467239, 6760656.772097 ], [ 1759404.251054999884218, 6760708.971970000304282 ], [ 1759014.087472, 6760786.088027999736369 ], [ 1758450.08662, 6760945.954698000103235 ], [ 1758223.448445, 6761022.148639 ], [ 1758402.205013, 6761256.759800000116229 ], [ 1758909.019381, 6761794.707411999814212 ], [ 1759554.267131, 6762315.257349999621511 ], [ 1760091.757098, 6762600.704399 ], [ 1760840.636915, 6762962.515975000336766 ], [ 1761646.067517, 6763307.892628000117838 ], [ 1762556.198972, 6763596.853807000443339 ], [ 1762844.635899000102654, 6763684.133402000181377 ] ] ] } },
{ "type": "Feature", "properties": { "gml_id": "FossilFuelResource.per.pow82236", "identifier": "http://inspire.pgi.gov.pl/so/mr/Midas.paliwaKopalne/FossilFuelResource.per.pow82236", "beginLifespanVersion": null, "localId": "FossilFuelResource.per.pow82236", "namespace": "http://inspire.pgi.gov.pl/so/mr/Midas.paliwaKopalne", "scalar": -1000.0, "scalar_uom": "m", "dateOfDiscovery": null, "calorificValue": null, "quantity": null, "verticalExtent": null }, "geometry": { "type": "Polygon", "coordinates": [ [ [ 2080820.584414, 6487586.670372 ], [ 2080869.268969, 6487679.079602999612689 ], [ 2081289.344477, 6488290.661081000231206 ], [ 2081676.51863699988462, 6488934.494071000255644 ], [ 2082211.633725, 6489654.85325700044632 ], [ 2082647.434982, 6490140.76637199986726 ], [ 2083115.3228, 6490669.068173999898136 ], [ 2083685.256100000115111, 6491226.637303999625146 ], [ 2084126.510185, 6491661.311776 ], [ 2084507.277230999898165, 6492099.903497000224888 ], [ 2084888.369844, 6492515.175769999623299 ], [ 2085311.088407, 6492954.290563000366092 ], [ 2085389.819813, 6493028.359569 ], [ 2085637.731104, 6493261.580478000454605 ], [ 2085703.329953, 6493322.357830000109971 ], [ 2086256.590154, 6493264.449103999882936 ], [ 2087142.381963, 6493125.837689000181854 ], [ 2087732.377744, 6492996.231855999678373 ], [ 2087797.530058, 6492709.263456 ], [ 2087690.716207, 6491892.133906000293791 ], [ 2087116.017722, 6491861.626772999763489 ], [ 2086501.534591, 6491614.514107 ], [ 2086129.919646, 6491258.367022999562323 ], [ 2085995.950195, 6491022.950944 ], [ 2085877.909, 6490746.147966000251472 ], [ 2086121.449224, 6490409.422716000117362 ], [ 2085338.167786, 6489439.474566999822855 ], [ 2086587.451718, 6487979.652262999676168 ], [ 2087383.72625600011088, 6488531.81589400023222 ], [ 2087343.580559, 6487253.147970999591053 ], [ 2087270.852692000102252, 6486941.179941999725997 ], [ 2087083.339526, 6486286.619044999592006 ], [ 2087046.387001999886706, 6486157.621186000294983 ], [ 2086893.888988000107929, 6485396.349029 ], [ 2086641.149309, 6484134.530678000301123 ], [ 2085625.474066, 6484920.903126999735832 ], [ 2081377.774361, 6488254.293851999565959 ], [ 2080820.584414, 6487586.670372 ] ] ] } },
{ "type": "Feature", "properties": { "gml_id": "FossilFuelResource.progn.pow76567", "identifier": "http://inspire.pgi.gov.pl/so/mr/Midas.paliwaKopalne/FossilFuelResource.progn.pow76567", "beginLifespanVersion": null, "localId": "FossilFuelResource.progn.pow76567", "namespace": "http://inspire.pgi.gov.pl/so/mr/Midas.paliwaKopalne", "scalar": -68.9, "scalar_uom": "m", "dateOfDiscovery": null, "calorificValue": null, "quantity": null, "verticalExtent": null }, "geometry": { "type": "Polygon", "coordinates": [ [ [ 2022445.244226, 6672633.080445 ], [ 2024161.643841, 6671649.698551 ], [ 2023751.760401, 6671087.112026000395417 ], [ 2023341.9331, 6670524.543715000152588 ], [ 2022559.16499, 6669530.338139999657869 ], [ 2021694.964604, 6668542.038502000272274 ], [ 2021649.988496, 6670136.82264 ], [ 2021674.948728, 6671768.474131000228226 ], [ 2021180.506771000102162, 6672260.306578 ], [ 2020686.005463, 6672752.138113000430167 ], [ 2020142.17784, 6673309.547132999636233 ], [ 2018828.19443, 6674724.171024999581277 ], [ 2020127.227663000114262, 6673978.546573 ], [ 2022445.244226, 6672633.080445 ] ] ] } },
{ "type": "Feature", "properties": { "gml_id": "FossilFuelResource.progn.pow76565", "identifier": "http://inspire.pgi.gov.pl/so/mr/Midas.paliwaKopalne/FossilFuelResource.progn.pow76565", "beginLifespanVersion": null, "localId": "FossilFuelResource.progn.pow76565", "namespace": "http://inspire.pgi.gov.pl/so/mr/Midas.paliwaKopalne", "scalar": -63.2, "scalar_uom": "m", "dateOfDiscovery": null, "calorificValue": null, "quantity": null, "verticalExtent": null }, "geometry": { "type": "Polygon", "coordinates": [ [ [ 2062490.92392, 6934106.840583000332117 ], [ 2062624.255045, 6934074.863122999668121 ], [ 2062874.25088, 6933964.62201 ], [ 2063144.044149, 6933809.332192 ], [ 2063313.299175, 6933659.738482000306249 ], [ 2063417.614961, 6933511.318629000335932 ], [ 2063504.965404, 6933347.959122000262141 ], [ 2063521.390164, 6933289.799429999664426 ], [ 2063523.559951, 6933226.260037999600172 ], [ 2063490.527181, 6933020.260290999896824 ], [ 2063411.348097, 6932747.683465999551117 ], [ 2063412.000767, 6932639.322205999866128 ], [ 2063436.133026999887079, 6932466.475232000462711 ], [ 2063487.901192, 6932285.444325 ], [ 2063515.054308, 6932139.884967000223696 ], [ 2063529.07355, 6931982.214255000464618 ], [ 2063516.017925, 6931858.77245 ], [ 2063462.636709, 6931690.501055999659002 ], [ 2063437.275139, 6931631.646187 ], [ 2063393.839955, 6931569.313046 ], [ 2063344.95833700010553, 6931517.861492999829352 ], [ 2063269.792180000105873, 6931464.532474 ], [ 2063200.293385, 6931442.842264999635518 ], [ 2063130.794968, 6931421.15151199977845 ], [ 2062979.958429000107571, 6931408.86364599969238 ], [ 2062832.698997, 6931449.508376000449061 ], [ 2062675.086066, 6931526.335261999629438 ], [ 2062570.93422, 6931648.662565000355244 ], [ 2062482.724499, 6931781.76558000035584 ], [ 2062444.647501, 6931865.698022999800742 ], [ 2062336.05841, 6932373.802921 ], [ 2062265.414871, 6932572.451070000417531 ], [ 2062138.876893, 6932805.755788999609649 ], [ 2062059.99573, 6932921.483149999752641 ], [ 2061948.886382, 6933027.722307000309229 ], [ 2061892.185124, 6933059.008654999546707 ], [ 2061828.606821999885142, 6933078.408815000206232 ], [ 2061691.671129, 6933082.816227000206709 ], [ 2061572.644677999895066, 6933096.994133000262082 ], [ 2061472.477177, 6933126.395410999655724 ], [ 2061313.852888, 6933197.741033 ], [ 2061257.294078999897465, 6933228.136307000182569 ], [ 2061192.309241, 6933284.941244999878109 ], [ 2061145.810494, 6933348.631617000326514 ], [ 2061123.830518, 6933419.697933999821544 ], [ 2061113.269384, 6933514.309769 ], [ 2061117.53967, 6933602.314469000324607 ], [ 2061127.971144, 6933693.772029000334442 ], [ 2061157.41655, 6933768.241074999794364 ], [ 2061186.222072, 6933820.149295000359416 ], [ 2061226.826433, 6933871.210264000110328 ], [ 2061266.586978999897838, 6933910.88987800013274 ], [ 2061315.407203, 6933947.412740999832749 ], [ 2061387.33479, 6933977.331601000390947 ], [ 2061661.913674, 6934083.080353000201285 ], [ 2061882.978297, 6934149.874905000440776 ], [ 2062100.969975, 6934175.67488900013268 ], [ 2062357.591743, 6934138.815775999799371 ], [ 2062490.92392, 6934106.840583000332117 ] ] ] } },
{ "type": "Feature", "properties": { "gml_id": "FossilFuelResource.per.pow80973", "identifier": "http://inspire.pgi.gov.pl/so/mr/Midas.paliwaKopalne/FossilFuelResource.per.pow80973", "beginLifespanVersion": null, "localId": "FossilFuelResource.per.pow80973", "namespace": "http://inspire.pgi.gov.pl/so/mr/Midas.paliwaKopalne", "scalar": -3200.0, "scalar_uom": "m", "dateOfDiscovery": null, "calorificValue": null, "quantity": null, "verticalExtent": null }, "geometry": { "type": "Polygon", "coordinates": [ [ [ 1836487.924191, 6924042.002930999733508 ], [ 1836490.505995, 6924981.140098 ], [ 1836564.228181000100449, 6952098.060819 ], [ 1836564.412290999898687, 6952166.450104 ], [ 1836771.599185, 6952167.148041999898851 ], [ 1867720.080041, 6952210.972432999871671 ], [ 1872092.897948000114411, 6936397.715797999873757 ], [ 1873979.302183, 6929564.905686000362039 ], [ 1892226.179502000100911, 6917180.542228000238538 ], [ 1892225.986678, 6890981.2056919997558 ], [ 1892225.986617, 6890981.172303000465035 ], [ 1892225.988552, 6890981.167587 ], [ 1892226.037166000111029, 6890136.931718000210822 ], [ 1892226.643878, 6875757.651767999865115 ], [ 1892226.643850999884307, 6875757.36826 ], [ 1892226.643845, 6875756.947677000425756 ], [ 1892226.413256, 6875756.948660999536514 ], [ 1892225.925553, 6875756.950550000183284 ], [ 1876976.411469, 6875800.523536999709904 ], [ 1863659.731767, 6875814.869067000225186 ], [ 1865973.181213, 6887070.152684999629855 ], [ 1865959.786751, 6887078.043714 ], [ 1859327.966859, 6890981.312864 ], [ 1836433.486139, 6904398.888027000240982 ], [ 1836434.007996999891475, 6904585.447036 ], [ 1836487.924191, 6924042.002930999733508 ] ] ] } },
{ "type": "Feature", "properties": { "gml_id": "FossilFuelResource.progn.pow76566", "identifier": "http://inspire.pgi.gov.pl/so/mr/Midas.paliwaKopalne/FossilFuelResource.progn.pow76566", "beginLifespanVersion": null, "localId": "FossilFuelResource.progn.pow76566", "namespace": "http://inspire.pgi.gov.pl/so/mr/Midas.paliwaKopalne", "scalar": -68.9, "scalar_uom": "m", "dateOfDiscovery": null, "calorificValue": null, "quantity": null, "verticalExtent": null }, "geometry": { "type": "Polygon", "coordinates": [ [ [ 2015134.573279999895021, 6682098.409397999756038 ], [ 2015581.266107, 6682114.739411000162363 ], [ 2015842.424843, 6682124.270436 ], [ 2016228.707301, 6682126.142763 ], [ 2016251.859209, 6681840.702945999801159 ], [ 2016275.009585000108927, 6681555.273110999725759 ], [ 2016330.981863, 6680687.608896000310779 ], [ 2016313.625959, 6680411.921097000129521 ], [ 2016314.939335, 6680077.663401000201702 ], [ 2016316.252659, 6679743.419276 ], [ 2014725.894768000114709, 6679749.783200000412762 ], [ 2014709.411883, 6680411.857924000360072 ], [ 2014705.54411, 6680991.902487000450492 ], [ 2014701.675308, 6681571.987754000350833 ], [ 2014687.882269, 6682082.054933000355959 ], [ 2015134.573279999895021, 6682098.409397999756038 ] ] ] } },
{ "type": "Feature", "properties": { "gml_id": "FossilFuelResource.per.pow81033", "identifier": "http://inspire.pgi.gov.pl/so/mr/Midas.paliwaKopalne/FossilFuelResource.per.pow81033", "beginLifespanVersion": null, "localId": "FossilFuelResource.per.pow81033", "namespace": "http://inspire.pgi.gov.pl/so/mr/Midas.paliwaKopalne", "scalar": null, "scalar_uom": null, "dateOfDiscovery": null, "calorificValue": null, "quantity": null, "verticalExtent": null }, "geometry": { "type": "Polygon", "coordinates": [ [ [ 1858810.715776, 6983005.933964 ], [ 1864601.46973, 6982997.919007999822497 ], [ 1868069.62446, 6983006.968584000132978 ], [ 1913946.712673, 6982984.53315700031817 ], [ 1892431.34322, 6967598.361670999787748 ], [ 1901732.42649, 6967609.17057 ], [ 1920261.215114, 6967598.363056000322104 ], [ 1920261.220345, 6952228.40359599981457 ], [ 1936048.877482, 6952267.837360999546945 ], [ 1947458.000972, 6936957.74777099955827 ], [ 1910778.012231, 6936828.002863000147045 ], [ 1903558.557137, 6936832.923118 ], [ 1892225.416993, 6936827.488963999785483 ], [ 1892224.275733, 6952160.528931999579072 ], [ 1848246.38554, 6952197.399561 ], [ 1836771.597664, 6952167.148984 ], [ 1836771.594314000103623, 6982997.921136000193655 ], [ 1858810.715776, 6983005.933964 ] ] ] } },
{ "type": "Feature", "properties": { "gml_id": "FossilFuelResource.progn.pow80153", "identifier": "http://inspire.pgi.gov.pl/so/mr/Midas.paliwaKopalne/FossilFuelResource.progn.pow80153", "beginLifespanVersion": null, "localId": "FossilFuelResource.progn.pow80153", "namespace": "http://inspire.pgi.gov.pl/so/mr/Midas.paliwaKopalne", "scalar": null, "scalar_uom": null, "dateOfDiscovery": null, "calorificValue": null, "quantity": null, "verticalExtent": null }, "geometry": { "type": "Polygon", "coordinates": [ [ [ 2521286.395864999853075, 6765483.066224000416696 ], [ 2521436.895742999855429, 6765107.044940000399947 ], [ 2521901.143192000221461, 6764331.914184000343084 ], [ 2522503.270223, 6763698.48807 ], [ 2523025.628883, 6763357.297667000442743 ], [ 2523765.031930999830365, 6763194.72535500023514 ], [ 2524741.60446, 6763277.377615000121295 ], [ 2525441.72115800017491, 6763511.94216 ], [ 2526027.450809999834746, 6763787.946895999833941 ], [ 2526541.858434999827296, 6764326.899696 ], [ 2527053.316182, 6765117.557809 ], [ 2527540.345064000226557, 6766102.234946999698877 ], [ 2527977.268881000112742, 6767010.48694400023669 ], [ 2528442.200418000109494, 6767869.592922000214458 ], [ 2528842.094678999856114, 6768430.798335 ], [ 2529190.901322000194341, 6768877.473542000167072 ], [ 2529466.920467, 6769112.168672 ], [ 2529967.067801, 6769399.824868000112474 ], [ 2530519.387749, 6769502.44542200025171 ], [ 2531019.508787999860942, 6769412.79241899959743 ], [ 2531661.987615, 6769232.267714000307024 ], [ 2532267.773587999865413, 6769139.19665199983865 ], [ 2532989.194367, 6769053.814445000141859 ], [ 2533519.224595, 6769001.336232 ], [ 2534163.957961999811232, 6768917.706228000111878 ], [ 2534615.113113999832422, 6768809.597898 ], [ 2535034.615032, 6768595.386536000296474 ], [ 2535336.741901, 6768336.269686999730766 ], [ 2535538.011450999882072, 6767914.496018 ], [ 2535734.433922000229359, 6767261.382822000421584 ], [ 2535823.559099, 6766214.408750999718904 ], [ 2535724.610113, 6764968.272986000403762 ], [ 2535247.239924999885261, 6762891.073509000241756 ], [ 2534959.545590000227094, 6761041.85666 ], [ 2534842.423694999888539, 6760169.716595999896526 ], [ 2535079.225666, 6760289.286298000253737 ], [ 2535729.331273000221699, 6760621.135986999608576 ], [ 2535763.621162000112236, 6760638.088134 ], [ 2535862.447664999868721, 6760158.55913 ], [ 2536308.884171000216156, 6758754.455339999869466 ], [ 2536881.130847, 6757357.981560000218451 ], [ 2537435.401508000213653, 6756058.326581000350416 ], [ 2537958.383643, 6755001.239512000232935 ], [ 2538445.567859999835491, 6754099.475761 ], [ 2538928.336211999878287, 6753382.106165999546647 ], [ 2539545.2484570001252, 6752650.9255689997226 ], [ 2540384.456923, 6751952.978888000361621 ], [ 2541405.646583000198007, 6751192.270491999574006 ], [ 2542466.675704, 6750517.725625 ], [ 2543347.212247999850661, 6749943.787336000241339 ], [ 2543882.620382000226527, 6749614.399628000333905 ], [ 2544727.628118999768049, 6750090.348721999675035 ], [ 2544861.150140999816358, 6750177.39291699975729 ], [ 2545146.972097999881953, 6749886.595393000170588 ], [ 2545795.253763, 6749280.420332999899983 ], [ 2546477.853637, 6748508.621957999654114 ], [ 2547139.03821500018239, 6747660.686502000316978 ], [ 2547701.045262, 6746719.282544 ], [ 2548218.432976999785751, 6745894.540624000132084 ], [ 2548891.457202, 6744804.277668000198901 ], [ 2549476.377992, 6744016.624680999666452 ], [ 2550149.317360000219196, 6743275.1163379997015 ], [ 2550774.91414, 6742543.738731999881566 ], [ 2551730.179893999826163, 6741591.483027 ], [ 2552800.179717999882996, 6740604.717557 ], [ 2552523.081943000201136, 6740532.199629999697208 ], [ 2551777.067772999871522, 6740313.148679999634624 ], [ 2551589.004468, 6740260.030669 ], [ 2551170.674166, 6740139.567335999570787 ], [ 2551245.368979, 6740042.412916 ], [ 2552076.404792999848723, 6738784.762927000410855 ], [ 2552768.707595999818295, 6737705.087725999765098 ], [ 2553288.51193, 6736678.461636000312865 ], [ 2553808.443415000103414, 6735661.601293999701738 ], [ 2554341.239229000173509, 6734740.419862000271678 ], [ 2554995.084278999827802, 6733720.143496000207961 ], [ 2555710.744402000214905, 6732823.201568 ], [ 2556635.649003, 6731881.966981000266969 ], [ 2557477.511308, 6731058.2097929995507 ], [ 2558436.656122, 6729971.8224 ], [ 2559254.167927000205964, 6728975.528761000372469 ], [ 2559850.206456, 6727966.811799 ], [ 2560295.660551, 6727067.81214 ], [ 2560710.064474000129849, 6725888.690108000300825 ], [ 2561006.633117000106722, 6725044.694265999831259 ], [ 2561579.494837, 6723912.176432999782264 ], [ 2562252.407627999782562, 6722949.273419000208378 ], [ 2563086.434002, 6721895.830618999898434 ], [ 2563898.013069999869913, 6721082.891847000457346 ], [ 2564829.48643, 6720430.765488999895751 ], [ 2565903.800169, 6719754.451991000212729 ], [ 2566782.334782000165433, 6719257.376199999824166 ], [ 2567700.895207, 6718845.996814999729395 ], [ 2568927.802807999774814, 6718473.22769 ], [ 2570163.118001, 6718061.431006000377238 ], [ 2571225.130958000198007, 6717654.451209999620914 ], [ 2572421.719649999868125, 6717243.462705999612808 ], [ 2573537.628273999784142, 6716709.978412000462413 ], [ 2574272.021118000149727, 6716231.10150200035423 ], [ 2574268.29111299989745, 6716228.669967000372708 ], [ 2574268.21729899989441, 6716228.628568000160158 ], [ 2574091.631705, 6716114.727519 ], [ 2572820.12551200017333, 6715308.732285999692976 ], [ 2572817.814420000184327, 6715307.77379500027746 ], [ 2571638.186712, 6714820.112060000188649 ], [ 2570981.597422999795526, 6714354.876636000350118 ], [ 2569809.833658, 6713764.43713799957186 ], [ 2569107.438630000222474, 6713430.678906000219285 ], [ 2568440.162101999856532, 6713145.726897000335157 ], [ 2567842.97359, 6712898.945866 ], [ 2567291.9559, 6712695.847817 ], [ 2566686.28060600021854, 6712429.940445000305772 ], [ 2566192.560833000112325, 6712209.085818000137806 ], [ 2565999.35430399980396, 6712124.475793000310659 ], [ 2565516.663741, 6711895.239602000452578 ], [ 2564881.635921, 6711607.538997 ], [ 2564209.754954, 6711319.219088000245392 ], [ 2564021.440837999805808, 6711236.042926999740303 ], [ 2563419.181262, 6710969.84642400033772 ], [ 2563019.138392, 6710767.135846000164747 ], [ 2561925.702622000128031, 6710186.515765000134706 ], [ 2561380.248561, 6709881.664820999838412 ], [ 2561248.198024, 6709801.712829999625683 ], [ 2561024.944685999769717, 6709669.61538099963218 ], [ 2560043.345600999891758, 6709182.185007000342011 ], [ 2559161.436404, 6708701.593111 ], [ 2558967.774538000114262, 6708594.365616999566555 ], [ 2558789.27263499982655, 6708514.044099999591708 ], [ 2558310.277350000105798, 6708228.134995999746025 ], [ 2557589.249390999786556, 6707881.265107000246644 ], [ 2557391.642651, 6707804.651003999635577 ], [ 2557210.880998999811709, 6707698.652118000201881 ], [ 2556946.123517999891192, 6707580.077445999719203 ], [ 2556916.909577, 6707594.084250999614596 ], [ 2556929.301504999864846, 6707572.543184 ], [ 2556928.877733, 6707572.353414 ], [ 2556916.358810000121593, 6707594.115357000380754 ], [ 2556625.458060999866575, 6707663.172074000351131 ], [ 2551333.229934, 6708917.582504999823868 ], [ 2549806.470960999839008, 6709279.649860999546945 ], [ 2545282.952200000174344, 6710350.625277999788523 ], [ 2546104.484119, 6713298.488355999812484 ], [ 2546926.643234, 6716247.308686999604106 ], [ 2546988.486436999868602, 6716469.068183000199497 ], [ 2547330.246533, 6718173.544462 ], [ 2547888.367465000133961, 6720956.154694999568164 ], [ 2548446.900162000209093, 6723739.658975999802351 ], [ 2545067.791927, 6724903.48178100027144 ], [ 2543423.772994, 6725469.146859000436962 ], [ 2541193.077825, 6726813.079887 ], [ 2537758.587959, 6728880.662877 ], [ 2533417.599419999867678, 6730504.923399000428617 ], [ 2532193.613272999878973, 6730962.427028000354767 ], [ 2529689.073596000205725, 6726626.944950999692082 ], [ 2529117.55301, 6725637.156987000256777 ], [ 2525705.405817000195384, 6720025.073115999810398 ], [ 2525697.593037, 6720012.216841000132263 ], [ 2525112.649058000184596, 6720092.684968000277877 ], [ 2524497.210215, 6720134.224747000262141 ], [ 2524107.17661300022155, 6720184.471711999736726 ], [ 2523980.254141, 6720200.818711999803782 ], [ 2523380.551161999814212, 6720229.038099000230432 ], [ 2522971.56386600015685, 6720244.012426 ], [ 2522710.141346000134945, 6720253.996282 ], [ 2522446.182847000192851, 6720293.802991 ], [ 2522342.095896, 6720340.429038999602199 ], [ 2522238.00755999982357, 6720387.054061999544501 ], [ 2522064.501611, 6720522.968283000402153 ], [ 2521952.75832899985835, 6720692.888469000346959 ], [ 2521947.033849999774247, 6720703.461224 ], [ 2521941.309196, 6720714.033998000435531 ], [ 2521837.176828000228852, 6720906.3543889997527 ], [ 2521832.223452, 6721184.918023999780416 ], [ 2521833.431587, 6721309.633421 ], [ 2521835.837352000176907, 6721487.441107000224292 ], [ 2521840.105080999899656, 6721818.935255999676883 ], [ 2521812.052584, 6722212.346777999773622 ], [ 2521665.712979999836534, 6723006.058357999660075 ], [ 2521640.367306, 6723143.520643999800086 ], [ 2521602.236784, 6723375.416363 ], [ 2521564.104462, 6723607.318688999861479 ], [ 2521423.399503, 6724133.786423999816179 ], [ 2521364.837081000208855, 6724314.645262000150979 ], [ 2521306.272332, 6724495.507744999602437 ], [ 2521203.089470999781042, 6724828.241778999567032 ], [ 2521171.499929000157863, 6724930.105674000456929 ], [ 2521093.52206900017336, 6725176.637985000386834 ], [ 2520972.606038, 6725371.003410999663174 ], [ 2520787.482933000195771, 6725495.961449 ], [ 2520480.358663000166416, 6725552.806043 ], [ 2520154.382360000163317, 6725556.918875999748707 ], [ 2519872.351667, 6725514.940562999807298 ], [ 2519029.880473, 6725406.581941000185907 ], [ 2518496.630808, 6725334.736165000125766 ], [ 2518275.782249, 6725298.587612999603152 ], [ 2518054.935469000134617, 6725262.433141999877989 ], [ 2518054.933368000201881, 6725262.432923999615014 ], [ 2517641.905493, 6725215.236455 ], [ 2517592.799143, 6725209.883356999605894 ], [ 2517145.229710000101477, 6725210.057955999858677 ], [ 2517145.229565000161529, 6725210.058284999802709 ], [ 2515137.946622999850661, 6727200.661134 ], [ 2513746.735061999876052, 6728714.452077000401914 ], [ 2513182.774153000209481, 6729347.036360000260174 ], [ 2512618.726123999804258, 6729979.633108999580145 ], [ 2512618.725, 6729979.633163999766111 ], [ 2512575.134395999833941, 6730232.627128999680281 ], [ 2512533.692227, 6730473.612669000402093 ], [ 2512466.467676000203937, 6731011.668564000166953 ], [ 2512386.001788999885321, 6731532.316840000450611 ], [ 2512206.428481999784708, 6732304.945622 ], [ 2511900.050662000197917, 6733389.856207 ], [ 2511710.466858999803662, 6734375.66429299954325 ], [ 2511491.073384, 6735247.749424999579787 ], [ 2511122.357216, 6736587.525778000243008 ], [ 2510908.348966000135988, 6737340.371613999828696 ], [ 2510687.425377999898046, 6738072.460714999586344 ], [ 2510475.050419, 6738830.235104000195861 ], [ 2510186.492693999782205, 6739715.523130999878049 ], [ 2509754.872806, 6741068.597178 ], [ 2509474.079152000136673, 6741871.640653000213206 ], [ 2509203.916193999815732, 6742647.093717000447214 ], [ 2508807.062787999864668, 6743754.533382000401616 ], [ 2508496.693841, 6744614.924719999544322 ], [ 2508221.420221, 6745385.868191 ], [ 2507683.947313, 6746712.928519000299275 ], [ 2507468.31379, 6747261.577474 ], [ 2507204.838225, 6748298.9386 ], [ 2507043.240127999801189, 6748970.906917000189424 ], [ 2506915.566352, 6749571.152099000290036 ], [ 2506810.855581, 6750191.958333999849856 ], [ 2506720.754209000151604, 6750974.044966000132263 ], [ 2506647.437918, 6751755.3607 ], [ 2506668.038646, 6752160.942402999848127 ], [ 2506651.336989, 6752909.368971000425518 ], [ 2506616.839192000217736, 6753810.134927 ], [ 2506673.074027999769896, 6754578.200452 ], [ 2506686.691041000187397, 6755078.929898000322282 ], [ 2506753.588934999890625, 6755583.426884000189602 ], [ 2506825.731697999872267, 6756495.193386999890208 ], [ 2507240.819895000196993, 6759007.027758999727666 ], [ 2507363.085709, 6759688.485933000221848 ], [ 2507457.95951300021261, 6760757.10998999979347 ], [ 2507539.761082, 6761507.494579999707639 ], [ 2507598.916559999808669, 6762099.895321999676526 ], [ 2507636.294491999782622, 6762885.307753999717534 ], [ 2507636.310025999788195, 6763658.636595999822021 ], [ 2507646.115745999850333, 6764514.35532100033015 ], [ 2507623.876518, 6765226.812707999721169 ], [ 2507600.814300000201911, 6766131.937753999605775 ], [ 2507464.741646000184119, 6767269.37761399988085 ], [ 2507393.517891, 6767879.501038 ], [ 2507355.812725, 6768123.108582000248134 ], [ 2507293.906841, 6768522.641820999793708 ], [ 2507183.087336, 6769248.636629000306129 ], [ 2507025.632863, 6769907.665621999651194 ], [ 2507003.223111, 6770460.285814000293612 ], [ 2507039.664175999816507, 6770814.15001 ], [ 2507110.562297, 6771348.683515000157058 ], [ 2507174.510387000162154, 6771936.842233000323176 ], [ 2507362.166913, 6772491.675277999602258 ], [ 2507377.646284, 6772536.70148800034076 ], [ 2507559.394950999878347, 6772962.112735000438988 ], [ 2507800.499181999824941, 6773520.742518000304699 ], [ 2508185.174662999808788, 6774220.558462999761105 ], [ 2508462.626493, 6774736.365740000270307 ], [ 2508964.304909000173211, 6775461.322505 ], [ 2509281.176473999861628, 6775926.114756999537349 ], [ 2509672.023535000160336, 6776371.523548999801278 ], [ 2510121.179949, 6776820.556642999872565 ], [ 2510536.452198000159115, 6777194.145131999626756 ], [ 2510931.613442, 6777532.505819999612868 ], [ 2511369.466221999842674, 6777824.563740000128746 ], [ 2511813.640114, 6778108.368769000284374 ], [ 2512215.099732, 6778359.043723000213504 ], [ 2512621.466851000208408, 6778611.221473 ], [ 2513085.014549000188708, 6778889.702399999834597 ], [ 2513535.595034999772906, 6779165.206729000434279 ], [ 2513977.597128000110388, 6779341.998486000113189 ], [ 2514445.446513, 6779591.153632 ], [ 2515021.939365, 6779927.070421 ], [ 2515596.685816000215709, 6780254.89255900029093 ], [ 2516176.683187, 6780598.784345 ], [ 2517014.041466999799013, 6781170.423792 ], [ 2517678.651996000204235, 6781677.76223099976778 ], [ 2518190.082911999896169, 6782130.122436 ], [ 2518568.309652000200003, 6782472.630861000157893 ], [ 2518808.567621999885887, 6782340.067522999830544 ], [ 2520020.431702999863774, 6781671.487932999618351 ], [ 2520881.377570999786258, 6781263.679535999894142 ], [ 2521678.07313, 6781021.830435000360012 ], [ 2522590.510402, 6780786.991210999898612 ], [ 2523292.250484, 6780604.723926999606192 ], [ 2524160.259203, 6780516.653203000314534 ], [ 2525119.92958000022918, 6780231.814805 ], [ 2526056.531513, 6779791.777533000335097 ], [ 2526967.109718, 6779071.824559999629855 ], [ 2527710.583872000221163, 6778230.144089999608696 ], [ 2527974.907279000151902, 6777746.603415999561548 ], [ 2527684.073766000103205, 6777614.870078000240028 ], [ 2526979.080806000158191, 6777329.956787999719381 ], [ 2525576.071909000165761, 6776845.704337 ], [ 2523971.87109, 6776320.502789 ], [ 2523466.712167, 6776140.91254 ], [ 2521988.079894000198692, 6775724.281746 ], [ 2519905.045719, 6775157.400158000178635 ], [ 2519651.290368, 6775083.723349000327289 ], [ 2519454.470662999898195, 6775026.581884000450373 ], [ 2519166.839960999786854, 6774955.272540999576449 ], [ 2517786.080064, 6774596.494368 ], [ 2518109.539948000106961, 6773916.969933999702334 ], [ 2518811.737298000138253, 6772544.66486 ], [ 2519335.64737, 6771408.923971000127494 ], [ 2519767.494369000196457, 6770459.974739000201225 ], [ 2520244.242740000132471, 6769393.524685 ], [ 2520623.312955, 6768261.401331 ], [ 2520780.75393099989742, 6767580.378537000156939 ], [ 2520972.97708, 6766724.625586000271142 ], [ 2521135.882674000225961, 6765859.102609000168741 ], [ 2521211.141038999892771, 6765671.082624999806285 ], [ 2521286.395864999853075, 6765483.066224000416696 ] ] ] } },
{ "type": "Feature", "properties": { "gml_id": "FossilFuelResource.per.pow81153", "identifier": "http://inspire.pgi.gov.pl/so/mr/Midas.paliwaKopalne/FossilFuelResource.per.pow81153", "beginLifespanVersion": null, "localId": "FossilFuelResource.per.pow81153", "namespace": "http://inspire.pgi.gov.pl/so/mr/Midas.paliwaKopalne", "scalar": null, "scalar_uom": null, "dateOfDiscovery": null, "calorificValue": null, "quantity": null, "verticalExtent": null }, "geometry": { "type": "Polygon", "coordinates": [ [ [ 2443585.281697, 6750117.612130000256002 ], [ 2485751.693405, 6707839.361341999843717 ], [ 2477554.029929, 6697544.393574999645352 ], [ 2474496.511924, 6693698.979282000102103 ], [ 2474518.201656000223011, 6681897.337929000146687 ], [ 2449028.098627999890596, 6695331.203223999589682 ], [ 2433523.32473099976778, 6703640.777777999639511 ], [ 2422378.068012999836355, 6709590.731747999787331 ], [ 2409330.021772, 6727103.098121999762952 ], [ 2409382.455554999876767, 6732555.461679000407457 ], [ 2409382.915173000190407, 6732603.840555000118911 ], [ 2413163.79996, 6732602.610072 ], [ 2413121.575937999878079, 6732463.911781 ], [ 2413823.840210999827832, 6731705.867723000235856 ], [ 2414568.132400999777019, 6731664.041088 ], [ 2416356.699966, 6730804.014519000425935 ], [ 2416968.979227, 6730113.841494999825954 ], [ 2418081.257704, 6730071.554403999820352 ], [ 2420143.118197999894619, 6731225.423889 ], [ 2420150.8426319998689, 6731649.752781 ], [ 2418511.886651999782771, 6732602.597512999549508 ], [ 2428199.438443, 6732602.601142000406981 ], [ 2424710.414357999805361, 6738037.072355000302196 ], [ 2424709.946891999803483, 6755001.262962000444531 ], [ 2438686.518582, 6755001.641208999790251 ], [ 2443585.281697, 6750117.612130000256002 ] ] ] } },
{ "type": "Feature", "properties": { "gml_id": "FossilFuelResource.progn.pow80154", "identifier": "http://inspire.pgi.gov.pl/so/mr/Midas.paliwaKopalne/FossilFuelResource.progn.pow80154", "beginLifespanVersion": null, "localId": "FossilFuelResource.progn.pow80154", "namespace": "http://inspire.pgi.gov.pl/so/mr/Midas.paliwaKopalne", "scalar": null, "scalar_uom": null, "dateOfDiscovery": null, "calorificValue": null, "quantity": null, "verticalExtent": null }, "geometry": { "type": "Polygon", "coordinates": [ [ [ 2502155.711404, 6776842.738543 ], [ 2501519.400717999786139, 6778287.0657869996503 ], [ 2500888.944704, 6779184.926083000376821 ], [ 2499967.414506999775767, 6780032.426041999831796 ], [ 2499217.907877, 6780453.836737000383437 ], [ 2501416.160561, 6781506.236219 ], [ 2501059.696275, 6782101.980908 ], [ 2500776.32544199982658, 6782887.183230999857187 ], [ 2500809.873707000166178, 6783593.000378999859095 ], [ 2501065.935475000180304, 6784256.083259000442922 ], [ 2501680.232076, 6785030.713696000166237 ], [ 2502383.017105999868363, 6785640.300916000269353 ], [ 2503337.392682, 6786141.274581000208855 ], [ 2504188.148405999876559, 6786486.320047999732196 ], [ 2504962.607611, 6786577.622022000141442 ], [ 2505927.610746, 6786627.456836 ], [ 2506657.692698999773711, 6786463.393983 ], [ 2507785.237481, 6785893.932597000151873 ], [ 2508589.444857, 6785275.791275000199676 ], [ 2509662.003308999817818, 6785877.195438000373542 ], [ 2509795.934425999876112, 6785814.232293999753892 ], [ 2510946.917818, 6785380.823615999892354 ], [ 2512914.931192, 6784725.210908000357449 ], [ 2514157.138834999874234, 6784484.066712999716401 ], [ 2515195.245093999896199, 6784197.751985000446439 ], [ 2516411.707324999850243, 6783675.435677000321448 ], [ 2518562.305263, 6782467.206417 ], [ 2518568.090154, 6782472.752874 ], [ 2518568.310798999853432, 6782472.631128 ], [ 2518190.084051, 6782130.122541000135243 ], [ 2517678.652973, 6781677.762344 ], [ 2517014.042444, 6781170.423906000331044 ], [ 2516176.684332999866456, 6780598.784613000229001 ], [ 2515596.686801, 6780254.892834999598563 ], [ 2515021.940349999815226, 6779927.07069700025022 ], [ 2514445.447498000226915, 6779591.153908000327647 ], [ 2513977.598104999866337, 6779341.998599999584258 ], [ 2513535.596012, 6779165.206843 ], [ 2513085.015695, 6778889.702668 ], [ 2512621.467827000189573, 6778611.221587000414729 ], [ 2512215.100870000198483, 6778359.043829999864101 ], [ 2511813.641251999884844, 6778108.368876 ], [ 2511369.467205999884754, 6777824.564016000367701 ], [ 2510931.614579999819398, 6777532.505927000194788 ], [ 2510536.453344, 6777194.145401 ], [ 2510121.181086999829859, 6776820.55674900021404 ], [ 2509672.024681, 6776371.523818000219762 ], [ 2509281.177620000205934, 6775926.115024999715388 ], [ 2508964.305893000215292, 6775461.322781000286341 ], [ 2508462.627477, 6774736.366016999818385 ], [ 2508185.17564, 6774220.558577000163496 ], [ 2507800.500327, 6773520.742785999551415 ], [ 2507559.396088, 6772962.112842 ], [ 2507377.647421999834478, 6772536.701595 ], [ 2507362.16805, 6772491.675385000184178 ], [ 2507174.51137, 6771936.842509999871254 ], [ 2507142.536172000225633, 6771642.757942999713123 ], [ 2507110.563434000127017, 6771348.683621999807656 ], [ 2507039.665321, 6770814.150279000401497 ], [ 2507003.224086999893188, 6770460.285927999764681 ], [ 2507012.455108, 6770232.654236 ], [ 2507021.685802000109106, 6770005.028896000236273 ], [ 2507025.633845999836922, 6769907.665897999890149 ], [ 2507183.088481000158936, 6769248.636896999552846 ], [ 2507293.907825000118464, 6768522.642098000273108 ], [ 2507355.813707999885082, 6768123.108858999796212 ], [ 2507393.519028, 6767879.501144000329077 ], [ 2507464.742790999822319, 6767269.377882 ], [ 2507600.815444, 6766131.938021999783814 ], [ 2507623.87749300012365, 6765226.81282200012356 ], [ 2507646.116882999893278, 6764514.355428 ], [ 2507636.311170000117272, 6763658.636865000240505 ], [ 2507636.295626999810338, 6762885.307861000299454 ], [ 2507598.917696, 6762099.895429000258446 ], [ 2507539.762225000187755, 6761507.494847999885678 ], [ 2507457.960655999835581, 6760757.110259000211954 ], [ 2507363.086684000212699, 6759688.486046999692917 ], [ 2507240.820869000162929, 6759007.027874000370502 ], [ 2506825.732679000124335, 6756495.193663000129163 ], [ 2506753.590078, 6755583.427152000367641 ], [ 2506686.692175, 6755078.930005 ], [ 2506673.075162999797612, 6754578.200558999553323 ], [ 2506616.840326, 6753810.135033999569714 ], [ 2506651.338123000226915, 6752909.369078 ], [ 2506668.039627000223845, 6752160.942679 ], [ 2506647.438899000175297, 6751755.360976000316441 ], [ 2506720.755351, 6750974.045234000310302 ], [ 2506810.856561999768019, 6750191.95861 ], [ 2506915.567332999780774, 6749571.152374999597669 ], [ 2507043.241101, 6748970.907032 ], [ 2507204.839367, 6748298.938868000172079 ], [ 2507468.314931000117213, 6747261.577740999870002 ], [ 2507683.948293, 6746712.928794999606907 ], [ 2508221.421202000230551, 6745385.868467000313103 ], [ 2508496.694982000160962, 6744614.924987999722362 ], [ 2508807.063929, 6743754.533649999648333 ], [ 2509203.917334000114352, 6742647.09398499969393 ], [ 2509474.080293000210077, 6741871.640921000391245 ], [ 2509754.873947000131011, 6741068.597445 ], [ 2510082.645556999836117, 6740041.096221 ], [ 2510186.493834999855608, 6739715.523397999815643 ], [ 2510475.051398000214249, 6738830.235379000194371 ], [ 2510687.426511, 6738072.460821 ], [ 2510908.350098, 6737340.371720000170171 ], [ 2511122.358188, 6736587.525891999714077 ], [ 2511491.07451600022614, 6735247.749531 ], [ 2511710.467991, 6734375.664398999884725 ], [ 2511900.051794, 6733389.856313000433147 ], [ 2512206.429453, 6732304.945736000314355 ], [ 2512386.00276, 6731532.316954 ], [ 2512466.468647, 6731011.668677999638021 ], [ 2512533.693198, 6730473.612782999873161 ], [ 2512575.135534999892116, 6730232.627395999617875 ], [ 2512618.726123999804258, 6729979.633108999580145 ], [ 2511375.333457999862731, 6731378.544698 ], [ 2510885.575704, 6732121.441510000266135 ], [ 2510395.729600000195205, 6732864.378867000341415 ], [ 2510024.06349499989301, 6733745.419598000124097 ], [ 2509897.502249000128359, 6734422.809380000457168 ], [ 2509779.296894, 6735931.028574000112712 ], [ 2509760.255094000138342, 6738170.175405999645591 ], [ 2509714.924687, 6739867.443702000193298 ], [ 2509348.150450999848545, 6741516.735433000139892 ], [ 2508643.335756000131369, 6743438.769217999652028 ], [ 2508022.956553, 6745133.044738000258803 ], [ 2507612.495742000173777, 6745889.129371999762952 ], [ 2506653.157986000180244, 6747184.037247000262141 ], [ 2505356.819125, 6748783.463364999741316 ], [ 2503997.760026, 6750418.026116999797523 ], [ 2506189.900049999821931, 6751497.445783999748528 ], [ 2504924.395810000132769, 6752423.391973 ], [ 2503707.283435000106692, 6753699.341164999641478 ], [ 2504697.199453, 6753683.774483 ], [ 2503611.240687999874353, 6755033.696052 ], [ 2502524.923438999801874, 6756383.705679999664426 ], [ 2501249.124841, 6758464.105065999552608 ], [ 2500085.085451, 6760892.235219 ], [ 2499022.182698000222445, 6763444.414491999894381 ], [ 2498276.685298999771476, 6765276.312287 ], [ 2497813.778634999878705, 6766998.897324999794364 ], [ 2497580.607342000119388, 6768165.300748 ], [ 2497479.684167999774218, 6769421.908498999662697 ], [ 2497450.179213999770582, 6770835.859077 ], [ 2497440.562580000143498, 6771992.222873999737203 ], [ 2500227.623195, 6772004.359682999551296 ], [ 2503014.663707000203431, 6772015.534984 ], [ 2502926.795775999780744, 6773529.126566000282764 ], [ 2502571.077298, 6775473.463619000278413 ], [ 2502155.711404, 6776842.738543 ] ] ] } },
{ "type": "Feature", "properties": { "gml_id": "FossilFuelResource.progn.pow76571", "identifier": "http://inspire.pgi.gov.pl/so/mr/Midas.paliwaKopalne/FossilFuelResource.progn.pow76571", "beginLifespanVersion": null, "localId": "FossilFuelResource.progn.pow76571", "namespace": "http://inspire.pgi.gov.pl/so/mr/Midas.paliwaKopalne", "scalar": -68.9, "scalar_uom": "m", "dateOfDiscovery": null, "calorificValue": null, "quantity": null, "verticalExtent": null }, "geometry": { "type": "Polygon", "coordinates": [ [ [ 2043391.688922999892384, 6675876.910110999830067 ], [ 2044164.986276, 6675899.672794999554753 ], [ 2044175.201534, 6674470.712373999878764 ], [ 2043412.83662, 6674432.925455999560654 ], [ 2042650.478985, 6674395.067446 ], [ 2042618.396287, 6675854.073981000110507 ], [ 2043391.688922999892384, 6675876.910110999830067 ] ] ] } },
{ "type": "Feature", "properties": { "gml_id": "FossilFuelResource.per.pow82120", "identifier": "http://inspire.pgi.gov.pl/so/mr/Midas.paliwaKopalne/FossilFuelResource.per.pow82120", "beginLifespanVersion": null, "localId": "FossilFuelResource.per.pow82120", "namespace": "http://inspire.pgi.gov.pl/so/mr/Midas.paliwaKopalne", "scalar": -1000.0, "scalar_uom": "m", "dateOfDiscovery": null, "calorificValue": null, "quantity": null, "verticalExtent": null }, "geometry": { "type": "Polygon", "coordinates": [ [ [ 2087748.298681, 6492992.733799000270665 ], [ 2087968.160128, 6492944.42454 ], [ 2088939.606238, 6492638.678301 ], [ 2089930.078112, 6492291.061963000334799 ], [ 2090766.791738, 6491955.557443000376225 ], [ 2091206.210596, 6491793.785996000282466 ], [ 2091878.583661, 6491562.491344000212848 ], [ 2092845.441958, 6491223.632562999613583 ], [ 2092923.883676, 6491189.777195 ], [ 2092950.519243, 6491146.209820999763906 ], [ 2093046.695118, 6491021.592787000350654 ], [ 2093171.750502, 6490898.098255 ], [ 2093261.013962, 6490828.46777299977839 ], [ 2093399.98418, 6490743.10744099970907 ], [ 2093512.130195, 6490691.013516999781132 ], [ 2093635.56924, 6490649.810947 ], [ 2093634.543152, 6490362.191949999891222 ], [ 2093506.874024, 6490409.083731999620795 ], [ 2093463.564836, 6490181.343054999597371 ], [ 2093227.046611, 6489250.661984000355005 ], [ 2093232.694047, 6489191.637497999705374 ], [ 2093459.382895, 6488132.100714 ], [ 2093420.084791, 6488124.151190999895334 ], [ 2093443.276194, 6488027.924692999571562 ], [ 2093169.044165, 6487934.574817 ], [ 2093172.640283, 6487923.877407000400126 ], [ 2093091.054796, 6487898.507739 ], [ 2093214.267383999889717, 6487537.7089 ], [ 2093261.223944, 6487420.411475 ], [ 2093302.114941, 6487101.151824999600649 ], [ 2093320.739117, 6487028.999211000278592 ], [ 2093366.786978, 6486841.668131000362337 ], [ 2093394.764223, 6486717.364163000136614 ], [ 2093399.6173, 6486522.033986000344157 ], [ 2093421.583099, 6486322.060592000372708 ], [ 2093469.226071, 6486100.466896000318229 ], [ 2093486.019868, 6486045.571026000194252 ], [ 2093523.008934, 6485943.659842999652028 ], [ 2093566.431264, 6485876.583929999731481 ], [ 2093612.595109000103548, 6485784.598562999628484 ], [ 2093622.348567999899387, 6485769.901030000299215 ], [ 2093621.771848999895155, 6485477.196700000204146 ], [ 2089834.901019, 6485432.363443999551237 ], [ 2088123.897098, 6485411.538231999613345 ], [ 2087654.766053, 6488260.302132000215352 ], [ 2087734.215682, 6488952.579907 ], [ 2087627.610041, 6489040.38308 ], [ 2087387.440199, 6488649.749052999541163 ], [ 2087257.786998, 6488827.52618 ], [ 2087046.305895, 6489141.200415000319481 ], [ 2087046.29121, 6489141.201618 ], [ 2086961.806222, 6489233.345548000186682 ], [ 2086770.145594999892637, 6489496.114976 ], [ 2086974.351957, 6489621.441147999837995 ], [ 2087046.298484, 6489635.343682000413537 ], [ 2087479.156213, 6489889.99660599976778 ], [ 2088227.543557000113651, 6490028.791907999664545 ], [ 2088214.930907, 6490051.39582599978894 ], [ 2088252.754212, 6490058.894744999706745 ], [ 2087631.260228999890387, 6491097.344460999593139 ], [ 2087602.515724, 6491148.850664 ], [ 2087799.892895, 6492698.839743000455201 ], [ 2087797.528685, 6492709.253267999738455 ], [ 2087799.231067, 6492722.276306999847293 ], [ 2087748.298681, 6492992.733799000270665 ] ] ] } },
{ "type": "Feature", "properties": { "gml_id": "FossilFuelResource.per.pow79753", "identifier": "http://inspire.pgi.gov.pl/so/mr/Midas.paliwaKopalne/FossilFuelResource.per.pow79753", "beginLifespanVersion": null, "localId": "FossilFuelResource.per.pow79753", "namespace": "http://inspire.pgi.gov.pl/so/mr/Midas.paliwaKopalne", "scalar": -1250.0, "scalar_uom": "m", "dateOfDiscovery": null, "calorificValue": null, "quantity": null, "verticalExtent": null }, "geometry": { "type": "Polygon", "coordinates": [ [ [ 2097285.225726, 6425425.474263999611139 ], [ 2096020.672703, 6424891.502445000223815 ], [ 2095721.849727999884635, 6424762.264757 ], [ 2094683.696218, 6424313.176032000221312 ], [ 2093226.268158, 6423605.318187999539077 ], [ 2091654.043055, 6422740.243196000345051 ], [ 2090151.470063, 6421877.314786000177264 ], [ 2088580.774383, 6420849.484321 ], [ 2087238.688142, 6419903.901076000183821 ], [ 2086689.87297, 6419470.434849999845028 ], [ 2086267.535994, 6419121.516641000285745 ], [ 2085786.1687, 6418727.708176 ], [ 2085227.208513, 6418240.481362000107765 ], [ 2084718.899705, 6417776.901621 ], [ 2084251.901108, 6417346.147591999731958 ], [ 2083532.426536000100896, 6416760.036372999660671 ], [ 2082909.807036, 6416198.027896 ], [ 2082259.054186, 6415686.67255000025034 ], [ 2081695.46545, 6415241.015456999652088 ], [ 2081095.606542, 6414734.771809999831021 ], [ 2080389.814093, 6414208.904659000225365 ], [ 2080210.679350000107661, 6414096.429184 ], [ 2079621.024951, 6413751.243119000457227 ], [ 2079181.61793, 6413439.08305099979043 ], [ 2078515.523295, 6413142.23346299957484 ], [ 2078092.373976999893785, 6412992.507388999685645 ], [ 2077769.461035, 6412946.175295 ], [ 2077506.300381, 6412923.864699999801815 ], [ 2077228.150791000109166, 6412980.132396999746561 ], [ 2076871.697175, 6413016.721119999885559 ], [ 2076488.044418, 6413015.817835999652743 ], [ 2076247.666781, 6412999.080613000318408 ], [ 2076235.752981000114232, 6412998.250795999541879 ], [ 2076270.647257, 6413525.641761999577284 ], [ 2076514.445663, 6415613.036438000388443 ], [ 2076660.434318, 6416862.780434000305831 ], [ 2075645.726392, 6417404.717458999715745 ], [ 2077013.207037, 6417404.748789000324905 ], [ 2077694.101742, 6418708.539056999608874 ], [ 2078637.808314, 6420416.732878999784589 ], [ 2078820.464549, 6420747.306502000428736 ], [ 2079449.670905, 6421878.781139999628067 ], [ 2079539.632614, 6422035.050331000238657 ], [ 2079843.646503, 6422563.113842999562621 ], [ 2080150.944661, 6424033.336485000327229 ], [ 2080337.414399999892339, 6424782.369864 ], [ 2080357.210285, 6424926.974940000101924 ], [ 2080377.007001, 6425071.582302000373602 ], [ 2080021.929046999895945, 6426420.617273 ], [ 2079360.457629, 6429230.239326000213623 ], [ 2079334.176152, 6429341.849964999593794 ], [ 2079888.872653, 6429516.703011999838054 ], [ 2080171.679747000103816, 6429586.172213999554515 ], [ 2080397.289765999885276, 6429623.051726999692619 ], [ 2083542.95115, 6429808.068044999614358 ], [ 2083305.654849, 6432003.076046000234783 ], [ 2083235.572051, 6432651.231331000104547 ], [ 2083043.935768, 6434771.917986 ], [ 2082824.772027, 6437196.541748000308871 ], [ 2085727.135889, 6437225.797767999581993 ], [ 2091339.870045, 6437362.21100000012666 ], [ 2092348.630542, 6437086.16051399987191 ], [ 2094918.038906, 6436382.438845999538898 ], [ 2099773.736314999870956, 6435050.204320999793708 ], [ 2099769.946864, 6437120.119347999803722 ], [ 2102821.315421999897808, 6436485.720301000401378 ], [ 2108730.221102000214159, 6435463.644503000192344 ], [ 2111166.193860999774188, 6435068.933640000410378 ], [ 2111955.393567999824882, 6434940.899278 ], [ 2113601.93671299982816, 6434673.527485 ], [ 2113733.102349, 6434507.322375999763608 ], [ 2113895.552792999893427, 6434309.664633999578655 ], [ 2114042.276690000202507, 6434316.996318000368774 ], [ 2114877.679174, 6434358.691255999729037 ], [ 2116384.195022, 6434324.670331000350416 ], [ 2117890.698524999897927, 6434290.376476 ], [ 2121007.56086, 6434456.50882999971509 ], [ 2126651.034488, 6434829.005482999607921 ], [ 2128047.835343999788165, 6433919.312273000366986 ], [ 2128062.176564, 6433919.725022999569774 ], [ 2126389.902212, 6431980.580125999636948 ], [ 2125709.252948, 6431971.102661999873817 ], [ 2124469.163918000180274, 6431965.024322999641299 ], [ 2123002.486866999883205, 6431929.755126000382006 ], [ 2121471.756078000180423, 6431759.32071700040251 ], [ 2120232.232733, 6431655.171007 ], [ 2119098.87464899988845, 6431602.475519999861717 ], [ 2118062.484534999821335, 6431587.304031999781728 ], [ 2117621.580182, 6431576.93200199957937 ], [ 2117016.898287000134587, 6431562.669204000383615 ], [ 2116004.177102, 6431459.219894000329077 ], [ 2115023.671246, 6431388.324714000336826 ], [ 2114144.656181000173092, 6431368.985488000325859 ], [ 2112895.371890999842435, 6431314.273511 ], [ 2112228.705676, 6431275.005322 ], [ 2111534.538687, 6431207.530477999709547 ], [ 2110849.741909, 6431130.804305999539793 ], [ 2110128.52924, 6430993.255617000162601 ], [ 2109451.351745000109076, 6430815.942673999816179 ], [ 2108262.530063999816775, 6430481.231154999695718 ], [ 2107243.06385499984026, 6430089.445462999865413 ], [ 2106777.83678499981761, 6429849.87048 ], [ 2106312.63639000011608, 6429610.276468999683857 ], [ 2106285.730308999773115, 6429596.268562999553978 ], [ 2105263.873561, 6429064.190707 ], [ 2104650.798852, 6428691.062957 ], [ 2103860.817886, 6428101.803473999723792 ], [ 2102936.894115, 6427492.425637999549508 ], [ 2102091.699449, 6426893.170504 ], [ 2101353.052348, 6426353.11345 ], [ 2101119.87693199981004, 6426363.870272000320256 ], [ 2100501.106491, 6426315.799375000409782 ], [ 2099837.460367000196129, 6426224.430795 ], [ 2099019.636227999813855, 6426035.096559000201523 ], [ 2098323.292591, 6425812.555046999827027 ], [ 2097285.225726, 6425425.474263999611139 ] ] ] } },
{ "type": "Feature", "properties": { "gml_id": "FossilFuelResource.progn.pow80157", "identifier": "http://inspire.pgi.gov.pl/so/mr/Midas.paliwaKopalne/FossilFuelResource.progn.pow80157", "beginLifespanVersion": null, "localId": "FossilFuelResource.progn.pow80157", "namespace": "http://inspire.pgi.gov.pl/so/mr/Midas.paliwaKopalne", "scalar": null, "scalar_uom": null, "dateOfDiscovery": null, "calorificValue": null, "quantity": null, "verticalExtent": null }, "geometry": { "type": "Polygon", "coordinates": [ [ [ 2518275.782249, 6725298.587612999603152 ], [ 2518496.630808, 6725334.736165000125766 ], [ 2519029.880473, 6725406.581941000185907 ], [ 2519872.351667, 6725514.940562999807298 ], [ 2520154.382360000163317, 6725556.918875999748707 ], [ 2520480.358663000166416, 6725552.806043 ], [ 2520787.482933000195771, 6725495.961449 ], [ 2520972.606038, 6725371.003410999663174 ], [ 2521093.52206900017336, 6725176.637985000386834 ], [ 2521171.499929000157863, 6724930.105674000456929 ], [ 2521203.089470999781042, 6724828.241778999567032 ], [ 2521523.11984399985522, 6723760.676039 ], [ 2521564.105601000133902, 6723607.318954000249505 ], [ 2521640.368276, 6723143.520755999721587 ], [ 2521776.989879, 6722402.530745999887586 ], [ 2521812.053722000215203, 6722212.347044000402093 ], [ 2521840.10621100012213, 6721818.935360999777913 ], [ 2521839.11817800020799, 6721742.190186000429094 ], [ 2521835.83849, 6721487.441373 ], [ 2521833.432556999847293, 6721309.633533 ], [ 2521832.224582000169903, 6721184.918127999641001 ], [ 2521837.17795900022611, 6720906.35449399985373 ], [ 2521941.311656999867409, 6720714.03177999984473 ], [ 2521941.309196, 6720714.033998000435531 ], [ 2521496.496429, 6721128.637040000408888 ], [ 2521051.636014, 6721543.240454999729991 ], [ 2520964.60304, 6721627.844867999665439 ], [ 2519481.146771000232548, 6723069.636845 ], [ 2519320.636637, 6723225.608144000172615 ], [ 2518565.245844, 6723895.745303999632597 ], [ 2518428.986232, 6724016.613442 ], [ 2518039.650671000126749, 6724361.949323000386357 ], [ 2517490.476113, 6724849.005195000208914 ], [ 2517317.856730999890715, 6725029.531305000185966 ], [ 2517145.229718000162393, 6725210.058116000145674 ], [ 2517592.799143, 6725209.883356999605894 ], [ 2517641.905493, 6725215.236455 ], [ 2517848.420452000107616, 6725238.837550000287592 ], [ 2518054.933368000201881, 6725262.432923999615014 ], [ 2518054.935469000134617, 6725262.433141999877989 ], [ 2518275.782249, 6725298.587612999603152 ] ] ] } },
{ "type": "Feature", "properties": { "gml_id": "FossilFuelResource.progn.pow80158", "identifier": "http://inspire.pgi.gov.pl/so/mr/Midas.paliwaKopalne/FossilFuelResource.progn.pow80158", "beginLifespanVersion": null, "localId": "FossilFuelResource.progn.pow80158", "namespace": "http://inspire.pgi.gov.pl/so/mr/Midas.paliwaKopalne", "scalar": null, "scalar_uom": null, "dateOfDiscovery": null, "calorificValue": null, "quantity": null, "verticalExtent": null }, "geometry": { "type": "Polygon", "coordinates": [ [ [ 2525107.182916999794543, 6719073.165725000202656 ], [ 2524823.928580999840051, 6718623.408851999789476 ], [ 2523802.785780999809504, 6719330.004656 ], [ 2522342.095896, 6720340.429038999602199 ], [ 2522446.182847000192851, 6720293.802991 ], [ 2522710.141346000134945, 6720253.996282 ], [ 2522971.56386600015685, 6720244.012426 ], [ 2523380.551161999814212, 6720229.038099000230432 ], [ 2523980.254141, 6720200.818711999803782 ], [ 2524107.17661300022155, 6720184.471711999736726 ], [ 2524497.210215, 6720134.224747000262141 ], [ 2525112.649058000184596, 6720092.684968000277877 ], [ 2525405.123788999859244, 6720052.456217999570072 ], [ 2525697.594176, 6720012.217105000279844 ], [ 2525697.590847, 6720012.211635 ], [ 2525668.274809, 6719963.970784000121057 ], [ 2525253.823249999899417, 6719305.989999 ], [ 2525107.182916999794543, 6719073.165725000202656 ] ] ] } },
{ "type": "Feature", "properties": { "gml_id": "FossilFuelResource.progn.pow20297", "identifier": "http://inspire.pgi.gov.pl/so/mr/Midas.paliwaKopalne/FossilFuelResource.progn.pow20297", "beginLifespanVersion": null, "localId": "FossilFuelResource.progn.pow20297", "namespace": "http://inspire.pgi.gov.pl/so/mr/Midas.paliwaKopalne", "scalar": -1100.0, "scalar_uom": "m", "dateOfDiscovery": null, "calorificValue": null, "quantity": null, "verticalExtent": null }, "geometry": { "type": "Polygon", "coordinates": [ [ [ 2086629.112436, 6484118.705109000205994 ], [ 2085613.437356, 6484905.078506999649107 ], [ 2081365.738225, 6488238.472717000171542 ], [ 2080014.633432, 6486619.430623999796808 ], [ 2076541.250008, 6490987.222520000301301 ], [ 2080403.069112, 6491436.746546000242233 ], [ 2082143.794777, 6492968.894058999605477 ], [ 2082813.03762699989602, 6495389.385626999661326 ], [ 2082920.486883, 6495711.472852 ], [ 2083129.570744, 6496433.560767999850214 ], [ 2083244.862516, 6497545.052633999846876 ], [ 2084752.524683, 6498025.821556 ], [ 2086595.435533, 6497494.903970999643207 ], [ 2087034.084884, 6497267.885621 ], [ 2088344.615601, 6496968.162104999646544 ], [ 2088844.600818, 6496072.478734999895096 ], [ 2087339.153211, 6495085.295169999822974 ], [ 2087787.199691, 6492706.453123000450432 ], [ 2087583.230711, 6491146.022606999613345 ], [ 2088215.510742, 6490012.967387 ], [ 2087467.123146, 6489874.172508999705315 ], [ 2087034.265047, 6489619.519748999737203 ], [ 2086649.373737, 6489545.137671999633312 ], [ 2087026.121142, 6489134.251485000364482 ], [ 2087034.257397, 6489125.377364000305533 ], [ 2087379.666145, 6488613.069326999597251 ], [ 2087353.044347, 6487254.254072999581695 ], [ 2087076.256138, 6486288.081093999557197 ], [ 2087034.351422, 6486141.796144999563694 ], [ 2086881.853084, 6485380.523639 ], [ 2086629.112436, 6484118.705109000205994 ] ] ] } },
{ "type": "Feature", "properties": { "gml_id": "FossilFuelResource.progn.pow76574", "identifier": "http://inspire.pgi.gov.pl/so/mr/Midas.paliwaKopalne/FossilFuelResource.progn.pow76574", "beginLifespanVersion": null, "localId": "FossilFuelResource.progn.pow76574", "namespace": "http://inspire.pgi.gov.pl/so/mr/Midas.paliwaKopalne", "scalar": -68.9, "scalar_uom": "m", "dateOfDiscovery": null, "calorificValue": null, "quantity": null, "verticalExtent": null }, "geometry": { "type": "Polygon", "coordinates": [ [ [ 2040698.847967, 6662972.224903999827802 ], [ 2041472.704003, 6663010.748712000437081 ], [ 2041593.14439, 6661393.867146000266075 ], [ 2041322.637262, 6661385.431319000199437 ], [ 2039982.833221, 6661343.516660000197589 ], [ 2039953.919541, 6662138.534024000167847 ], [ 2039924.999637, 6662933.628073999658227 ], [ 2040698.847967, 6662972.224903999827802 ] ] ] } },
{ "type": "Feature", "properties": { "gml_id": "FossilFuelResource.progn.pow76572", "identifier": "http://inspire.pgi.gov.pl/so/mr/Midas.paliwaKopalne/FossilFuelResource.progn.pow76572", "beginLifespanVersion": null, "localId": "FossilFuelResource.progn.pow76572", "namespace": "http://inspire.pgi.gov.pl/so/mr/Midas.paliwaKopalne", "scalar": -68.9, "scalar_uom": "m", "dateOfDiscovery": null, "calorificValue": null, "quantity": null, "verticalExtent": null }, "geometry": { "type": "Polygon", "coordinates": [ [ [ 2037006.246017, 6668548.460001000203192 ], [ 2037480.482906, 6668571.227234000340104 ], [ 2039524.665779, 6668669.050765000283718 ], [ 2040808.022617, 6668730.197320999577641 ], [ 2038169.520912, 6666031.684379000216722 ], [ 2037398.89085300010629, 6665243.199199999682605 ], [ 2034151.767347, 6668410.838511999696493 ], [ 2037006.246017, 6668548.460001000203192 ] ] ] } },
{ "type": "Feature", "properties": { "gml_id": "FossilFuelResource.per.pow80620", "identifier": "http://inspire.pgi.gov.pl/so/mr/Midas.paliwaKopalne/FossilFuelResource.per.pow80620", "beginLifespanVersion": null, "localId": "FossilFuelResource.per.pow80620", "namespace": "http://inspire.pgi.gov.pl/so/mr/Midas.paliwaKopalne", "scalar": -1000.0, "scalar_uom": "m", "dateOfDiscovery": null, "calorificValue": null, "quantity": null, "verticalExtent": null }, "geometry": { "type": "Polygon", "coordinates": [ [ [ 2177887.659972, 6439904.544180000200868 ], [ 2178269.288060000166297, 6440573.684395000338554 ], [ 2177878.329196999780834, 6440856.655073000118136 ], [ 2177068.315792, 6441412.096765000373125 ], [ 2176224.824777000118047, 6442022.423747000284493 ], [ 2175587.204270999878645, 6442497.446279999800026 ], [ 2174804.17404, 6443076.395840999670327 ], [ 2174137.158532000146806, 6443629.712301 ], [ 2174058.922948, 6443687.709288000129163 ], [ 2173765.964952, 6443639.458805000409484 ], [ 2173589.934754, 6443645.858165999874473 ], [ 2173338.585864999797195, 6443795.540703999809921 ], [ 2172923.451572999823838, 6443982.448672000318766 ], [ 2172455.494881, 6444270.429914000444114 ], [ 2171856.837789999786764, 6444620.852306 ], [ 2171179.112226999830455, 6444992.841435000300407 ], [ 2170668.815158000215888, 6445312.397320000454783 ], [ 2170130.017965999897569, 6445668.531552 ], [ 2169592.525409, 6445955.059587 ], [ 2168988.080078000202775, 6446351.610506 ], [ 2168473.717414999846369, 6446633.838734 ], [ 2168038.41309, 6446894.47497299965471 ], [ 2167613.198468000162393, 6447108.895525 ], [ 2167208.182976999785751, 6447235.471504 ], [ 2166882.435046, 6447331.125161999836564 ], [ 2166776.770178, 6447364.155164999887347 ], [ 2166886.790299000218511, 6447049.438978999853134 ], [ 2166971.620871, 6446806.823849 ], [ 2167143.726307999808341, 6446347.869954999536276 ], [ 2167364.086453, 6445760.354222999885678 ], [ 2167566.712716000154614, 6445201.991494 ], [ 2167711.462321000173688, 6444802.944199999794364 ], [ 2167831.375872999895364, 6444406.128154999576509 ], [ 2167958.818397, 6443984.274241999723017 ], [ 2168206.220588, 6443165.287116000428796 ], [ 2168415.845028, 6442500.41873 ], [ 2168494.705401000101119, 6442207.382115 ], [ 2168396.447011, 6442263.121413 ], [ 2167672.481493, 6442633.875373999588192 ], [ 2167281.312111, 6442774.591683999635279 ], [ 2166782.605086000170559, 6442973.511644000187516 ], [ 2166171.551986999809742, 6443239.699563000351191 ], [ 2165853.650889, 6443414.303600000217557 ], [ 2165336.272415, 6443617.362352999858558 ], [ 2164957.867018000222743, 6443809.267377999611199 ], [ 2164868.929804999846965, 6443864.260920000262558 ], [ 2164693.230326000135392, 6443972.899400999769568 ], [ 2164693.228705000132322, 6443972.914052999578416 ], [ 2164681.818829999770969, 6443979.968801000155509 ], [ 2164116.868495999835432, 6443961.458869 ], [ 2163649.449053000193089, 6444251.663049999624491 ], [ 2163002.292748999781907, 6444693.213356000371277 ], [ 2162209.700517000164837, 6445233.821015999652445 ], [ 2161643.092282, 6445574.880703000351787 ], [ 2161012.754334, 6445863.659830000251532 ], [ 2160762.448371000122279, 6445976.989008000120521 ], [ 2160773.60084499977529, 6445919.509251999668777 ], [ 2160826.938753, 6445463.78993 ], [ 2160826.937975000124425, 6445463.789777999743819 ], [ 2160889.636704000178725, 6444928.35045799985528 ], [ 2160905.725711000151932, 6444299.439728000201285 ], [ 2160907.68313999986276, 6444221.984764000400901 ], [ 2161082.939005999825895, 6443116.751646 ], [ 2161205.149840999860317, 6442148.544462 ], [ 2161358.477353, 6441444.987505 ], [ 2161385.148765, 6441317.806390999816358 ], [ 2160995.55916600022465, 6441518.397490999661386 ], [ 2160561.792781999800354, 6441746.76681 ], [ 2159992.240918000228703, 6442069.888012999668717 ], [ 2159296.132458, 6442487.884754999540746 ], [ 2158609.33808400016278, 6442901.412331 ], [ 2158570.913602999877185, 6442924.786527999676764 ], [ 2158571.484902999829501, 6443074.392974000424147 ], [ 2158541.453526999801397, 6443595.011976 ], [ 2158492.180183, 6444060.125644000247121 ], [ 2158490.237021000124514, 6444076.481276 ], [ 2158170.843192, 6444371.457502 ], [ 2157870.404304, 6444625.362536 ], [ 2157481.74801200022921, 6444896.207796 ], [ 2157186.806565000209957, 6445099.282045999541879 ], [ 2156770.519805000163615, 6445364.913161999545991 ], [ 2156392.113117, 6445580.209734999574721 ], [ 2156033.724192999769002, 6445813.094670999795198 ], [ 2155768.162409999873489, 6445783.021121 ], [ 2155179.865575000178069, 6445790.786031999625266 ], [ 2154883.822920000180602, 6445784.63196500018239 ], [ 2154814.152481, 6446204.809023999609053 ], [ 2154660.453309999778867, 6447472.996533 ], [ 2154623.79101900011301, 6447775.468739000149071 ], [ 2154562.571916, 6448280.511153000406921 ], [ 2154436.52164, 6449320.285857000388205 ], [ 2154436.495920000132173, 6449320.303279999643564 ], [ 2154262.311712, 6450756.882292999885976 ], [ 2154182.979772999882698, 6451411.07639 ], [ 2153997.520362, 6452940.196757 ], [ 2153857.465485, 6454006.766272 ], [ 2153929.627210999839008, 6453965.847679999656975 ], [ 2154857.923316999804229, 6453478.62607999984175 ], [ 2154857.924096, 6453478.626388000324368 ], [ 2154857.924252000171691, 6453478.626388000324368 ], [ 2156026.739682000130415, 6454139.299728999845684 ], [ 2156807.28731, 6452580.809395999647677 ], [ 2158830.798996, 6452697.427911999635398 ], [ 2161011.821725000161678, 6450903.893745999783278 ], [ 2161775.288155000191182, 6450905.37943600025028 ], [ 2161775.288156, 6450905.379591999575496 ], [ 2161775.288933, 6450905.379587000235915 ], [ 2161787.591593000106514, 6451978.337573999539018 ], [ 2165102.727128999773413, 6451837.949649999849498 ], [ 2165102.727905, 6451837.949489999562502 ], [ 2166411.663207999896258, 6451824.052602999843657 ], [ 2166411.66321, 6451824.052915000356734 ], [ 2166411.663987, 6451824.05291 ], [ 2166483.946525999810547, 6453028.58483299985528 ], [ 2167635.170818000100553, 6452926.571612999774516 ], [ 2167634.029501, 6451314.831155000254512 ], [ 2168413.284341, 6450822.449606999754906 ], [ 2168627.449105000123382, 6450853.411735 ], [ 2170046.2538, 6451058.388809000141919 ], [ 2170046.253800999838859, 6451058.388965000398457 ], [ 2170046.25458, 6451058.389115000143647 ], [ 2170750.890349000226706, 6452380.782205999828875 ], [ 2171299.760224, 6452378.892013999633491 ], [ 2172074.771966999862343, 6450275.395472000353038 ], [ 2175424.227584000211209, 6450273.641273999586701 ], [ 2177488.069858000148088, 6448245.331240000203252 ], [ 2177954.501282, 6447495.423601999878883 ], [ 2177995.880779, 6446807.705412999726832 ], [ 2177995.880911, 6446807.702294999733567 ], [ 2178024.292347, 6446759.991978 ], [ 2178814.625091, 6445859.630943999625742 ], [ 2179025.483913000207394, 6445291.965912999585271 ], [ 2179236.314092, 6444724.334218 ], [ 2179802.545847999863327, 6444538.296738999895751 ], [ 2179958.704495000187308, 6444486.982688999734819 ], [ 2180608.804097999818623, 6444273.323254999704659 ], [ 2181148.622766000218689, 6444095.865520000457764 ], [ 2181843.362567, 6443304.217371 ], [ 2181841.274430000223219, 6439171.39597100019455 ], [ 2178771.967718, 6439175.214912000112236 ], [ 2178562.70591, 6439320.86534 ], [ 2178154.281293999869376, 6439665.695643999613822 ], [ 2177876.405601, 6439891.799875999800861 ], [ 2177887.659972, 6439904.544180000200868 ] ] ] } },
{ "type": "Feature", "properties": { "gml_id": "FossilFuelResource.progn.pow76455", "identifier": "http://inspire.pgi.gov.pl/so/mr/Midas.paliwaKopalne/FossilFuelResource.progn.pow76455", "beginLifespanVersion": null, "localId": "FossilFuelResource.progn.pow76455", "namespace": "http://inspire.pgi.gov.pl/so/mr/Midas.paliwaKopalne", "scalar": -80.9, "scalar_uom": "m", "dateOfDiscovery": null, "calorificValue": null, "quantity": null, "verticalExtent": null }, "geometry": { "type": "Polygon", "coordinates": [ [ [ 1638851.085963, 6837789.411589000374079 ], [ 1639996.917715, 6837793.736351000145078 ], [ 1641681.52485, 6836255.089134000241756 ], [ 1641694.985645999899134, 6835220.536999000236392 ], [ 1640919.830288, 6835217.793192000128329 ], [ 1640824.131245, 6834366.108139 ], [ 1639565.123123, 6834391.177942999638617 ], [ 1638340.435886, 6835747.67888499982655 ], [ 1638851.085963, 6837789.411589000374079 ] ] ] } },
{ "type": "Feature", "properties": { "gml_id": "FossilFuelResource.per.pow76693", "identifier": "http://inspire.pgi.gov.pl/so/mr/Midas.paliwaKopalne/FossilFuelResource.per.pow76693", "beginLifespanVersion": null, "localId": "FossilFuelResource.per.pow76693", "namespace": "http://inspire.pgi.gov.pl/so/mr/Midas.paliwaKopalne", "scalar": -550.0, "scalar_uom": "m", "dateOfDiscovery": null, "calorificValue": null, "quantity": null, "verticalExtent": null }, "geometry": { "type": "Polygon", "coordinates": [ [ [ 1804312.115003, 6575981.87814399972558 ], [ 1804335.634714, 6577514.654947999864817 ], [ 1806432.405466, 6575320.233578000217676 ], [ 1807925.62966, 6574019.23318799957633 ], [ 1808284.538302, 6573705.449822999536991 ], [ 1809446.855865, 6573231.685483999550343 ], [ 1810266.746113, 6573034.956806000322104 ], [ 1810486.550292, 6572377.596664000302553 ], [ 1811035.071299, 6570736.881399 ], [ 1811145.854276, 6570271.370063999667764 ], [ 1811177.578463, 6570138.059165 ], [ 1811213.684615, 6569986.330774 ], [ 1811334.397989, 6569479.036751000210643 ], [ 1811038.260753, 6569589.626007 ], [ 1810802.913145000115037, 6569723.833792 ], [ 1809982.783431, 6570195.500806 ], [ 1809513.7881, 6570474.079939999617636 ], [ 1806865.390432, 6571740.718116000294685 ], [ 1805179.082752, 6572750.496132999658585 ], [ 1804230.427117000101134, 6573617.195666000247002 ], [ 1804266.963211, 6574674.856811 ], [ 1804312.115003, 6575981.87814399972558 ] ] ] } },
{ "type": "Feature", "properties": { "gml_id": "FossilFuelResource.per.pow78993", "identifier": "http://inspire.pgi.gov.pl/so/mr/Midas.paliwaKopalne/FossilFuelResource.per.pow78993", "beginLifespanVersion": null, "localId": "FossilFuelResource.per.pow78993", "namespace": "http://inspire.pgi.gov.pl/so/mr/Midas.paliwaKopalne", "scalar": -166.0, "scalar_uom": "m", "dateOfDiscovery": null, "calorificValue": null, "quantity": null, "verticalExtent": null }, "geometry": { "type": "Polygon", "coordinates": [ [ [ 2144256.573952999897301, 6865134.509901000186801 ], [ 2144284.69982000021264, 6865189.749366999603808 ], [ 2144432.711728999856859, 6865480.43764999974519 ], [ 2144918.112999999895692, 6865861.931246000342071 ], [ 2145468.19453899981454, 6866124.914919000118971 ], [ 2145879.532817, 6866261.990925 ], [ 2146319.130276000127196, 6866501.826030000112951 ], [ 2146666.408582999836653, 6866731.969563 ], [ 2146898.397220000158995, 6866763.677968 ], [ 2147048.838901999872178, 6866746.768511 ], [ 2147117.472298, 6866615.999579999595881 ], [ 2147104.929465999826789, 6866530.413234 ], [ 2146864.056785, 6866307.088398000225425 ], [ 2146562.160182000137866, 6865985.579343000426888 ], [ 2145969.558430000208318, 6865340.121794999577105 ], [ 2145320.030166000127792, 6864576.096200999803841 ], [ 2144606.235687000211328, 6863995.7728650001809 ], [ 2144251.991853000130504, 6863866.616190999746323 ], [ 2144109.730489000212401, 6863883.437800000421703 ], [ 2143976.184683000203222, 6864063.290565 ], [ 2143944.120124999899417, 6864193.860004999674857 ], [ 2143924.61800599982962, 6864426.306994999758899 ], [ 2144088.687239000108093, 6864817.102531 ], [ 2144256.573952999897301, 6865134.509901000186801 ] ] ] } },
{ "type": "Feature", "properties": { "gml_id": "FossilFuelResource.per.pow80953", "identifier": "http://inspire.pgi.gov.pl/so/mr/Midas.paliwaKopalne/FossilFuelResource.per.pow80953", "beginLifespanVersion": null, "localId": "FossilFuelResource.per.pow80953", "namespace": "http://inspire.pgi.gov.pl/so/mr/Midas.paliwaKopalne", "scalar": null, "scalar_uom": null, "dateOfDiscovery": null, "calorificValue": null, "quantity": null, "verticalExtent": null }, "geometry": { "type": "Polygon", "coordinates": [ [ [ 1799457.68722, 7184463.446325000375509 ], [ 1799459.744463, 7200856.54908199980855 ], [ 1792260.643448, 7201179.152018000371754 ], [ 1780897.645171, 7208870.837546000257134 ], [ 1780897.314794, 7208871.060715000145137 ], [ 1780897.307465, 7208871.140857 ], [ 1780028.133358, 7218325.709405000321567 ], [ 1780027.154297, 7218336.347532000392675 ], [ 1780131.228942, 7218358.948609 ], [ 1780234.838200000114739, 7218353.41476 ], [ 1780321.049769, 7218369.201236000284553 ], [ 1780411.65955, 7218387.972046 ], [ 1780487.741405, 7218392.753746000118554 ], [ 1780527.902492, 7218395.285509999841452 ], [ 1780644.463140999898314, 7218415.450710999779403 ], [ 1780761.94749, 7218432.022814 ], [ 1780869.270011000102386, 7218441.443509000353515 ], [ 1781006.115457, 7218477.803852999582887 ], [ 1781118.945357, 7218508.185375000350177 ], [ 1781197.865175, 7218520.264930999837816 ], [ 1781264.712043, 7218516.934918000362813 ], [ 1781322.758161, 7218532.665823999792337 ], [ 1781538.573113, 7218566.215679000131786 ], [ 1781597.024085, 7218600.772727999836206 ], [ 1781773.427164, 7218630.323959999717772 ], [ 1781883.835688, 7218675.043603000231087 ], [ 1782004.648389, 7218698.159017999656498 ], [ 1782101.585325999883935, 7218730.004671 ], [ 1782155.898273, 7218743.677349999547005 ], [ 1782217.515465, 7218759.214069999754429 ], [ 1782314.399837, 7218782.49687600042671 ], [ 1782378.007971, 7218803.431548000313342 ], [ 1782453.99885, 7218818.195020999759436 ], [ 1782539.371264, 7218846.280903999693692 ], [ 1782749.762235, 7218888.968670999631286 ], [ 1782913.707919, 7218918.674925000406802 ], [ 1783067.002098, 7218964.318771 ], [ 1783259.491841, 7219005.539920000359416 ], [ 1783377.016314999898896, 7219032.175903 ], [ 1783467.272259, 7219065.626778 ], [ 1783558.414815, 7219084.714987000450492 ], [ 1783692.869654, 7219110.056377000175416 ], [ 1783801.699686999898404, 7219135.374378999695182 ], [ 1783938.845216, 7219138.806653000414371 ], [ 1783965.00964, 7219146.524782000109553 ], [ 1784173.673704, 7219208.002337999641895 ], [ 1784369.982019, 7219270.152072999626398 ], [ 1784488.745705999899656, 7219293.363947000354528 ], [ 1784550.799448, 7219315.96602899953723 ], [ 1784740.743366, 7219381.779252000153065 ], [ 1784839.376982, 7219414.9902109997347 ], [ 1784974.097853, 7219447.327564000152051 ], [ 1785067.011284, 7219486.459153999574482 ], [ 1785264.779191, 7219556.307358000427485 ], [ 1785436.364104, 7219605.509057999588549 ], [ 1785533.86726, 7219633.471978000365198 ], [ 1785716.048787999898195, 7219693.162930999882519 ], [ 1785792.592372, 7219730.508647999726236 ], [ 1785873.193276, 7219771.852129000239074 ], [ 1785976.847917, 7219789.204717 ], [ 1786060.149102, 7219832.801307000219822 ], [ 1786166.929449, 7219859.266634999774396 ], [ 1786228.796121, 7219870.900171999819577 ], [ 1786323.617133, 7219910.024918000213802 ], [ 1786418.030276, 7219915.761924000456929 ], [ 1786532.085932, 7219960.300772000104189 ], [ 1786626.963457, 7220007.658494000323117 ], [ 1786729.559319, 7220027.038156 ], [ 1786828.809275999898091, 7220067.256098999641836 ], [ 1787020.929029, 7220126.360808 ], [ 1787067.111191, 7220136.63002 ], [ 1787125.019052, 7220149.515022000297904 ], [ 1787220.166871, 7220190.543505 ], [ 1787347.53756, 7220237.133220000192523 ], [ 1787472.676168, 7220284.028539 ], [ 1787547.509303, 7220310.031482 ], [ 1787602.196089, 7220334.743940999731421 ], [ 1787745.611886, 7220382.234274 ], [ 1787799.41848, 7220397.162858 ], [ 1787869.919011, 7220440.593882 ], [ 1787966.009469, 7220475.623897000215948 ], [ 1788035.218425, 7220501.210943999700248 ], [ 1788096.019293, 7220555.113668999634683 ], [ 1788185.519981000106782, 7220583.544700999744236 ], [ 1788278.178229, 7220606.01836199965328 ], [ 1788338.900805, 7220653.413348999805748 ], [ 1788425.142746, 7220683.175529000349343 ], [ 1788494.555018, 7220693.684987000189722 ], [ 1788596.221943, 7220771.765501 ], [ 1788675.712992, 7220795.61642299965024 ], [ 1788744.925448, 7220822.225852999836206 ], [ 1788820.72878, 7220827.00084500014782 ], [ 1788906.467821, 7220869.577023000456393 ], [ 1788995.583719, 7220902.629865 ], [ 1789124.427496, 7220942.356073999777436 ], [ 1789239.788432, 7220993.212910000234842 ], [ 1789340.168178, 7221053.288691 ], [ 1789425.214775, 7221109.555664000101388 ], [ 1789603.514474, 7221156.963879000395536 ], [ 1789703.958621, 7221213.095800999552011 ], [ 1789814.627635, 7221257.200999000109732 ], [ 1789940.697763, 7221301.514209000393748 ], [ 1790075.295473, 7221345.763191999867558 ], [ 1790081.603958, 7221348.184143000282347 ], [ 1790228.727914, 7221404.639186999760568 ], [ 1790343.635525, 7221436.119722999632359 ], [ 1826313.173613, 7200940.198245 ], [ 1832576.472152, 7197348.663955999538302 ], [ 1869252.740144, 7186899.788374999538064 ], [ 1874463.495139, 7182829.081627000123262 ], [ 1890598.4577, 7170188.471997999586165 ], [ 1880458.07426, 7170185.210076999850571 ], [ 1870317.921251, 7170168.8694590004161 ], [ 1869953.133495, 7162975.533865000121295 ], [ 1885480.971441, 7154245.072793999686837 ], [ 1826989.639563, 7154402.597424999810755 ], [ 1821301.883332999888808, 7154394.719552 ], [ 1799455.82379, 7172983.638086999766529 ], [ 1799457.68722, 7184463.446325000375509 ] ] ] } },
{ "type": "Feature", "properties": { "gml_id": "FossilFuelResource.per.pow81013", "identifier": "http://inspire.pgi.gov.pl/so/mr/Midas.paliwaKopalne/FossilFuelResource.per.pow81013", "beginLifespanVersion": null, "localId": "FossilFuelResource.per.pow81013", "namespace": "http://inspire.pgi.gov.pl/so/mr/Midas.paliwaKopalne", "scalar": null, "scalar_uom": null, "dateOfDiscovery": null, "calorificValue": null, "quantity": null, "verticalExtent": null }, "geometry": { "type": "Polygon", "coordinates": [ [ [ 2447847.910393000114709, 6433720.008762000128627 ], [ 2457821.970645000226796, 6426890.136733000166714 ], [ 2459668.554612999781966, 6425623.770619000308216 ], [ 2467051.02764100022614, 6435968.765963999554515 ], [ 2487079.911535, 6422019.910842999815941 ], [ 2493756.03212200012058, 6417354.808597999624908 ], [ 2492698.160749999806285, 6417357.637609999626875 ], [ 2450352.558035000227392, 6417360.437823999673128 ], [ 2448838.055066000204533, 6417356.542425000108778 ], [ 2445830.195454999804497, 6417413.127128999680281 ], [ 2445830.231476, 6417416.387183000333607 ], [ 2436069.608006999827921, 6417422.679629 ], [ 2441292.328929, 6432576.368126000277698 ], [ 2442854.723667, 6437132.681553999893367 ], [ 2447847.910393000114709, 6433720.008762000128627 ] ] ] } },
{ "type": "Feature", "properties": { "gml_id": "FossilFuelResource.per.pow81134", "identifier": "http://inspire.pgi.gov.pl/so/mr/Midas.paliwaKopalne/FossilFuelResource.per.pow81134", "beginLifespanVersion": null, "localId": "FossilFuelResource.per.pow81134", "namespace": "http://inspire.pgi.gov.pl/so/mr/Midas.paliwaKopalne", "scalar": null, "scalar_uom": null, "dateOfDiscovery": null, "calorificValue": null, "quantity": null, "verticalExtent": null }, "geometry": { "type": "Polygon", "coordinates": [ [ [ 2026386.652917, 7308546.053347 ], [ 2027526.597432, 7308300.064810000360012 ], [ 2046246.401382, 7304235.546186000108719 ], [ 2051518.087584, 7288322.148466000333428 ], [ 2059194.993088, 7265082.879850000143051 ], [ 2031365.25187, 7265275.31872299965471 ], [ 2003535.036316, 7265368.66559199988842 ], [ 2003534.724712, 7284252.403118999674916 ], [ 2003533.597104, 7313440.641103000380099 ], [ 2026386.652917, 7308546.053347 ] ] ] } },
{ "type": "Feature", "properties": { "gml_id": "FossilFuelResource.per.pow81133", "identifier": "http://inspire.pgi.gov.pl/so/mr/Midas.paliwaKopalne/FossilFuelResource.per.pow81133", "beginLifespanVersion": null, "localId": "FossilFuelResource.per.pow81133", "namespace": "http://inspire.pgi.gov.pl/so/mr/Midas.paliwaKopalne", "scalar": null, "scalar_uom": null, "dateOfDiscovery": null, "calorificValue": null, "quantity": null, "verticalExtent": null }, "geometry": { "type": "Polygon", "coordinates": [ [ [ 1860402.516125, 7122939.145952000282705 ], [ 1892216.6661, 7122897.480646000243723 ], [ 1892215.678788, 7102103.081655999645591 ], [ 1892214.603116, 7088685.091090999543667 ], [ 1850974.038681, 7088733.452239000238478 ], [ 1836567.365034, 7088699.633476999588311 ], [ 1836561.776379, 7122886.242584000341594 ], [ 1860402.516125, 7122939.145952000282705 ] ] ] } },
{ "type": "Feature", "properties": { "gml_id": "FossilFuelResource.progn.pow80053", "identifier": "http://inspire.pgi.gov.pl/so/mr/Midas.paliwaKopalne/FossilFuelResource.progn.pow80053", "beginLifespanVersion": null, "localId": "FossilFuelResource.progn.pow80053", "namespace": "http://inspire.pgi.gov.pl/so/mr/Midas.paliwaKopalne", "scalar": null, "scalar_uom": null, "dateOfDiscovery": null, "calorificValue": null, "quantity": null, "verticalExtent": null }, "geometry": { "type": "Polygon", "coordinates": [ [ [ 2609331.240156, 6602208.200844 ], [ 2608758.98082200018689, 6602593.506276999600232 ], [ 2607796.047437999863178, 6603280.836105999536812 ], [ 2605907.124026999808848, 6605282.527308999560773 ], [ 2604068.658454999793321, 6607092.353144000284374 ], [ 2602288.246741, 6608835.71445900015533 ], [ 2600551.141911, 6610261.551513999700546 ], [ 2598618.222596, 6611572.851397000253201 ], [ 2596743.614678999874741, 6612817.451992999762297 ], [ 2595118.137407000176609, 6613866.332681999541819 ], [ 2596123.016290000174195, 6615313.603922000154853 ], [ 2596157.415664, 6615273.588174999691546 ], [ 2596508.506974999792874, 6614871.575433 ], [ 2596951.762319, 6614403.088940000161529 ], [ 2597439.263003, 6613982.456322999671102 ], [ 2597927.265848, 6613579.276444000191987 ], [ 2598495.043415000196546, 6613144.948212999850512 ], [ 2598955.872298, 6612887.181675000116229 ], [ 2599345.005252, 6612717.475348999723792 ], [ 2601375.821568000130355, 6611962.873289999552071 ], [ 2604196.749291, 6610669.918262000195682 ], [ 2606434.809580000117421, 6609645.451580000109971 ], [ 2608136.831394, 6608807.325822999700904 ], [ 2609391.536997000221163, 6608100.481555 ], [ 2609714.390646, 6607807.142373000271618 ], [ 2610117.783036999870092, 6607507.946468999609351 ], [ 2610435.375399, 6607152.857161000370979 ], [ 2610635.36611199984327, 6606928.694958000443876 ], [ 2610824.913394, 6606628.681168000213802 ], [ 2611050.557314, 6606319.531917000189424 ], [ 2611159.847343999892473, 6605987.287769 ], [ 2611217.94692699983716, 6605639.304386000148952 ], [ 2611236.040258000139147, 6605135.534582000225782 ], [ 2611180.866905999835581, 6604808.827731999568641 ], [ 2611084.484094, 6604480.334766999818385 ], [ 2610920.022535, 6604103.339848999865353 ], [ 2610710.884364999830723, 6603762.761040999554098 ], [ 2610433.58080800017342, 6603370.506478999741375 ], [ 2610107.778177000116557, 6602946.551339000463486 ], [ 2609757.649455000180751, 6602599.575975 ], [ 2609473.39294800022617, 6602329.749641999602318 ], [ 2609413.971669999882579, 6602279.360042000189424 ], [ 2609331.240156, 6602208.200844 ] ] ] } },
{ "type": "Feature", "properties": { "gml_id": "FossilFuelResource.per.pow79736", "identifier": "http://inspire.pgi.gov.pl/so/mr/Midas.paliwaKopalne/FossilFuelResource.per.pow79736", "beginLifespanVersion": null, "localId": "FossilFuelResource.per.pow79736", "namespace": "http://inspire.pgi.gov.pl/so/mr/Midas.paliwaKopalne", "scalar": -1050.0, "scalar_uom": "m", "dateOfDiscovery": null, "calorificValue": null, "quantity": null, "verticalExtent": null }, "geometry": { "type": "Polygon", "coordinates": [ [ [ 2109667.869579, 6472694.591323000378907 ], [ 2109753.186429999768734, 6472668.908246000297368 ], [ 2109838.502911, 6472643.224525 ], [ 2111111.981664, 6472259.739311999641359 ], [ 2113172.737644, 6471855.395188 ], [ 2114874.42920000012964, 6471529.92999 ], [ 2116370.844978, 6471235.236308 ], [ 2117867.154670999851078, 6470940.282931 ], [ 2123527.985223, 6466323.791284999810159 ], [ 2117897.993021000176668, 6465920.825508000329137 ], [ 2116556.233666, 6465824.222214000299573 ], [ 2109052.129547, 6466937.652161000296474 ], [ 2109965.910218, 6467541.848299000412226 ], [ 2110714.183104999829084, 6468036.502008999697864 ], [ 2110763.282552000135183, 6468088.575389999896288 ], [ 2110885.51071, 6469844.614732 ], [ 2110693.788836999796331, 6469863.909482999704778 ], [ 2108278.094215999823064, 6471666.425075000151992 ], [ 2107826.758192, 6472608.840478000231087 ], [ 2107476.509843000210822, 6473340.087825999595225 ], [ 2107824.043347000144422, 6473249.406561000272632 ], [ 2109667.869579, 6472694.591323000378907 ] ] ] } },
{ "type": "Feature", "properties": { "gml_id": "FossilFuelResource.per.pow78766", "identifier": "http://inspire.pgi.gov.pl/so/mr/Midas.paliwaKopalne/FossilFuelResource.per.pow78766", "beginLifespanVersion": null, "localId": "FossilFuelResource.per.pow78766", "namespace": "http://inspire.pgi.gov.pl/so/mr/Midas.paliwaKopalne", "scalar": -68.9, "scalar_uom": "m", "dateOfDiscovery": null, "calorificValue": null, "quantity": null, "verticalExtent": null }, "geometry": { "type": "Polygon", "coordinates": [ [ [ 2014747.970385000109673, 6671948.519677000120282 ], [ 2014740.707801, 6672203.766381000168622 ], [ 2014733.444543, 6672459.020980999805033 ], [ 2014704.386358000105247, 6673480.118382000364363 ], [ 2014699.412395, 6673618.027913000434637 ], [ 2014694.438086, 6673755.939906000159681 ], [ 2014684.489069999894127, 6674031.770649 ], [ 2014664.588651, 6674583.459791 ], [ 2014630.001608, 6675649.629143999889493 ], [ 2014591.178023, 6676633.212012999691069 ], [ 2014574.286515, 6677535.201301 ], [ 2014431.48117, 6678496.111441999673843 ], [ 2014346.484268999891356, 6679320.512616000138223 ], [ 2014167.554978, 6680411.771977 ], [ 2014150.677638000110164, 6681135.594606 ], [ 2014167.398006, 6681720.145809999667108 ], [ 2014192.819700999883935, 6681835.775639999657869 ], [ 2014282.263388, 6681914.889734 ], [ 2014057.052031, 6682053.59688 ], [ 2014082.700324, 6682323.87525499984622 ], [ 2015555.7914, 6682354.245775000192225 ], [ 2016789.970373, 6682379.482756 ], [ 2017056.89197, 6682384.924092999659479 ], [ 2017065.15264, 6680411.844019999727607 ], [ 2017053.352764, 6680085.896199 ], [ 2017029.722462, 6678591.40754 ], [ 2017009.539285, 6678099.626346999779344 ], [ 2017527.693081999896094, 6677627.429323 ], [ 2017939.401305, 6677185.634821999818087 ], [ 2018247.683757, 6676866.624748 ], [ 2018555.942353, 6676547.615186999551952 ], [ 2019152.798321, 6676508.99155499972403 ], [ 2019327.942444, 6676482.065759000368416 ], [ 2019503.085442, 6676455.136438 ], [ 2020100.276958, 6676407.138537 ], [ 2020151.778534, 6677685.249676000326872 ], [ 2020178.630448, 6678634.11493800021708 ], [ 2020205.576764000114053, 6679194.523443000391126 ], [ 2020281.226067, 6679561.633061000145972 ], [ 2020449.162481, 6679577.565666999667883 ], [ 2021464.063153, 6679581.384665999561548 ], [ 2022502.566501, 6679555.958751000463963 ], [ 2023427.640292, 6679557.944294 ], [ 2023426.004127, 6678820.181212999857962 ], [ 2023448.680101, 6677839.449315999634564 ], [ 2023442.871736, 6676820.2032549995929 ], [ 2023437.412874, 6676377.150248999707401 ], [ 2023439.22832, 6675647.314301 ], [ 2023418.970489, 6674907.310451 ], [ 2023544.409257, 6674760.187226000241935 ], [ 2024270.558901, 6673979.620318000204861 ], [ 2025280.461915999883786, 6672872.005261999554932 ], [ 2025494.268839, 6672637.473364000208676 ], [ 2025708.063357, 6672402.94244800042361 ], [ 2026236.664892, 6671838.485965000465512 ], [ 2026421.865879, 6671640.693934 ], [ 2027025.423399, 6671002.573699999600649 ], [ 2027139.138091, 6670882.331613999791443 ], [ 2027826.385928, 6670122.835927999578416 ], [ 2028475.877923, 6669369.423742 ], [ 2028797.217001, 6669081.656006 ], [ 2029378.387976, 6668449.402052000164986 ], [ 2029601.705009, 6668180.414802 ], [ 2029588.433216, 6667439.498089999891818 ], [ 2029571.85394, 6666786.60718800034374 ], [ 2029841.272715, 6666483.798174999654293 ], [ 2030094.044108999893069, 6666126.010243000462651 ], [ 2030624.864552, 6665432.037405 ], [ 2030149.563649, 6665444.095193999819458 ], [ 2029923.776172, 6665482.420785999856889 ], [ 2029050.085509999888018, 6665548.690525 ], [ 2028727.988509, 6665562.724715 ], [ 2028138.614147, 6665624.689097000285983 ], [ 2027862.317102999892086, 6665614.189426999539137 ], [ 2027300.145907, 6665549.68845499958843 ], [ 2026896.902242, 6665534.319931999780238 ], [ 2026357.15131299989298, 6665470.609404999762774 ], [ 2025414.320074, 6665387.68627000041306 ], [ 2024439.793313999893144, 6665352.156011999584734 ], [ 2023946.355957, 6665349.099507000297308 ], [ 2023452.919185, 6665346.013154 ], [ 2022977.002413, 6665324.833834 ], [ 2022501.0883, 6665303.626977999694645 ], [ 2022310.465577, 6665301.880281000398099 ], [ 2022119.843126, 6665300.12929099984467 ], [ 2020718.383601, 6665185.763519000262022 ], [ 2020040.872110999887809, 6665108.793598 ], [ 2019090.842282, 6665021.118428000248969 ], [ 2018173.717829, 6664953.362126999534667 ], [ 2017461.269308000104502, 6664910.416178000159562 ], [ 2017395.170038, 6664975.275514 ], [ 2017221.183777, 6665408.797688 ], [ 2016800.877492000116035, 6666402.375920999795198 ], [ 2016372.703355999896303, 6667403.244667000137269 ], [ 2015725.299567, 6668994.416598999872804 ], [ 2015552.932596, 6669417.993304000236094 ], [ 2015144.883465, 6670374.958087 ], [ 2014845.664182, 6671131.914637999609113 ], [ 2014762.494326000101864, 6671438.049966 ], [ 2014747.970385000109673, 6671948.519677000120282 ] ], [ [ 2022445.244226, 6672633.080445 ], [ 2020127.227663000114262, 6673978.546573 ], [ 2018828.19443, 6674724.171024999581277 ], [ 2020142.17784, 6673309.547132999636233 ], [ 2020686.005463, 6672752.138113000430167 ], [ 2021180.506771000102162, 6672260.306578 ], [ 2021674.948728, 6671768.474131000228226 ], [ 2021649.988496, 6670136.82264 ], [ 2021694.964604, 6668542.038502000272274 ], [ 2022559.16499, 6669530.338139999657869 ], [ 2023341.9331, 6670524.543715000152588 ], [ 2023751.760401, 6671087.112026000395417 ], [ 2024161.643841, 6671649.698551 ], [ 2022445.244226, 6672633.080445 ] ], [ [ 2015134.573279999895021, 6682098.409397999756038 ], [ 2014687.882269, 6682082.054933000355959 ], [ 2014701.675308, 6681571.987754000350833 ], [ 2014705.54411, 6680991.902487000450492 ], [ 2014709.411883, 6680411.857924000360072 ], [ 2014725.894768000114709, 6679749.783200000412762 ], [ 2016316.252659, 6679743.419276 ], [ 2016314.939335, 6680077.663401000201702 ], [ 2016313.625959, 6680411.921097000129521 ], [ 2016330.981863, 6680687.608896000310779 ], [ 2016275.009585000108927, 6681555.273110999725759 ], [ 2016251.859209, 6681840.702945999801159 ], [ 2016228.707301, 6682126.142763 ], [ 2015842.424843, 6682124.270436 ], [ 2015581.266107, 6682114.739411000162363 ], [ 2015134.573279999895021, 6682098.409397999756038 ] ], [ [ 2028029.563789, 6669088.683191999793053 ], [ 2027344.179378, 6669091.222082000225782 ], [ 2027288.116691, 6667556.36642500013113 ], [ 2028005.639826, 6667542.509139999747276 ], [ 2028364.400646, 6667535.556745000183582 ], [ 2028723.160803, 6667528.588727000169456 ], [ 2028714.948003999888897, 6669086.086846999824047 ], [ 2028029.563789, 6669088.683191999793053 ] ] ] } },
{ "type": "Feature", "properties": { "gml_id": "FossilFuelResource.per.pow79734", "identifier": "http://inspire.pgi.gov.pl/so/mr/Midas.paliwaKopalne/FossilFuelResource.per.pow79734", "beginLifespanVersion": null, "localId": "FossilFuelResource.per.pow79734", "namespace": "http://inspire.pgi.gov.pl/so/mr/Midas.paliwaKopalne", "scalar": -1100.0, "scalar_uom": "m", "dateOfDiscovery": null, "calorificValue": null, "quantity": null, "verticalExtent": null }, "geometry": { "type": "Polygon", "coordinates": [ [ [ 2095309.357135, 6449731.236228999681771 ], [ 2096118.937533, 6449772.31827300041914 ], [ 2099264.805023000109941, 6449931.203207000158727 ], [ 2099232.727167999837548, 6444019.463765 ], [ 2097542.608150000218302, 6444033.847230999730527 ], [ 2096414.80044, 6444043.253750000149012 ], [ 2095852.484046, 6444047.886585 ], [ 2093191.820612, 6444069.291054000146687 ], [ 2091816.130784, 6444070.324551999568939 ], [ 2091672.699521, 6444906.804943 ], [ 2091623.658412, 6445196.351727000437677 ], [ 2091572.932029, 6445544.895616999827325 ], [ 2091490.293937, 6446526.153750999830663 ], [ 2091480.632691999897361, 6447070.54437099955976 ], [ 2091537.557501999894157, 6447529.619277000427246 ], [ 2091597.433343, 6447904.541543000377715 ], [ 2091719.366216, 6447880.444535999558866 ], [ 2092034.666275, 6449041.667853999882936 ], [ 2092153.498715, 6449052.874986000359058 ], [ 2092331.681407, 6449078.573300999589264 ], [ 2092502.446595000103116, 6449640.648645999841392 ], [ 2093338.459599, 6449661.395414999686182 ], [ 2094499.784845, 6449690.075439999811351 ], [ 2094667.702862, 6449698.619358999654651 ], [ 2095309.357135, 6449731.236228999681771 ] ] ] } },
{ "type": "Feature", "properties": { "gml_id": "FossilFuelResource.per.pow79614", "identifier": "http://inspire.pgi.gov.pl/so/mr/Midas.paliwaKopalne/FossilFuelResource.per.pow79614", "beginLifespanVersion": null, "localId": "FossilFuelResource.per.pow79614", "namespace": "http://inspire.pgi.gov.pl/so/mr/Midas.paliwaKopalne", "scalar": -900.0, "scalar_uom": "m", "dateOfDiscovery": null, "calorificValue": null, "quantity": null, "verticalExtent": null }, "geometry": { "type": "Polygon", "coordinates": [ [ [ 2114496.272549000103027, 6452375.10306700039655 ], [ 2114030.585161999799311, 6449331.617842 ], [ 2113709.654532, 6447136.227033999748528 ], [ 2113581.591374999843538, 6446260.018902 ], [ 2113554.528593, 6446243.950876999646425 ], [ 2113189.307591000106186, 6446027.094565999694169 ], [ 2112545.191087, 6445617.697704999707639 ], [ 2112401.873807, 6445517.123653000220656 ], [ 2112519.58366, 6445376.215134000405669 ], [ 2112841.176818000152707, 6445110.009546999819577 ], [ 2113125.004304000176489, 6444926.969026000238955 ], [ 2113366.940651, 6444791.16875100042671 ], [ 2112705.899253, 6440266.009196000173688 ], [ 2112649.225881, 6436883.825284999795258 ], [ 2112884.227087, 6436376.84768099989742 ], [ 2113601.93671299982816, 6434673.527485 ], [ 2111166.193860999774188, 6435068.933640000410378 ], [ 2108730.221102000214159, 6435463.644503000192344 ], [ 2102821.315421999897808, 6436485.720301000401378 ], [ 2099769.946864, 6437120.119347999803722 ], [ 2099759.888590000104159, 6442609.999086 ], [ 2099757.312727999873459, 6444014.929468000307679 ], [ 2099232.727167999837548, 6444019.463765 ], [ 2099264.805023000109941, 6449931.203207000158727 ], [ 2100898.575147000141442, 6457021.057223999872804 ], [ 2100310.48016900010407, 6462239.703669999726117 ], [ 2105867.893135, 6462057.437079000286758 ], [ 2107342.927023, 6462008.434262 ], [ 2105168.819482, 6467063.45885800011456 ], [ 2108037.47047, 6466899.546757999807596 ], [ 2108580.018374000210315, 6466625.434368999674916 ], [ 2109052.129547, 6466937.652161000296474 ], [ 2116556.233666, 6465824.222214000299573 ], [ 2116206.63498, 6463543.327084000222385 ], [ 2115700.238018999807537, 6460238.289932999759912 ], [ 2115477.361899000126868, 6458783.244517999701202 ], [ 2114762.668213, 6454115.609655999578536 ], [ 2114496.272549000103027, 6452375.10306700039655 ] ] ] } },
{ "type": "Feature", "properties": { "gml_id": "FossilFuelResource.per.pow79735", "identifier": "http://inspire.pgi.gov.pl/so/mr/Midas.paliwaKopalne/FossilFuelResource.per.pow79735", "beginLifespanVersion": null, "localId": "FossilFuelResource.per.pow79735", "namespace": "http://inspire.pgi.gov.pl/so/mr/Midas.paliwaKopalne", "scalar": -1200.0, "scalar_uom": "m", "dateOfDiscovery": null, "calorificValue": null, "quantity": null, "verticalExtent": null }, "geometry": { "type": "Polygon", "coordinates": [ [ [ 2095813.164158, 6469157.1105199996382 ], [ 2097016.845636, 6468692.547259000129998 ], [ 2098967.851357, 6467939.125631 ], [ 2105168.819482, 6467063.45885800011456 ], [ 2107342.927023, 6462008.434262 ], [ 2105867.893135, 6462057.437079000286758 ], [ 2102574.327176, 6462165.906378 ], [ 2100310.48016900010407, 6462239.703669999726117 ], [ 2094792.911646999884397, 6461726.52439200039953 ], [ 2094791.268445, 6462302.00755999982357 ], [ 2095636.937376, 6462339.991293 ], [ 2096522.918711999896914, 6462293.902401000261307 ], [ 2097343.495354, 6462293.50182200036943 ], [ 2098130.133492, 6462352.510944000445306 ], [ 2099074.960606, 6462521.210501000285149 ], [ 2100008.835771, 6462772.792569999583066 ], [ 2100905.392713999841362, 6463051.785424999892712 ], [ 2101644.668515999801457, 6463301.179145 ], [ 2102295.900932, 6463549.616622 ], [ 2102909.800799999851733, 6463825.530280999839306 ], [ 2103033.252733, 6463882.618437999859452 ], [ 2102565.113256, 6463980.124754999764264 ], [ 2102013.664102000184357, 6464102.40386 ], [ 2101542.673593999817967, 6464206.811454 ], [ 2100133.835961, 6464573.499474000185728 ], [ 2098636.526695, 6464962.276242 ], [ 2097198.961238999851048, 6465388.652591999620199 ], [ 2097189.415920999832451, 6465392.306378000415862 ], [ 2096616.437839, 6465219.565871000289917 ], [ 2094685.765343, 6464685.759057999588549 ], [ 2094680.456289000110701, 6464805.69437799975276 ], [ 2095065.487785999896005, 6469445.576667999848723 ], [ 2095669.458501, 6469212.560626000165939 ], [ 2095813.164158, 6469157.1105199996382 ] ] ] } },
{ "type": "Feature", "properties": { "gml_id": "FossilFuelResource.progn.pow20393", "identifier": "http://inspire.pgi.gov.pl/so/mr/Midas.paliwaKopalne/FossilFuelResource.progn.pow20393", "beginLifespanVersion": null, "localId": "FossilFuelResource.progn.pow20393", "namespace": "http://inspire.pgi.gov.pl/so/mr/Midas.paliwaKopalne", "scalar": -1050.0, "scalar_uom": "m", "dateOfDiscovery": null, "calorificValue": null, "quantity": null, "verticalExtent": null }, "geometry": { "type": "Polygon", "coordinates": [ [ [ 2088344.615601, 6496968.162104999646544 ], [ 2089956.523018, 6498935.395158999599516 ], [ 2090083.661018, 6499029.759718 ], [ 2090194.314886, 6499111.887131 ], [ 2091471.090464999899268, 6497318.522152000106871 ], [ 2092033.51929, 6497299.27498499955982 ], [ 2091869.251702, 6496790.599047999829054 ], [ 2092306.733425, 6496683.647021999582648 ], [ 2092777.937270999886096, 6495717.403656999580562 ], [ 2093264.149668, 6495441.594627999700606 ], [ 2093283.372978, 6493980.294979000464082 ], [ 2092897.309932, 6493263.041603 ], [ 2093137.093154999893159, 6491873.335086000151932 ], [ 2093625.045505, 6491056.431520000100136 ], [ 2093618.214927, 6489141.879425000399351 ], [ 2093611.664671, 6486438.784442 ], [ 2093609.738195, 6485461.367497 ], [ 2087034.374506, 6485339.683562000282109 ], [ 2086881.853084, 6485380.523639 ], [ 2087034.351422, 6486141.796144999563694 ], [ 2087076.256138, 6486288.081093999557197 ], [ 2087353.044347, 6487254.254072999581695 ], [ 2087379.666145, 6488613.069326999597251 ], [ 2087034.257397, 6489125.377364000305533 ], [ 2087026.121142, 6489134.251485000364482 ], [ 2086649.373737, 6489545.137671999633312 ], [ 2087034.265047, 6489619.519748999737203 ], [ 2087467.123146, 6489874.172508999705315 ], [ 2088215.510742, 6490012.967387 ], [ 2087583.230711, 6491146.022606999613345 ], [ 2087787.199691, 6492706.453123000450432 ], [ 2087339.153211, 6495085.295169999822974 ], [ 2088844.600818, 6496072.478734999895096 ], [ 2088344.615601, 6496968.162104999646544 ] ] ] } },
{ "type": "Feature", "properties": { "gml_id": "FossilFuelResource.progn.pow76475", "identifier": "http://inspire.pgi.gov.pl/so/mr/Midas.paliwaKopalne/FossilFuelResource.progn.pow76475", "beginLifespanVersion": null, "localId": "FossilFuelResource.progn.pow76475", "namespace": "http://inspire.pgi.gov.pl/so/mr/Midas.paliwaKopalne", "scalar": -112.0, "scalar_uom": "m", "dateOfDiscovery": null, "calorificValue": null, "quantity": null, "verticalExtent": null }, "geometry": { "type": "Polygon", "coordinates": [ [ [ 1660825.69706, 6848969.313970999792218 ], [ 1668388.897103, 6848238.366963 ], [ 1665051.418145, 6845057.069965000264347 ], [ 1660825.69706, 6848969.313970999792218 ] ] ] } },
{ "type": "Feature", "properties": { "gml_id": "FossilFuelResource.progn.pow78894", "identifier": "http://inspire.pgi.gov.pl/so/mr/Midas.paliwaKopalne/FossilFuelResource.progn.pow78894", "beginLifespanVersion": null, "localId": "FossilFuelResource.progn.pow78894", "namespace": "http://inspire.pgi.gov.pl/so/mr/Midas.paliwaKopalne", "scalar": -58.1, "scalar_uom": "m", "dateOfDiscovery": null, "calorificValue": null, "quantity": null, "verticalExtent": null }, "geometry": { "type": "Polygon", "coordinates": [ [ [ 1655618.666303, 6890761.541729999706149 ], [ 1655747.861209, 6890659.815014 ], [ 1656010.855885, 6890288.304448000155389 ], [ 1656156.022737, 6890039.077864999882877 ], [ 1656301.348866, 6889699.144688 ], [ 1656364.940562, 6889531.434554000385106 ], [ 1656374.168776, 6889422.602521000429988 ], [ 1656356.287527, 6889295.571948999539018 ], [ 1656315.769714, 6889191.194149999879301 ], [ 1656252.560023, 6889123.054331 ], [ 1656171.235984, 6889068.487045000307262 ], [ 1656116.986418, 6889057.058659999631345 ], [ 1656089.861697, 6889051.344336999580264 ], [ 1656062.737018000101671, 6889045.62992800027132 ], [ 1655949.676622, 6889045.435247000306845 ], [ 1655795.805518, 6889095.062818 ], [ 1655637.370009, 6889176.420572999864817 ], [ 1655560.356572, 6889253.386845 ], [ 1655419.692441, 6889502.586372000165284 ], [ 1655360.694158, 6889620.39841500017792 ], [ 1655238.308406, 6889760.786906999535859 ], [ 1655170.336862, 6889830.969127000309527 ], [ 1655102.364129999885336, 6889901.151340000331402 ], [ 1654925.610362, 6890091.324612 ], [ 1654767.036296, 6890231.64707 ], [ 1654603.915983, 6890381.013895000331104 ], [ 1654341.054633, 6890639.083629 ], [ 1654232.241631, 6890770.41365799959749 ], [ 1654238.865768, 6890837.274039000272751 ], [ 1654303.618444, 6890902.505524000152946 ], [ 1654622.180009, 6890909.030999000184238 ], [ 1654881.751048, 6890909.518307999707758 ], [ 1654946.643725, 6890909.638976999558508 ], [ 1655011.536594, 6890909.758964999578893 ], [ 1655141.322228, 6890909.997355000115931 ], [ 1655228.35912, 6890898.316391999833286 ], [ 1655315.395636, 6890886.634317999705672 ], [ 1655489.468311, 6890863.267703000456095 ], [ 1655618.666303, 6890761.541729999706149 ] ] ] } },
{ "type": "Feature", "properties": { "gml_id": "FossilFuelResource.per.pow81015", "identifier": "http://inspire.pgi.gov.pl/so/mr/Midas.paliwaKopalne/FossilFuelResource.per.pow81015", "beginLifespanVersion": null, "localId": "FossilFuelResource.per.pow81015", "namespace": "http://inspire.pgi.gov.pl/so/mr/Midas.paliwaKopalne", "scalar": null, "scalar_uom": null, "dateOfDiscovery": null, "calorificValue": null, "quantity": null, "verticalExtent": null }, "geometry": { "type": "Polygon", "coordinates": [ [ [ 1966984.41279, 7226650.358989999629557 ], [ 1979629.421413, 7226663.694768000394106 ], [ 1979631.604898, 7217646.168874000199139 ], [ 2003536.667211000109091, 7217646.509472000412643 ], [ 2003713.067040999885648, 7217646.241840999573469 ], [ 2003852.045234, 7200641.931385999545455 ], [ 2004099.794489, 7170154.378670999780297 ], [ 1988768.198144, 7170223.666371 ], [ 1965707.659575, 7194668.425241 ], [ 1935444.708758, 7226528.162836000323296 ], [ 1966984.41279, 7226650.358989999629557 ] ] ] } },
{ "type": "Feature", "properties": { "gml_id": "FossilFuelResource.per.pow81014", "identifier": "http://inspire.pgi.gov.pl/so/mr/Midas.paliwaKopalne/FossilFuelResource.per.pow81014", "beginLifespanVersion": null, "localId": "FossilFuelResource.per.pow81014", "namespace": "http://inspire.pgi.gov.pl/so/mr/Midas.paliwaKopalne", "scalar": null, "scalar_uom": null, "dateOfDiscovery": null, "calorificValue": null, "quantity": null, "verticalExtent": null }, "geometry": { "type": "Polygon", "coordinates": [ [ [ 2235279.802247, 7217607.616701000370085 ], [ 2254006.298756999894977, 7217597.287460999563336 ], [ 2254006.697348, 7201735.434626 ], [ 2254092.572736000176519, 7188993.966614999808371 ], [ 2254219.628962, 7170156.30367000028491 ], [ 2226426.876757999882102, 7170156.363669999875128 ], [ 2226427.229466000106186, 7203719.359768999740481 ], [ 2209571.213518000207841, 7203761.119722000323236 ], [ 2207313.918701, 7209114.699075999669731 ], [ 2205053.572395000141114, 7214471.268802000209689 ], [ 2205981.249899, 7240702.871996000409126 ], [ 2206173.790618999861181, 7254262.159502999857068 ], [ 2206173.79086699988693, 7254262.1660390002653 ], [ 2206798.253825999796391, 7254172.571112999692559 ], [ 2207010.684874, 7254134.071770999580622 ], [ 2208588.60408699978143, 7253847.914796000346541 ], [ 2208917.997804, 7253788.146204999648035 ], [ 2209835.231116999872029, 7253684.717082999646664 ], [ 2210320.912366999778897, 7253610.95151 ], [ 2210418.993505000136793, 7253596.055374000221491 ], [ 2211091.94534, 7253476.807982999831438 ], [ 2212297.449941, 7253291.06391 ], [ 2212340.09259, 7253282.168662000447512 ], [ 2212873.591742, 7253170.803279999643564 ], [ 2213398.783508, 7253118.307751 ], [ 2213417.068156000226736, 7253116.483124 ], [ 2214226.95071, 7253035.467632999643683 ], [ 2214689.480113000143319, 7252948.019924 ], [ 2214941.43592, 7252808.544048000127077 ], [ 2214949.241173999849707, 7252804.22999900020659 ], [ 2214986.707868, 7252800.106150000356138 ], [ 2215355.253982999827713, 7252759.570601000450552 ], [ 2215548.771902, 7252738.280154 ], [ 2216554.481739, 7252627.549493 ], [ 2216703.769706000108272, 7252610.308842999860644 ], [ 2217669.46667, 7252498.766211999580264 ], [ 2218718.451683000195771, 7252370.937726000323892 ], [ 2218743.150564999785274, 7252367.925835999660194 ], [ 2218758.928944, 7252365.999243999831378 ], [ 2219167.110297999810427, 7252314.437291 ], [ 2219232.840218000113964, 7252300.404776999726892 ], [ 2219594.084235, 7252223.246174000203609 ], [ 2219957.816784, 7252145.542033 ], [ 2219974.596975999884307, 7252141.960126999765635 ], [ 2220152.725740000139922, 7252103.905055000446737 ], [ 2220567.551661999896169, 7252019.341400999575853 ], [ 2222109.474734, 7251800.39296399988234 ], [ 2222927.740543, 7251679.208081999793649 ], [ 2224392.917547000106424, 7251467.444557 ], [ 2224436.85751, 7251460.894241999834776 ], [ 2224837.265205999836326, 7251401.141989000141621 ], [ 2225164.088064, 7251352.62151 ], [ 2226087.911003000102937, 7251215.370104 ], [ 2226175.312736, 7251199.435178999789059 ], [ 2226175.31113399984315, 7251199.431072999723256 ], [ 2226176.310281000100076, 7217596.480306999757886 ], [ 2235279.802247, 7217607.616701000370085 ] ] ] } },
{ "type": "Feature", "properties": { "gml_id": "FossilFuelResource.per.pow81135", "identifier": "http://inspire.pgi.gov.pl/so/mr/Midas.paliwaKopalne/FossilFuelResource.per.pow81135", "beginLifespanVersion": null, "localId": "FossilFuelResource.per.pow81135", "namespace": "http://inspire.pgi.gov.pl/so/mr/Midas.paliwaKopalne", "scalar": null, "scalar_uom": null, "dateOfDiscovery": null, "calorificValue": null, "quantity": null, "verticalExtent": null }, "geometry": { "type": "Polygon", "coordinates": [ [ [ 2486916.666050999891013, 6317375.854008999653161 ], [ 2504688.533276999834925, 6317340.443671000190079 ], [ 2504689.330211999826133, 6304629.713468999601901 ], [ 2504691.139665000140667, 6289471.908199000172317 ], [ 2504691.141787, 6289471.904582000337541 ], [ 2504665.290215999819338, 6289443.16509999986738 ], [ 2504545.275307000149041, 6289431.421760999597609 ], [ 2504445.580678000114858, 6289443.043259999714792 ], [ 2504357.25478, 6289447.636277999728918 ], [ 2504184.894206999801099, 6289568.824954999610782 ], [ 2504085.462568, 6289584.625373999588192 ], [ 2504019.863341, 6289587.802426000125706 ], [ 2503948.363229, 6289608.720227000303566 ], [ 2503846.817772999871522, 6289650.423684 ], [ 2503805.263204, 6289688.221025999635458 ], [ 2503696.833486, 6289780.014003000222147 ], [ 2503687.101526999846101, 6289785.846641999669373 ], [ 2503608.851005999837071, 6289845.860027000308037 ], [ 2503503.177515000104904, 6289873.929784 ], [ 2503353.408199000172317, 6289891.157336000353098 ], [ 2503249.940624, 6289881.683001999743283 ], [ 2503125.084243999794126, 6289957.773672999814153 ], [ 2503051.569347000215203, 6290027.182842000387609 ], [ 2503030.496458, 6290139.924100999720395 ], [ 2503038.327794999815524, 6290220.882678999565542 ], [ 2503027.830149999819696, 6290289.789150999858975 ], [ 2502997.786352000199258, 6290320.235163000412285 ], [ 2502931.870197, 6290374.637796999886632 ], [ 2502836.461768, 6290455.042165 ], [ 2502723.621677999850363, 6290518.696556 ], [ 2502575.187978, 6290569.930696000345051 ], [ 2502456.709588, 6290598.622743000276387 ], [ 2502356.000538, 6290605.180607000365853 ], [ 2502221.052668999880552, 6290659.493013000115752 ], [ 2502128.330935, 6290716.280762 ], [ 2502070.891185, 6290772.730243000201881 ], [ 2501989.05549000017345, 6290904.323335000313818 ], [ 2501863.111678999848664, 6291066.377136000432074 ], [ 2501701.601778000127524, 6291133.509695 ], [ 2501636.65222, 6291198.422485999763012 ], [ 2501547.442295, 6291293.009449999779463 ], [ 2501424.959098999854177, 6291400.643515000119805 ], [ 2501326.835848, 6291512.283292000181973 ], [ 2501285.949875, 6291616.465377000160515 ], [ 2501214.172884999774396, 6291741.049238 ], [ 2501165.293688000179827, 6291825.40489299967885 ], [ 2501098.90698, 6291889.811489 ], [ 2501029.953490000218153, 6291949.252601999789476 ], [ 2500995.706933000124991, 6291966.430863999761641 ], [ 2500894.436534, 6291969.282870999537408 ], [ 2500804.603242999874055, 6291971.483664000406861 ], [ 2500723.123817999847233, 6292002.909393000416458 ], [ 2500616.348625000100583, 6292005.742408 ], [ 2500463.157577, 6292056.581384000368416 ], [ 2500328.152259000111371, 6292173.197614000178874 ], [ 2500113.352982, 6292313.403213 ], [ 2499948.60127, 6292397.899124000221491 ], [ 2499905.272061000112444, 6292453.690266000106931 ], [ 2499848.469192999880761, 6292454.066683 ], [ 2499798.134149999823421, 6292486.444557 ], [ 2499715.768449999857694, 6292479.208265 ], [ 2499638.679518000222743, 6292433.795269999653101 ], [ 2499572.399321, 6292400.222796999849379 ], [ 2499494.629079, 6292374.914010999724269 ], [ 2499405.318858, 6292362.441379999741912 ], [ 2499206.627266999799758, 6292353.092950999736786 ], [ 2499126.023244, 6292350.190455 ], [ 2498927.456877000164241, 6292406.583751000463963 ], [ 2498796.013154999818653, 6292417.771805999800563 ], [ 2498527.002255000174046, 6292401.985926000401378 ], [ 2498218.129118000157177, 6292346.400829999707639 ], [ 2498156.31096, 6292337.946991000324488 ], [ 2498101.863566, 6292350.743943000212312 ], [ 2498034.080461, 6292284.970929999835789 ], [ 2497970.847866000141948, 6292194.569837000221014 ], [ 2497917.45622, 6292149.562628 ], [ 2497865.337828999850899, 6292127.481731999665499 ], [ 2497828.773422, 6292111.985324 ], [ 2497650.329452999867499, 6292210.318417999893427 ], [ 2497590.166009999811649, 6292211.890304000116885 ], [ 2497526.05543200019747, 6292206.289076999761164 ], [ 2497448.697401000186801, 6292163.630066 ], [ 2497370.993752, 6292162.398837000131607 ], [ 2497240.767587999813259, 6292090.084250999614596 ], [ 2497129.920854, 6292034.724862 ], [ 2497048.154438000172377, 6291986.901952000334859 ], [ 2497012.174393, 6291946.453033000230789 ], [ 2496983.483786, 6291914.183977999724448 ], [ 2496904.271435, 6291818.057230999693274 ], [ 2496806.427859, 6291703.935770999640226 ], [ 2496747.959454, 6291635.718376999720931 ], [ 2496721.697501999791712, 6291586.554676 ], [ 2496594.055681, 6291621.869393999688327 ], [ 2496468.376123, 6291680.568678 ], [ 2496314.418552, 6291718.348431999795139 ], [ 2496309.81421299977228, 6291719.153791000135243 ], [ 2496078.766297999769449, 6291759.835006999783218 ], [ 2496051.608955, 6291781.568296999670565 ], [ 2495965.476011000107974, 6291856.029796999879181 ], [ 2495843.817303, 6291944.293102 ], [ 2495683.113312, 6292038.411108000203967 ], [ 2495559.521363, 6292090.363439000211656 ], [ 2495483.895779000129551, 6292149.824325 ], [ 2495464.396061, 6292167.835226000286639 ], [ 2495388.544042, 6292207.040054 ], [ 2495308.224636000115424, 6292215.991713000461459 ], [ 2495212.47756, 6292203.748404 ], [ 2495165.849748, 6292192.878185999579728 ], [ 2495102.129991, 6292199.98807100020349 ], [ 2494945.069999999832362, 6292339.944544999860227 ], [ 2494900.149867999833077, 6292391.45773 ], [ 2494826.315932999830693, 6292478.007616000249982 ], [ 2494797.849231, 6292508.356738000176847 ], [ 2494730.266077000182122, 6292576.088987000286579 ], [ 2494609.247283, 6292720.663226 ], [ 2494569.187049999833107, 6292789.457538000307977 ], [ 2494528.903322, 6292885.704997999593616 ], [ 2494438.23788100015372, 6292994.208170000463724 ], [ 2494360.65002299984917, 6293043.257364000193775 ], [ 2494314.181361, 6293113.655751000158489 ], [ 2494300.346268, 6293172.696430999785662 ], [ 2494226.700395000167191, 6293314.619265000335872 ], [ 2494152.879524, 6293419.171799000352621 ], [ 2494079.409134999848902, 6293522.984268999658525 ], [ 2494045.611676999833435, 6293553.188938999548554 ], [ 2493957.643709000200033, 6293631.777944000437856 ], [ 2493870.894791999831796, 6293712.05681 ], [ 2493814.019445000216365, 6293983.332661 ], [ 2493787.441273, 6294014.015615999698639 ], [ 2493772.300292000174522, 6294031.486819 ], [ 2493701.497099, 6294057.193869999609888 ], [ 2493648.662017, 6294119.532723000273108 ], [ 2493579.360351, 6294194.519117999821901 ], [ 2493473.486866999883205, 6294262.841803000308573 ], [ 2493431.477981000207365, 6294283.012842000462115 ], [ 2493330.033109, 6294331.889709999784827 ], [ 2493269.278351999819279, 6294433.19202100019902 ], [ 2493242.054172, 6294493.61969199962914 ], [ 2493211.309694, 6294619.757775000296533 ], [ 2493199.19996100012213, 6294652.911473999731243 ], [ 2493195.397671999875456, 6294731.475600999779999 ], [ 2493181.838653, 6294757.146646000444889 ], [ 2493169.230316999834031, 6294769.829884000122547 ], [ 2493131.321353000123054, 6294780.900631999596953 ], [ 2493100.927056999877095, 6294795.074939000420272 ], [ 2493070.729502, 6294822.460531 ], [ 2493035.590783, 6294845.715866999700665 ], [ 2492983.088535999879241, 6294857.75923699978739 ], [ 2492919.80149899981916, 6294847.257054000161588 ], [ 2492866.626978000160307, 6294852.597477000206709 ], [ 2492821.226551999803632, 6294870.198467999696732 ], [ 2492723.100774, 6294896.036609999835491 ], [ 2492646.038846999872476, 6294916.178227 ], [ 2492539.794933000113815, 6295086.813718999736011 ], [ 2492516.178261000197381, 6295387.263092 ], [ 2492495.044611, 6295619.285701000131667 ], [ 2492424.099467, 6295821.621790999546647 ], [ 2492425.494921000208706, 6295978.789385000243783 ], [ 2492459.268135, 6296119.821856999769807 ], [ 2492456.637546999845654, 6296240.323905000463128 ], [ 2492467.621493, 6296379.60768000036478 ], [ 2492469.323967999778688, 6296505.158473 ], [ 2492253.936027000192553, 6296646.315422999672592 ], [ 2492128.548976, 6296735.116895999759436 ], [ 2492070.859034, 6296777.069419999606907 ], [ 2491921.62017699982971, 6296842.196177000179887 ], [ 2491766.090107, 6296916.324548999778926 ], [ 2491731.028045, 6296932.740054000169039 ], [ 2491711.825013999827206, 6296947.977699000388384 ], [ 2491677.118034, 6296980.557687999680638 ], [ 2491644.459404999855906, 6296990.748127000406384 ], [ 2491587.810726, 6297012.178826999850571 ], [ 2491551.308069, 6297019.042778000235558 ], [ 2491479.131114, 6297038.064243 ], [ 2491419.101479, 6297079.153904999606311 ], [ 2491389.256242999807, 6297105.692822 ], [ 2491356.32545300014317, 6297125.296372000128031 ], [ 2491282.470125999767333, 6297134.29538 ], [ 2491254.666476000100374, 6297208.607425999827683 ], [ 2491212.114759, 6297237.795447999611497 ], [ 2491164.547694, 6297270.563286 ], [ 2491137.855461999773979, 6297337.267223999835551 ], [ 2491049.901621, 6297512.846544000320137 ], [ 2491031.269735, 6297578.242157000117004 ], [ 2491068.687225999776274, 6297628.402316000312567 ], [ 2491089.617027999833226, 6297686.345154999755323 ], [ 2491095.786946999840438, 6297774.179364999756217 ], [ 2491111.4204529998824, 6297870.654965000227094 ], [ 2491100.549646, 6297984.599293 ], [ 2491081.012449, 6298001.80188100039959 ], [ 2491021.755231, 6298054.003089999780059 ], [ 2490997.252373000141233, 6298122.172279000282288 ], [ 2490969.901510000228882, 6298194.005084999836981 ], [ 2490937.78608, 6298258.901770999655128 ], [ 2490852.156928, 6298326.870028000324965 ], [ 2490800.391758999787271, 6298382.684162000194192 ], [ 2490744.645303000230342, 6298458.814876000396907 ], [ 2490694.49584, 6298517.996589000336826 ], [ 2490656.04684, 6298564.433512000367045 ], [ 2490611.147206, 6298622.051067000254989 ], [ 2490590.970732000190765, 6298658.041133999824524 ], [ 2490570.985574, 6298713.063744000159204 ], [ 2490557.274685, 6298811.324001999571919 ], [ 2490480.419317, 6298992.953898999840021 ], [ 2490437.317377000115812, 6299094.536418999545276 ], [ 2490415.71354, 6299145.803357999771833 ], [ 2490394.109449999872595, 6299197.070561000145972 ], [ 2490362.252874999772757, 6299246.32814500015229 ], [ 2490322.000422, 6299331.777591000311077 ], [ 2490261.904829000122845, 6299455.004613 ], [ 2490179.775012999773026, 6299580.07132999971509 ], [ 2490081.523831, 6299659.167531999759376 ], [ 2490001.586337000131607, 6299707.951115 ], [ 2489912.374869000166655, 6299772.282646999694407 ], [ 2489793.458991, 6299827.754451000131667 ], [ 2489697.140294, 6299731.167615000158548 ], [ 2489619.318775, 6299620.151757 ], [ 2489506.011601, 6299524.775039000436664 ], [ 2489377.912645, 6299428.103861999697983 ], [ 2489353.545494, 6299418.014677000232041 ], [ 2489243.292516000103205, 6299428.878704999573529 ], [ 2489178.921537000220269, 6299428.508428 ], [ 2489064.83861, 6299468.393236 ], [ 2488942.531276000197977, 6299499.824276000261307 ], [ 2488873.414498, 6299477.285534 ], [ 2488845.361694000195712, 6299468.42425199970603 ], [ 2488618.644967, 6299433.886295 ], [ 2488578.464522, 6299427.766785999760032 ], [ 2488440.694548999890685, 6299531.761831999756396 ], [ 2488251.537093, 6299612.373790999874473 ], [ 2488147.038454, 6299640.689426999539137 ], [ 2488022.531233000103384, 6299633.688362999819219 ], [ 2487883.887225000187755, 6299626.325849999673665 ], [ 2487760.623004000168294, 6299643.769380999729037 ], [ 2487679.87903, 6299619.438609999604523 ], [ 2487647.52254999987781, 6299610.512156999669969 ], [ 2487600.934574999846518, 6299551.122876999899745 ], [ 2487531.334293, 6299598.42773799970746 ], [ 2487472.55072999978438, 6299612.039463999681175 ], [ 2487292.201973999850452, 6299624.478532999753952 ], [ 2487216.346621000207961, 6299629.715080000460148 ], [ 2487026.88418099982664, 6299618.650907999835908 ], [ 2486923.294541, 6299601.86557099968195 ], [ 2486804.749534000176936, 6299599.714412 ], [ 2486680.027855, 6299626.350262000225484 ], [ 2486613.062117000110447, 6299639.014429000206292 ], [ 2486474.468669, 6299691.695511999540031 ], [ 2486336.531515, 6299706.286502 ], [ 2486277.136897, 6299751.274186000227928 ], [ 2486201.167291, 6299688.416252000257373 ], [ 2486180.102587, 6299652.441700999625027 ], [ 2486134.022401, 6299624.009846 ], [ 2486116.234889000188559, 6299588.666092 ], [ 2486060.523347000125796, 6299579.196932000108063 ], [ 2486036.005467, 6299536.825314000248909 ], [ 2485965.308739, 6299485.535102000460029 ], [ 2485914.49247, 6299462.787289000116289 ], [ 2485865.92571400012821, 6299447.34511199966073 ], [ 2485796.399307, 6299389.590772000141442 ], [ 2485781.494074999820441, 6299370.60175700020045 ], [ 2485749.46662800014019, 6299355.892955999821424 ], [ 2485715.604051, 6299350.536244000308216 ], [ 2485675.003775999881327, 6299285.401204000227153 ], [ 2485670.824802, 6299220.987485 ], [ 2485630.607369999866933, 6299156.749305999837816 ], [ 2485583.766997000202537, 6299095.933309 ], [ 2485541.654802000150084, 6299056.779486999846995 ], [ 2485449.436117, 6298975.858029000461102 ], [ 2485374.297642, 6298866.342028999701142 ], [ 2485350.185775000136346, 6298840.797268999740481 ], [ 2485328.149052000138909, 6298805.621655000373721 ], [ 2485315.463835, 6298763.349891999736428 ], [ 2485283.394229, 6298738.174712000414729 ], [ 2485247.668279, 6298694.073517000302672 ], [ 2485189.995763999875635, 6298633.004955999553204 ], [ 2485069.283632, 6298539.836613999679685 ], [ 2484994.792803000193089, 6298465.245186000131071 ], [ 2484926.631761999800801, 6298374.690568 ], [ 2484869.772884, 6298263.67962700035423 ], [ 2484856.391539, 6298106.694148000329733 ], [ 2484775.535855, 6298005.301788000389934 ], [ 2484742.388272, 6297960.866484000347555 ], [ 2484710.424887999892235, 6297897.652049000374973 ], [ 2484641.90204, 6297904.373355999588966 ], [ 2484537.953660999890417, 6297908.484352 ], [ 2484459.481226, 6297902.785334999673069 ], [ 2484389.667796, 6297893.170734999701381 ], [ 2484293.090022, 6298008.279524999670684 ], [ 2484229.503851000219584, 6298026.14225700031966 ], [ 2484186.089728000108153, 6298038.879365 ], [ 2484127.635104000102729, 6298070.285109999589622 ], [ 2484101.451158000156283, 6298107.126828 ], [ 2484047.068626999855042, 6298127.903733000159264 ], [ 2484031.487179, 6298133.851628 ], [ 2483941.439599, 6298139.121104000136256 ], [ 2483832.17479299986735, 6298073.26774699985981 ], [ 2483753.766158999875188, 6298086.335223999805748 ], [ 2483672.248493, 6298158.839515999890864 ], [ 2483522.091934000141919, 6298176.761457 ], [ 2483455.741827, 6298139.766200999729335 ], [ 2483379.751025000121444, 6298139.155195999890566 ], [ 2483317.81334500014782, 6298126.212147999554873 ], [ 2483260.557347000110894, 6298128.198122000321746 ], [ 2483231.879803, 6298113.454726999625564 ], [ 2483094.67554400023073, 6298141.090349 ], [ 2482939.572670000139624, 6298272.606998999603093 ], [ 2482914.32888500019908, 6298297.00490100029856 ], [ 2482898.64148599980399, 6298298.622340999543667 ], [ 2482803.750074, 6298446.772338000126183 ], [ 2482798.232148, 6298478.20528700016439 ], [ 2482780.972409000154585, 6298498.471953 ], [ 2482700.551554, 6298596.505513999611139 ], [ 2482558.328435, 6298674.640432000160217 ], [ 2482557.1039, 6298675.304296 ], [ 2482382.338289, 6298770.722950000315905 ], [ 2482301.944544999860227, 6298793.131205 ], [ 2482230.959069999866188, 6298826.807881999760866 ], [ 2482116.039433000143617, 6298911.140049000270665 ], [ 2482022.114209999796003, 6298911.482703999616206 ], [ 2481960.405410000123084, 6298907.690759000368416 ], [ 2481904.518416999839246, 6298897.233834000304341 ], [ 2481765.990486000198871, 6298894.742545999586582 ], [ 2481705.866338000167161, 6298901.556752 ], [ 2481627.716130999848247, 6298909.826944 ], [ 2481542.661677999887615, 6298948.176821 ], [ 2481467.806975, 6298973.512659999541938 ], [ 2481400.465882, 6298980.402309999801219 ], [ 2481394.020647999830544, 6298982.54251900035888 ], [ 2481394.021523000206798, 6298982.548607000149786 ], [ 2481398.383404000196606, 6317379.183559999801219 ], [ 2486916.666050999891013, 6317375.854008999653161 ] ] ] } },
{ "type": "Feature", "properties": { "gml_id": "FossilFuelResource.progn.pow76482", "identifier": "http://inspire.pgi.gov.pl/so/mr/Midas.paliwaKopalne/FossilFuelResource.progn.pow76482", "beginLifespanVersion": null, "localId": "FossilFuelResource.progn.pow76482", "namespace": "http://inspire.pgi.gov.pl/so/mr/Midas.paliwaKopalne", "scalar": -135.6, "scalar_uom": "m", "dateOfDiscovery": null, "calorificValue": null, "quantity": null, "verticalExtent": null }, "geometry": { "type": "Polygon", "coordinates": [ [ [ 1993388.487037, 6684917.697449999861419 ], [ 1993698.515204, 6684910.501713000237942 ], [ 1994073.057551, 6684891.025539999827743 ], [ 1994447.598436, 6684871.53233200032264 ], [ 1995183.31449, 6684839.872297000139952 ], [ 1995482.91505, 6684823.319373999722302 ], [ 1995692.304355, 6684826.34838099963963 ], [ 1995839.543684, 6684868.341284000314772 ], [ 1995979.716928, 6684960.798512999899685 ], [ 1996324.739684, 6685227.47172600030899 ], [ 1997016.209308, 6685737.965758999809623 ], [ 1997313.845722999889404, 6685962.883604999631643 ], [ 1997397.29318, 6686025.940100000239909 ], [ 1997546.388447, 6686138.599647000432014 ], [ 1998182.763684999896213, 6686633.028734000399709 ], [ 1998560.644115, 6686921.166419999673963 ], [ 1998951.175905, 6687183.678465999662876 ], [ 1999139.476067, 6687283.283808999694884 ], [ 1999204.326204, 6687198.523782 ], [ 1999570.026318, 6686675.000726999714971 ], [ 1999789.11395, 6686353.607614000327885 ], [ 2000015.260837, 6685981.76014 ], [ 1999674.82143, 6685719.58358300011605 ], [ 1999148.669564, 6685364.562974000349641 ], [ 1998553.599662, 6684934.764960999600589 ], [ 1998327.720025, 6684747.739028999581933 ], [ 1997973.482081, 6684479.245499 ], [ 1997591.463739, 6684141.171925 ], [ 1997189.501928, 6683872.311332000419497 ], [ 1996896.267645, 6683592.211801 ], [ 1996616.704772, 6683368.579008 ], [ 1996419.969, 6683225.988454 ], [ 1996297.093456, 6683167.077034000307322 ], [ 1996186.836233, 6683139.578673999756575 ], [ 1995922.906929, 6683136.473868999630213 ], [ 1995573.060767, 6683145.917876999825239 ], [ 1995109.588903999887407, 6683157.613920000381768 ], [ 1994697.997088, 6683158.094625 ], [ 1993832.533124, 6683183.479713000357151 ], [ 1993279.947466, 6683203.538599000312388 ], [ 1993178.511871, 6683207.216780999675393 ], [ 1992856.002357, 6683217.749074 ], [ 1992419.953277, 6683232.754037000238895 ], [ 1991666.010021, 6683260.329624 ], [ 1991721.835828, 6684158.829881000332534 ], [ 1991777.489905, 6684706.236143000423908 ], [ 1991903.2679, 6684781.075313 ], [ 1992048.108635, 6684877.965912999585271 ], [ 1992180.488794999895617, 6685005.000267 ], [ 1992236.919223, 6684993.644666000269353 ], [ 1992356.562352, 6684970.647448999807239 ], [ 1992873.572327, 6684929.622600000351667 ], [ 1993078.458595, 6684924.881547000259161 ], [ 1993388.487037, 6684917.697449999861419 ] ] ] } },
{ "type": "Feature", "properties": { "gml_id": "FossilFuelResource.progn.pow76480", "identifier": "http://inspire.pgi.gov.pl/so/mr/Midas.paliwaKopalne/FossilFuelResource.progn.pow76480", "beginLifespanVersion": null, "localId": "FossilFuelResource.progn.pow76480", "namespace": "http://inspire.pgi.gov.pl/so/mr/Midas.paliwaKopalne", "scalar": -163.0, "scalar_uom": "m", "dateOfDiscovery": null, "calorificValue": null, "quantity": null, "verticalExtent": null }, "geometry": { "type": "Polygon", "coordinates": [ [ [ 1673452.039518, 6848794.792255000211298 ], [ 1673643.459323, 6848997.367410000413656 ], [ 1673798.768336, 6849167.394883999601007 ], [ 1673871.002232, 6849250.588747999630868 ], [ 1673990.241293, 6849438.734283999539912 ], [ 1674034.65027100010775, 6849528.353237999603152 ], [ 1674079.060211, 6849617.972969000227749 ], [ 1674221.544579, 6849905.500253999605775 ], [ 1674295.843241, 6850101.115357000380754 ], [ 1674387.864143, 6850343.382826000452042 ], [ 1674489.074125, 6850527.926559999585152 ], [ 1674561.327262, 6850611.128158000297844 ], [ 1674673.305005, 6850679.835001000203192 ], [ 1674703.097018, 6850688.867510000243783 ], [ 1674732.889272, 6850697.899764999747276 ], [ 1674792.473810999887064, 6850715.964300000108778 ], [ 1674850.246116, 6850717.743324000388384 ], [ 1674908.018461, 6850719.521933999843895 ], [ 1674962.452524, 6850712.557103999890387 ], [ 1675135.479919, 6850690.415970000438392 ], [ 1675200.020821, 6850675.612684999592602 ], [ 1675341.250923, 6850643.217861000448465 ], [ 1675361.099148999899626, 6850629.628371000289917 ], [ 1675380.947463, 6850616.039025000296533 ], [ 1675420.643731, 6850588.860237999819219 ], [ 1675440.481157, 6850559.888373999856412 ], [ 1675460.318277, 6850530.916550000198185 ], [ 1675492.778276, 6850465.734702999703586 ], [ 1675499.967922, 6850415.058000000193715 ], [ 1675470.915343, 6850293.683218000456691 ], [ 1675460.120962, 6850248.586810999549925 ], [ 1675415.427611, 6850163.596493000164628 ], [ 1675315.513933, 6849973.593728999607265 ], [ 1675271.044727, 6849900.63726899959147 ], [ 1675185.406795, 6849760.137147 ], [ 1675074.789848, 6849618.938071000389755 ], [ 1675057.833024, 6849597.292986 ], [ 1675040.876453999895602, 6849575.647935999557376 ], [ 1674745.644104, 6849206.971466000191867 ], [ 1674719.331436, 6849174.111703 ], [ 1674506.90753, 6848975.864706999622285 ], [ 1674347.29902, 6848826.901685999706388 ], [ 1673971.868196000112221, 6848816.2497049998492 ], [ 1673787.755181000102311, 6848791.020402000285685 ], [ 1673545.891121, 6848776.652452999725938 ], [ 1673498.965372999897227, 6848785.722405999898911 ], [ 1673475.502372, 6848790.257441 ], [ 1673463.771034, 6848792.524779000319541 ], [ 1673452.039518, 6848794.792255000211298 ] ] ] } },
{ "type": "Feature", "properties": { "gml_id": "FossilFuelResource.per.pow76675", "identifier": "http://inspire.pgi.gov.pl/so/mr/Midas.paliwaKopalne/FossilFuelResource.per.pow76675", "beginLifespanVersion": null, "localId": "FossilFuelResource.per.pow76675", "namespace": "http://inspire.pgi.gov.pl/so/mr/Midas.paliwaKopalne", "scalar": -9999.0, "scalar_uom": "m", "dateOfDiscovery": null, "calorificValue": null, "quantity": null, "verticalExtent": null }, "geometry": { "type": "Polygon", "coordinates": [ [ [ 1676176.067021, 6784159.897827999666333 ], [ 1676227.15979, 6784259.520263000391424 ], [ 1676278.253622000105679, 6784359.143625999800861 ], [ 1676464.24021, 6784650.125733999535441 ], [ 1676605.648796, 6784811.319624999538064 ], [ 1676747.062809, 6784972.51456500031054 ], [ 1677045.548089, 6785234.551381999626756 ], [ 1677302.157116, 6785454.660574000328779 ], [ 1677569.251111, 6785677.385638000443578 ], [ 1677765.685185, 6785868.690925000235438 ], [ 1678064.313416, 6786206.80205100029707 ], [ 1678331.631947, 6786600.059303999878466 ], [ 1678622.519071, 6786990.656686999835074 ], [ 1678845.422743, 6787402.33328100014478 ], [ 1679049.921193, 6787719.580418 ], [ 1679222.951127, 6787976.526472999714315 ], [ 1679398.521183, 6788154.759433000348508 ], [ 1679584.55125, 6788330.351169000379741 ], [ 1679817.747765, 6788526.865822000429034 ], [ 1680090.176791, 6788699.73365299962461 ], [ 1680294.482022, 6788804.431091000325978 ], [ 1680441.141234, 6788863.28390400018543 ], [ 1680587.802639999892563, 6788922.134708000347018 ], [ 1680883.626782, 6788958.474739000201225 ], [ 1681111.410711, 6788987.028947999700904 ], [ 1681339.172513, 6789010.318852 ], [ 1681535.479453, 6789007.423696000128984 ], [ 1681716.05931, 6788975.661026 ], [ 1681859.955854, 6788930.837004999630153 ], [ 1682118.897564, 6788796.616204 ], [ 1682372.598578, 6788670.251493000425398 ], [ 1682592.207552, 6788504.584060000255704 ], [ 1682853.61555, 6788299.496868999674916 ], [ 1683078.435644, 6788125.945485999807715 ], [ 1683261.330315, 6787934.077459 ], [ 1683410.177099, 6787739.671085 ], [ 1683606.005151000106707, 6787463.833967999555171 ], [ 1683705.187790000112727, 6787308.846485000103712 ], [ 1683832.95222399989143, 6787035.763512000441551 ], [ 1683926.638596, 6786731.257305 ], [ 1683983.703572, 6786447.818091999739408 ], [ 1684058.964175, 6786088.273453 ], [ 1684121.280895, 6785815.341729000210762 ], [ 1684175.570225, 6785442.754528 ], [ 1684268.781766, 6784889.114566000178456 ], [ 1684272.478684, 6784761.896365 ], [ 1684276.17526, 6784634.68013499956578 ], [ 1684309.366604, 6784178.2525669997558 ], [ 1684316.439647, 6783745.493696000427008 ], [ 1684346.720715, 6783121.279705000109971 ], [ 1684385.448051, 6782835.368809999898076 ], [ 1684403.328704, 6782596.708251000382006 ], [ 1684455.195194, 6782352.75569 ], [ 1684527.962515, 6782095.654752000235021 ], [ 1684619.142033, 6781898.826729999855161 ], [ 1684762.45826, 6781615.391266999766231 ], [ 1685075.205136, 6781038.003557000309229 ], [ 1685218.624471, 6780825.370055999606848 ], [ 1685437.696325, 6780520.837743000127375 ], [ 1685594.137314, 6780287.225478 ], [ 1685721.989884, 6780148.033586 ], [ 1685873.441718, 6780040.24320700019598 ], [ 1685983.126499, 6779973.181822 ], [ 1686092.809335999889299, 6779906.11943 ], [ 1686199.805008, 6779806.293455 ], [ 1686364.137211, 6779614.604209999553859 ], [ 1686554.48536, 6779365.190840000286698 ], [ 1686729.101972, 6779097.465486999601126 ], [ 1686966.276924999896437, 6778748.363113 ], [ 1687224.153526, 6778315.353295000270009 ], [ 1687429.936483, 6777971.589007999747992 ], [ 1687536.633131, 6777753.823486999608576 ], [ 1687583.331605, 6777591.243907 ], [ 1687611.78283, 6777452.286047000437975 ], [ 1687608.791422, 6777281.962274 ], [ 1687552.785881000105292, 6776771.099403999745846 ], [ 1687510.455153, 6776532.740749999880791 ], [ 1687465.662289000116289, 6776365.136160999536514 ], [ 1687381.766639, 6776244.785824 ], [ 1687303.138679, 6776145.391123999841511 ], [ 1687154.009967, 6776064.48936 ], [ 1686725.055863, 6775902.954390999861062 ], [ 1686194.260804, 6775757.322611000388861 ], [ 1685859.589949, 6775679.383046000264585 ], [ 1685443.962647, 6775617.318869000300765 ], [ 1685004.871823, 6775586.708808000199497 ], [ 1684607.684951, 6775608.40992399957031 ], [ 1684362.094704, 6775640.302620000205934 ], [ 1684069.433258, 6775656.539381000213325 ], [ 1683891.739149, 6775662.091830999590456 ], [ 1683714.044755, 6775667.64051999989897 ], [ 1683248.909156, 6775686.766963000409305 ], [ 1682802.110696, 6775734.660009000450373 ], [ 1682467.685314999893308, 6775792.820098999887705 ], [ 1682083.634344, 6775866.77417999971658 ], [ 1681767.485191, 6775909.178626 ], [ 1681477.434379, 6775930.567719000391662 ], [ 1681226.604542, 6775975.4654630003497 ], [ 1680965.368066, 6776046.569096 ], [ 1680753.787441999884322, 6776128.080893999896944 ], [ 1680659.768386, 6776180.60659 ], [ 1680497.865238, 6776277.779042 ], [ 1680359.483177, 6776382.76105900015682 ], [ 1680231.574417, 6776503.461923999711871 ], [ 1679910.473534000106156, 6776802.597707999870181 ], [ 1679807.357758, 6776900.98656199965626 ], [ 1679704.239655, 6776999.37505 ], [ 1679539.771949, 6777164.664990000426769 ], [ 1679171.627553999889642, 6777516.259561999700963 ], [ 1678816.53991, 6777878.307167000137269 ], [ 1678537.131802000105381, 6778159.046287000179291 ], [ 1678343.932698, 6778379.404903000220656 ], [ 1678127.217862, 6778646.968824 ], [ 1677918.345447999890894, 6778914.511769000440836 ], [ 1677806.1007999998983, 6779086.308725000359118 ], [ 1677693.851159, 6779258.107734999619424 ], [ 1677448.392124, 6779575.505227000452578 ], [ 1677320.503765, 6779819.417035999707878 ], [ 1677148.21879, 6780128.896715000271797 ], [ 1676884.506213, 6780577.411042000167072 ], [ 1676691.364655, 6780986.567117 ], [ 1676477.321905, 6781469.15269 ], [ 1676325.932647, 6781823.231572000309825 ], [ 1676216.317896000109613, 6782111.751412999816239 ], [ 1676140.659118, 6782358.289354999549687 ], [ 1676091.167233, 6782628.42312700022012 ], [ 1676062.567448, 6782853.955903000198305 ], [ 1676045.706159, 6783033.60183500032872 ], [ 1676028.843992, 6783213.251666000112891 ], [ 1676021.183616, 6783454.531004999764264 ], [ 1676034.400166, 6783624.97974899969995 ], [ 1676079.06797, 6783884.589316999539733 ], [ 1676127.566783, 6784022.242614000104368 ], [ 1676151.816781, 6784091.070045 ], [ 1676176.067021, 6784159.897827999666333 ] ] ] } },
{ "type": "Feature", "properties": { "gml_id": "FossilFuelResource.per.pow76678", "identifier": "http://inspire.pgi.gov.pl/so/mr/Midas.paliwaKopalne/FossilFuelResource.per.pow76678", "beginLifespanVersion": null, "localId": "FossilFuelResource.per.pow76678", "namespace": "http://inspire.pgi.gov.pl/so/mr/Midas.paliwaKopalne", "scalar": -192.4, "scalar_uom": "m", "dateOfDiscovery": null, "calorificValue": null, "quantity": null, "verticalExtent": null }, "geometry": { "type": "Polygon", "coordinates": [ [ [ 1671727.806568, 6759823.113660000264645 ], [ 1672076.211461, 6760036.214427 ], [ 1672384.126334, 6760277.747600000351667 ], [ 1672848.058818, 6760665.427841000258923 ], [ 1673190.448497, 6760880.542569999583066 ], [ 1673674.715786, 6761270.233229000121355 ], [ 1674041.48658, 6761560.458665000274777 ], [ 1674454.940613, 6761966.410891000181437 ], [ 1674797.479939, 6762266.782447 ], [ 1675308.237608, 6762656.425249 ], [ 1675569.766435000114143, 6762920.285495 ], [ 1675997.528823, 6763299.81515400018543 ], [ 1676439.570703, 6763728.072195 ], [ 1676960.718609, 6764215.181385000236332 ], [ 1677477.851272, 6764673.845657999627292 ], [ 1677964.621852, 6765102.048914999701083 ], [ 1678715.106521, 6765722.991049 ], [ 1679177.659057, 6766132.916481000371277 ], [ 1679587.48429899988696, 6766483.975964000448585 ], [ 1679832.994393, 6766701.102420000359416 ], [ 1680794.825081000104547, 6767498.532131000421941 ], [ 1681115.465362, 6767748.061649999581277 ], [ 1681470.657090000109747, 6768052.42463899962604 ], [ 1681578.195347, 6768117.30662 ], [ 1681833.92918, 6768322.211919000372291 ], [ 1682154.657842, 6768598.159660999663174 ], [ 1682438.806586, 6768803.014592000283301 ], [ 1682627.620108, 6768965.327735999599099 ], [ 1682812.414594, 6769154.082006 ], [ 1683003.27218, 6769322.493322 ], [ 1683408.928798, 6769709.072094 ], [ 1683679.517048999899998, 6769979.326565000228584 ], [ 1683842.952828, 6770106.997727000154555 ], [ 1684235.137686, 6770365.506977999582887 ], [ 1684608.923011, 6770545.510216999799013 ], [ 1685029.654558, 6770680.884583 ], [ 1685241.289009, 6770724.994869000278413 ], [ 1685382.332443, 6770735.200705000199378 ], [ 1685554.68316, 6770724.391138000413775 ], [ 1685771.400272999890149, 6770689.931381000205874 ], [ 1685980.219582, 6770631.906828000210226 ], [ 1686322.000602, 6770463.635110000148416 ], [ 1686755.139675, 6770271.60379 ], [ 1687089.096383, 6770121.667375000193715 ], [ 1687349.951921, 6769979.43968699965626 ], [ 1687691.846606, 6769711.927679000422359 ], [ 1688088.533116, 6769383.755203999578953 ], [ 1688438.699902, 6769118.689298000186682 ], [ 1688812.972348, 6768766.16134599968791 ], [ 1689079.983392, 6768513.487834 ], [ 1689148.595527, 6768381.203498999588192 ], [ 1689231.214342, 6768165.557388000190258 ], [ 1689289.064065, 6767775.198045999743044 ], [ 1689336.179774, 6767138.968601999804378 ], [ 1689324.883361000102013, 6766649.24539600033313 ], [ 1689287.271873, 6766183.986085000447929 ], [ 1689268.075004, 6765783.744071000255644 ], [ 1689232.496474, 6765308.383345000445843 ], [ 1689247.608319000108168, 6764851.195756999775767 ], [ 1689244.537975, 6764410.353892000392079 ], [ 1689246.25438, 6764284.394852000288665 ], [ 1689262.21492, 6764176.685696999542415 ], [ 1689336.817754, 6764022.112850000150502 ], [ 1689560.873757, 6763674.191342 ], [ 1689803.334575, 6763397.331752999685705 ], [ 1690041.784467, 6763142.840575999580324 ], [ 1690465.997844000114128, 6762648.181648000143468 ], [ 1691037.993628, 6762136.904744000174105 ], [ 1691395.555107, 6761760.24348200019449 ], [ 1691646.05459599988535, 6761505.707647999748588 ], [ 1691987.486709, 6761179.859306000173092 ], [ 1692193.363363, 6760913.268745999783278 ], [ 1692278.122575, 6760799.310572000220418 ], [ 1692368.966954, 6760693.470502999611199 ], [ 1692382.948282, 6760622.356145 ], [ 1692348.166803, 6760492.49740600027144 ], [ 1692112.529772, 6760241.362445999868214 ], [ 1691956.227169, 6760113.863230999559164 ], [ 1691736.795042, 6759852.52978300023824 ], [ 1691361.193098, 6759494.161275000311434 ], [ 1691089.125154, 6759226.874176999554038 ], [ 1690942.854187, 6759048.607361 ], [ 1690536.83372, 6758647.680290999822319 ], [ 1690228.310981, 6758354.100177999585867 ], [ 1689769.609481000108644, 6757904.575546000152826 ], [ 1689341.337954000104219, 6757469.202034999616444 ], [ 1688880.632504, 6756989.242571 ], [ 1688633.148205, 6756774.673155000433326 ], [ 1688377.537319000111893, 6756539.818687000311911 ], [ 1688239.586419, 6756414.300045999698341 ], [ 1688012.489107, 6756246.359383 ], [ 1687688.087791, 6756009.632249999791384 ], [ 1687148.723085, 6755584.621759999543428 ], [ 1686704.727050000103191, 6755236.51983099989593 ], [ 1686636.123487999895588, 6755346.252289 ], [ 1686531.507344, 6755652.894519999623299 ], [ 1686441.054168999893591, 6755967.647471999749541 ], [ 1686284.024216, 6756392.134774000383914 ], [ 1686159.319246, 6756792.216161999851465 ], [ 1686036.589077, 6757169.987363999709487 ], [ 1685936.223563, 6757602.548015000298619 ], [ 1685811.622715, 6758073.735578999854624 ], [ 1685755.594874, 6758414.891264 ], [ 1685663.35388, 6758877.94306300021708 ], [ 1685583.045959, 6759237.449574000202119 ], [ 1685512.882834, 6759609.127088 ], [ 1685416.581777000101283, 6760080.369261999614537 ], [ 1685340.230556, 6760395.253088999539614 ], [ 1685247.885804, 6760827.94400000013411 ], [ 1685129.196396, 6761264.782297000288963 ], [ 1685076.924355, 6761467.952571 ], [ 1685010.707604000112042, 6761807.241963 ], [ 1684966.925136, 6762223.673372000455856 ], [ 1684925.041776, 6762579.188125999644399 ], [ 1684887.272332, 6762971.269186000339687 ], [ 1684879.793268, 6763306.43361600022763 ], [ 1684880.477975, 6763676.136122999712825 ], [ 1684875.214527, 6764118.994029999710619 ], [ 1684858.437402, 6764907.274120000191033 ], [ 1684808.740811999887228, 6765429.536754 ], [ 1684785.237299, 6765874.56219 ], [ 1684733.090086, 6766175.377569999545813 ], [ 1684674.773062, 6766423.392819000408053 ], [ 1684636.588781000114977, 6766604.329047 ], [ 1684531.657185, 6766858.526708000339568 ], [ 1684373.841187, 6767017.321254 ], [ 1684183.576872, 6767170.087957000359893 ], [ 1683968.899331, 6767278.176655 ], [ 1683741.939247, 6767325.312773000448942 ], [ 1683600.058045, 6767327.578915 ], [ 1683257.488181999884546, 6767334.257198000326753 ], [ 1682777.013241, 6767296.423823 ], [ 1682464.763316000113264, 6767242.05108099989593 ], [ 1681984.157734999898821, 6767110.688323999755085 ], [ 1681799.596640999894589, 6767035.770336999557912 ], [ 1681606.851562000112608, 6766914.120610999874771 ], [ 1681424.148027, 6766721.341420999728143 ], [ 1681286.015883000101894, 6766502.072088000364602 ], [ 1681121.391066, 6766181.230918999761343 ], [ 1681013.677587, 6765968.029672999866307 ], [ 1680960.590965, 6765685.660764999687672 ], [ 1680923.808854, 6765462.211222999729216 ], [ 1680909.034284, 6765031.494842000305653 ], [ 1680906.396305, 6764576.417754 ], [ 1680915.666258, 6763954.759257 ], [ 1680918.623425000114366, 6763142.219952000305057 ], [ 1680922.124233, 6762740.03785 ], [ 1680901.532829, 6762500.390084999613464 ], [ 1680862.568427, 6762155.168208000250161 ], [ 1680746.287008, 6761548.080903000198305 ], [ 1680668.925559000112116, 6761251.679345999844372 ], [ 1680559.079891, 6760904.581909 ], [ 1680491.919705, 6760665.048472999595106 ], [ 1680408.500494, 6760372.759509 ], [ 1680302.624465999891981, 6759934.294795 ], [ 1680219.045479, 6759505.994350999593735 ], [ 1680080.921622, 6759183.351198 ], [ 1680023.899575, 6758929.655642 ], [ 1679961.782794999890029, 6758635.36003 ], [ 1679958.028784, 6758068.975290999747813 ], [ 1679953.376998, 6757583.831249999813735 ], [ 1679898.195477, 6757163.729713000357151 ], [ 1679863.025205, 6756558.919137000106275 ], [ 1679815.873349, 6756077.973946999758482 ], [ 1679803.363007, 6755775.604874 ], [ 1679810.966926, 6755377.836747 ], [ 1679801.886206999886781, 6754572.256203999742866 ], [ 1679791.311255, 6754202.976557999849319 ], [ 1679772.552391, 6753756.632383000105619 ], [ 1679775.912434, 6753196.667738 ], [ 1679757.454180999891832, 6752993.80789600033313 ], [ 1679738.640686, 6752498.835986999794841 ], [ 1679720.009672, 6752151.986068 ], [ 1679683.263881, 6751880.210171000100672 ], [ 1679632.384614, 6751630.769038000144064 ], [ 1679605.729233, 6751344.815316 ], [ 1679575.072063, 6751079.148104 ], [ 1679504.024095, 6750878.438544999808073 ], [ 1679467.351329, 6750657.405262 ], [ 1679460.972512, 6750399.839018000289798 ], [ 1679456.597503, 6750119.973915999755263 ], [ 1679427.951595, 6749844.201062000356615 ], [ 1679399.13099, 6749418.389397 ], [ 1679350.039521999889985, 6748941.916735 ], [ 1679326.46124, 6748668.203684999607503 ], [ 1679302.884402000112459, 6748394.499792000278831 ], [ 1679261.833375, 6747883.6195 ], [ 1679214.723184, 6747364.656831 ], [ 1679181.649824, 6746738.268806000240147 ], [ 1679164.982171, 6746302.465625000186265 ], [ 1679158.16771, 6745653.836028000339866 ], [ 1679175.797451, 6745163.315692 ], [ 1679187.44227, 6744747.819972 ], [ 1679174.77037, 6744269.55803 ], [ 1679160.222727, 6743923.034350999630988 ], [ 1679177.732205, 6743331.304796 ], [ 1679169.175108, 6742915.9252739995718 ], [ 1679168.632942, 6742443.823483999818563 ], [ 1679174.050997, 6741878.562868 ], [ 1679167.365217, 6741339.669299 ], [ 1679171.001834, 6740989.21516599971801 ], [ 1679216.971042, 6740553.629141 ], [ 1679234.787847, 6740237.616933000274003 ], [ 1679242.618503999896348, 6740010.73637199960649 ], [ 1679238.588228, 6739405.684453999623656 ], [ 1679219.634916, 6738805.226575000211596 ], [ 1679193.120313, 6737977.828975000418723 ], [ 1679152.132941, 6737260.362911 ], [ 1679143.624024, 6736206.172736000269651 ], [ 1679095.236906, 6735390.041297 ], [ 1679065.32495, 6734764.273792999796569 ], [ 1678641.388152, 6734278.041195999830961 ], [ 1677048.554367, 6732585.515672000125051 ], [ 1675675.440081, 6731123.325532999821007 ], [ 1674569.072706, 6729921.156707 ], [ 1673763.936027, 6729048.741634 ], [ 1673441.505467, 6728692.475503999739885 ], [ 1672667.985716, 6727910.26884900033474 ], [ 1671996.746209, 6727175.548266000114381 ], [ 1671088.572233, 6726221.539136 ], [ 1669591.132630999898538, 6724605.966267 ], [ 1669366.044592, 6724389.226268 ], [ 1668976.757644, 6724009.604596000164747 ], [ 1668441.094766, 6723458.087905 ], [ 1667291.472602, 6722218.957792 ], [ 1666706.068708, 6721620.884501 ], [ 1665788.31092599988915, 6721842.451240999624133 ], [ 1664791.890809, 6722135.466625000350177 ], [ 1663523.948797000106424, 6722506.925452000461519 ], [ 1662320.161799999885261, 6722896.163177000358701 ], [ 1661830.762718, 6723040.713007000274956 ], [ 1661341.347214, 6723185.235225999727845 ], [ 1660026.567049, 6723624.180547 ], [ 1659412.051253, 6723795.307058 ], [ 1658218.625142, 6724158.943544999696314 ], [ 1657100.126207000110298, 6724508.224769 ], [ 1656460.380427000112832, 6724729.229372000321746 ], [ 1655898.498176, 6725369.360692 ], [ 1655547.691082, 6725780.64467899966985 ], [ 1654810.253343, 6726599.587899000383914 ], [ 1654402.102435, 6727053.763810000382364 ], [ 1653757.524432, 6727779.750365000218153 ], [ 1653349.270361, 6728226.770686999894679 ], [ 1654023.320832000114024, 6728919.638111 ], [ 1655382.481316, 6730316.114505999721587 ], [ 1655996.268208000110462, 6730915.687419 ], [ 1657506.215636, 6732344.683449000120163 ], [ 1658184.580294, 6733012.448400000110269 ], [ 1659348.84926, 6734096.740651000291109 ], [ 1660149.045023000100628, 6734811.261594000272453 ], [ 1660041.631971, 6734922.287364000454545 ], [ 1659375.710788, 6735470.09470499958843 ], [ 1658895.826792, 6735910.562595999799669 ], [ 1657835.717956, 6736827.182389999739826 ], [ 1657137.208841, 6737428.681555000133812 ], [ 1657326.491711, 6737647.77637100033462 ], [ 1658221.196637, 6738707.32818999979645 ], [ 1659310.432756, 6740010.18432 ], [ 1659407.66153, 6740154.966671999543905 ], [ 1659504.893545000115409, 6740299.750691999681294 ], [ 1659729.855196, 6740593.103402 ], [ 1660107.034746, 6740917.167368999682367 ], [ 1660484.188473, 6741290.079133000224829 ], [ 1660903.995556, 6741687.448707999661565 ], [ 1661360.344095, 6742115.397878999821842 ], [ 1661822.786604, 6742598.309561000205576 ], [ 1662303.422916, 6743221.715556000359356 ], [ 1662674.635101, 6743649.591598000377417 ], [ 1663033.6200920001138, 6744193.520073000341654 ], [ 1663325.629081000108272, 6744743.516768 ], [ 1663514.051241, 6745324.015871999785304 ], [ 1663726.560568, 6746350.573843000456691 ], [ 1663781.118903, 6746735.552203999832273 ], [ 1663774.48453, 6747474.912639999762177 ], [ 1663639.598522, 6748513.700275000184774 ], [ 1663486.836222, 6748984.177807999774814 ], [ 1663315.705623, 6749540.242773000150919 ], [ 1663101.862823, 6750114.638085000216961 ], [ 1662857.534242, 6750640.13321700040251 ], [ 1662393.388562999898568, 6751458.91559199988842 ], [ 1662142.963872000109404, 6751898.882611 ], [ 1661929.120061000110582, 6752308.335221 ], [ 1661764.27689, 6752503.833327 ], [ 1661550.66469, 6752650.36245600041002 ], [ 1661270.02038099989295, 6752754.020274999551475 ], [ 1660824.716226000105962, 6752820.79736000020057 ], [ 1660281.900944999884814, 6752826.300537000410259 ], [ 1659806.224298000102863, 6752801.266510999761522 ], [ 1659391.575236999895424, 6752739.59229 ], [ 1658775.928285, 6752481.961912999860942 ], [ 1657983.580992, 6752150.676501999609172 ], [ 1657514.32794, 6751935.990690000355244 ], [ 1657203.609058, 6751745.973051999695599 ], [ 1656935.431365, 6751653.844162000343204 ], [ 1656332.329144, 6751292.150585000403225 ], [ 1655643.956393, 6750893.613110000267625 ], [ 1655107.824801, 6750648.127782999537885 ], [ 1654729.93032, 6750574.070845999754965 ], [ 1654412.783695, 6750616.260982000268996 ], [ 1654168.74137, 6750701.383855000138283 ], [ 1653997.634364, 6750890.567832999862731 ], [ 1653856.938522, 6751128.707740999758244 ], [ 1653795.416269, 6751403.693729000166059 ], [ 1653800.881606, 6751721.62965300027281 ], [ 1653849.011420999886468, 6752057.981770999729633 ], [ 1653933.703847, 6752412.787956000305712 ], [ 1654164.25543, 6753036.930475000292063 ], [ 1654898.88344, 6754866.858400999568403 ], [ 1654977.680054999887943, 6755154.486106 ], [ 1655117.36458700010553, 6755497.26405099965632 ], [ 1655263.12096, 6755876.769670999608934 ], [ 1655542.759439, 6756452.281577999703586 ], [ 1655809.743494, 6757321.471961 ], [ 1655912.814331, 6757713.21420899964869 ], [ 1656101.208515, 6758184.660005000419915 ], [ 1656186.241072, 6758423.447706 ], [ 1656314.205923999892548, 6758546.034319000318646 ], [ 1656497.280946, 6758558.576391000300646 ], [ 1656643.859173, 6758503.7488550003618 ], [ 1656747.741126, 6758424.372812000103295 ], [ 1656924.905712, 6758308.397217 ], [ 1657114.431395, 6758100.659424999728799 ], [ 1657285.620406, 6757899.004917000420392 ], [ 1657438.350906, 6757795.225441000424325 ], [ 1657706.9478, 6757734.458607000298798 ], [ 1658115.73466, 6757802.358926 ], [ 1658414.567761, 6757943.513089999556541 ], [ 1658554.723234, 6758096.661832000128925 ], [ 1658591.174777, 6758219.096002000384033 ], [ 1658594.032797, 6758356.77165099978447 ], [ 1658596.890842, 6758494.449461 ], [ 1658437.562036, 6758959.285171999596059 ], [ 1658259.954403, 6759381.269213000312448 ], [ 1658112.886194, 6759784.962259000167251 ], [ 1658063.536844, 6760139.865392000414431 ], [ 1658118.138928999891505, 6760372.500705 ], [ 1658325.323920999886468, 6760635.989342999644578 ], [ 1658617.889837, 6760979.151952999643981 ], [ 1658831.105163, 6761316.097565 ], [ 1658879.61438, 6761567.126143 ], [ 1658848.746383, 6761824.185003999620676 ], [ 1658744.458425, 6762185.220402999781072 ], [ 1658628.183476, 6762374.826655999757349 ], [ 1658456.796937, 6762674.56386199966073 ], [ 1658334.23788, 6762974.377795999869704 ], [ 1658333.952949, 6763176.423736000433564 ], [ 1658358.097354, 6763378.493123999796808 ], [ 1658425.004348, 6763568.397359999828041 ], [ 1658626.155918, 6763850.334925999864936 ], [ 1658943.371735, 6764114.054885 ], [ 1659309.568019999889657, 6764316.596487999893725 ], [ 1659498.714684, 6764457.679914999753237 ], [ 1659859.55525, 6764708.80248 ], [ 1659968.668153, 6764667.127274 ], [ 1660119.45793, 6764644.803000999614596 ], [ 1660328.018906, 6764596.818319000303745 ], [ 1660539.780092, 6764542.392698000185192 ], [ 1660658.476475, 6764526.445305 ], [ 1660757.89686, 6764545.843131000176072 ], [ 1660857.253896, 6764623.146688999608159 ], [ 1660924.459876, 6764764.713413000106812 ], [ 1660962.74003, 6764957.720183 ], [ 1660947.69227, 6765111.871678999625146 ], [ 1661104.263041999889538, 6765182.169002999551594 ], [ 1661507.210570999886841, 6765372.427736000157893 ], [ 1661794.235352, 6765440.079618999734521 ], [ 1661922.543558999896049, 6765409.590682 ], [ 1662087.585185, 6765293.39126200042665 ], [ 1662185.464408, 6765128.131689 ], [ 1662295.646223, 6764883.294964999891818 ], [ 1662552.721321, 6764265.047752000391483 ], [ 1662760.801674, 6763775.394647000357509 ], [ 1662846.444721, 6763616.262442000210285 ], [ 1662938.121896000113338, 6763530.631732 ], [ 1663011.50342, 6763420.476676000282168 ], [ 1663103.262229, 6763230.763117000460625 ], [ 1663158.344424, 6763077.743696000427008 ], [ 1663311.141328, 6762918.691085999831557 ], [ 1663573.975803, 6762582.178151999600232 ], [ 1663690.18925, 6762325.14248 ], [ 1663690.350363, 6762110.889189999550581 ], [ 1663641.712633, 6761829.254944000393152 ], [ 1663507.563594, 6761608.78133700042963 ], [ 1663354.994185, 6761516.843333000317216 ], [ 1663141.350536, 6761467.696895999833941 ], [ 1662726.133257, 6761522.431183 ], [ 1662433.030676, 6761558.899822000414133 ], [ 1662170.498028999892995, 6761558.656395999714732 ], [ 1661969.026781, 6761540.106665999628603 ], [ 1661834.765834, 6761484.888400999829173 ], [ 1661755.499862000113353, 6761380.750269999727607 ], [ 1661773.96653, 6761221.608802 ], [ 1661816.836662, 6761080.882865999825299 ], [ 1662030.876232, 6760713.833749 ], [ 1662251.10124, 6760230.530659000389278 ], [ 1662202.518804, 6759955.081199999898672 ], [ 1662086.797575, 6759679.576867000199854 ], [ 1661806.332915, 6759361.070297 ], [ 1661379.531505, 6758907.79611499980092 ], [ 1660647.880147, 6758215.556428999640048 ], [ 1660416.402366, 6757835.940588999539614 ], [ 1660337.560416, 6757413.693087999708951 ], [ 1660398.949604, 6757101.744893000461161 ], [ 1660649.484356, 6756790.024478999897838 ], [ 1660997.58803, 6756521.232188999652863 ], [ 1661473.70846000011079, 6756344.325358999893069 ], [ 1661870.451431, 6756191.803992000408471 ], [ 1662267.269192, 6755959.729667999781668 ], [ 1662932.864151, 6755299.703200999647379 ], [ 1663476.199464, 6754835.29636299982667 ], [ 1663726.395821, 6754725.404546 ], [ 1663945.983810999896377, 6754762.249962000176311 ], [ 1664104.522019, 6754860.230064 ], [ 1664311.797839999897406, 6755068.328168 ], [ 1664604.392518, 6755447.743885000236332 ], [ 1664842.102568, 6755808.789024 ], [ 1665098.14747, 6756169.85372 ], [ 1665531.142092, 6756586.07547300029546 ], [ 1666116.717937, 6757008.476486000232399 ], [ 1666854.925239, 6757412.56621600035578 ], [ 1667709.154332, 6757830.413152 ], [ 1668340.713447, 6758160.949168999679387 ], [ 1669030.312217, 6758497.582595 ], [ 1669590.215248999884352, 6758754.621283000335097 ], [ 1669671.443885, 6758787.363523 ], [ 1669937.534179, 6758932.021599999628961 ], [ 1670411.390992, 6759177.667403000406921 ], [ 1671727.806568, 6759823.113660000264645 ] ] ] } },
{ "type": "Feature", "properties": { "gml_id": "FossilFuelResource.progn.pow20360", "identifier": "http://inspire.pgi.gov.pl/so/mr/Midas.paliwaKopalne/FossilFuelResource.progn.pow20360", "beginLifespanVersion": null, "localId": "FossilFuelResource.progn.pow20360", "namespace": "http://inspire.pgi.gov.pl/so/mr/Midas.paliwaKopalne", "scalar": -1000.0, "scalar_uom": "m", "dateOfDiscovery": null, "calorificValue": null, "quantity": null, "verticalExtent": null }, "geometry": { "type": "Polygon", "coordinates": [ [ [ 2085758.905066, 6440483.99450199957937 ], [ 2085769.402373, 6439309.107106000185013 ], [ 2085770.914854, 6438980.373053999617696 ], [ 2085778.73873, 6437278.708798999898136 ], [ 2085727.478328, 6437278.377275999635458 ], [ 2084673.775609999895096, 6437271.494821 ], [ 2084116.067399, 6437267.797930999659002 ], [ 2082606.760721, 6437194.442129 ], [ 2082335.401, 6437270.488091999664903 ], [ 2080656.447665000101551, 6437260.405523000285029 ], [ 2079297.409403, 6437251.980402999557555 ], [ 2077703.489741000114009, 6437259.485694999806583 ], [ 2076936.742993, 6437209.418927 ], [ 2076704.558073, 6438587.694846999831498 ], [ 2076222.778835, 6441309.23501 ], [ 2075843.247318, 6443482.622672 ], [ 2077495.93647599988617, 6443294.937660000286996 ], [ 2077518.768724, 6445728.552396999672055 ], [ 2077616.268299000104889, 6446218.7314010001719 ], [ 2077617.213556, 6446257.291523000225425 ], [ 2077618.349621, 6445781.241937000304461 ], [ 2082238.349003, 6444517.632252000272274 ], [ 2083178.493733, 6444260.156042999587953 ], [ 2085466.087185, 6443184.077333999797702 ], [ 2085796.533211, 6443028.572542999871075 ], [ 2085777.885032, 6442280.609861000441015 ], [ 2085742.768134, 6442288.976874999701977 ], [ 2085758.905066, 6440483.99450199957937 ] ] ] } },
{ "type": "Feature", "properties": { "gml_id": "FossilFuelResource.per.pow82316", "identifier": "http://inspire.pgi.gov.pl/so/mr/Midas.paliwaKopalne/FossilFuelResource.per.pow82316", "beginLifespanVersion": null, "localId": "FossilFuelResource.per.pow82316", "namespace": "http://inspire.pgi.gov.pl/so/mr/Midas.paliwaKopalne", "scalar": -1000.0, "scalar_uom": "m", "dateOfDiscovery": null, "calorificValue": null, "quantity": null, "verticalExtent": null }, "geometry": { "type": "Polygon", "coordinates": [ [ [ 2101198.824994000140578, 6480358.347652000375092 ], [ 2098543.766224000137299, 6479815.815499999560416 ], [ 2092582.178463000105694, 6478594.410187999717891 ], [ 2092593.496008000103757, 6478604.857192000374198 ], [ 2093044.746882, 6480986.782820000313222 ], [ 2093647.763231, 6483759.490446000359952 ], [ 2094477.801115, 6483799.829540999606252 ], [ 2094533.662823, 6483804.410787999629974 ], [ 2094554.712822, 6483725.02673100028187 ], [ 2094544.384981, 6483724.033138000406325 ], [ 2093667.101149, 6483661.661650000140071 ], [ 2092619.32412, 6478733.450376000255346 ], [ 2101181.075807, 6480502.191498000174761 ], [ 2101198.824994000140578, 6480358.347652000375092 ] ] ] } },
{ "type": "Feature", "properties": { "gml_id": "FossilFuelResource.progn.pow76484", "identifier": "http://inspire.pgi.gov.pl/so/mr/Midas.paliwaKopalne/FossilFuelResource.progn.pow76484", "beginLifespanVersion": null, "localId": "FossilFuelResource.progn.pow76484", "namespace": "http://inspire.pgi.gov.pl/so/mr/Midas.paliwaKopalne", "scalar": -94.7, "scalar_uom": "m", "dateOfDiscovery": null, "calorificValue": null, "quantity": null, "verticalExtent": null }, "geometry": { "type": "Polygon", "coordinates": [ [ [ 2205625.206056000199169, 6768155.432244 ], [ 2205689.281171999871731, 6768444.362169999629259 ], [ 2205829.857103, 6768779.634909000247717 ], [ 2206002.05172700015828, 6769066.703582 ], [ 2206256.795284000225365, 6769320.652208999730647 ], [ 2206397.420154000166804, 6769427.296372000128031 ], [ 2206509.486515, 6769494.603768000379205 ], [ 2206621.554722, 6769561.909990999847651 ], [ 2206940.870122999884188, 6769671.97573299985379 ], [ 2207143.698183, 6769713.890688999556005 ], [ 2207346.528299000114202, 6769755.80076 ], [ 2208136.191478, 6769782.929681999608874 ], [ 2208471.48362, 6769816.254675 ], [ 2208806.778572, 6769849.565887999720871 ], [ 2209025.514793000184, 6769842.799676000140607 ], [ 2209932.298161999788135, 6769680.290284999646246 ], [ 2210241.085411999840289, 6769565.72535 ], [ 2210448.492260000202805, 6769340.209111999720335 ], [ 2210472.98557, 6769123.718338999897242 ], [ 2210399.670885, 6768993.98980600014329 ], [ 2210148.630185000132769, 6768738.346851999871433 ], [ 2209938.064259000122547, 6768590.88188000023365 ], [ 2209389.098780000116676, 6768297.672051999717951 ], [ 2209203.158818999771029, 6768119.911066999658942 ], [ 2209129.046018000226468, 6768007.785724 ], [ 2209081.2842239998281, 6767892.632434999570251 ], [ 2209048.880756999831647, 6767721.168332000263035 ], [ 2209046.717993999831378, 6767526.208801999688148 ], [ 2209044.555366000160575, 6767331.253758000209928 ], [ 2208990.268298999872059, 6767168.67900799959898 ], [ 2208945.419340999796987, 6767117.757973999716341 ], [ 2208798.451103, 6767031.852891 ], [ 2208574.643501, 6766989.633657 ], [ 2208089.082006, 6766946.699369000270963 ], [ 2207664.176119000185281, 6766941.661739000119269 ], [ 2207239.2706, 6766936.601637000218034 ], [ 2206946.382792000193149, 6766963.450740999542177 ], [ 2206507.598113, 6766942.574199000373483 ], [ 2206286.671389, 6766969.691945999860764 ], [ 2206075.681650000158697, 6767040.066954 ], [ 2205832.78428199980408, 6767317.757152000442147 ], [ 2205761.064793, 6767424.629390000365674 ], [ 2205714.997140999883413, 6767592.198799000121653 ], [ 2205655.758096000179648, 6767709.749845 ], [ 2205633.544462, 6767818.971644000150263 ], [ 2205611.330401999875903, 6767928.194844 ], [ 2205625.206056000199169, 6768155.432244 ] ] ] } },
{ "type": "Feature", "properties": { "gml_id": "FossilFuelResource.per.pow80933", "identifier": "http://inspire.pgi.gov.pl/so/mr/Midas.paliwaKopalne/FossilFuelResource.per.pow80933", "beginLifespanVersion": null, "localId": "FossilFuelResource.per.pow80933", "namespace": "http://inspire.pgi.gov.pl/so/mr/Midas.paliwaKopalne", "scalar": null, "scalar_uom": null, "dateOfDiscovery": null, "calorificValue": null, "quantity": null, "verticalExtent": null }, "geometry": { "type": "Polygon", "coordinates": [ [ [ 1892220.344945, 7107289.857296000234783 ], [ 1892219.424444, 7122890.852358000352979 ], [ 1926784.701958, 7122914.117739000357687 ], [ 1936265.929087, 7122894.026902999728918 ], [ 1936327.368388, 7122894.073340999893844 ], [ 1947879.85451, 7122894.29598500020802 ], [ 1947879.855943, 7122853.621697999536991 ], [ 1947880.052077, 7114848.765065999701619 ], [ 1947881.248197, 7091967.73919800017029 ], [ 1947881.649908, 7074577.37466000020504 ], [ 1947881.679172, 7063920.790285999886692 ], [ 1939439.862833, 7063915.929232000373304 ], [ 1905959.544761, 7063808.040598000399768 ], [ 1892220.43387, 7063722.808558000251651 ], [ 1892220.778849999886006, 7075965.249204000458121 ], [ 1892220.818244, 7078868.212743000127375 ], [ 1892220.344945, 7107289.857296000234783 ] ] ] } },
{ "type": "Feature", "properties": { "gml_id": "FossilFuelResource.per.pow82314", "identifier": "http://inspire.pgi.gov.pl/so/mr/Midas.paliwaKopalne/FossilFuelResource.per.pow82314", "beginLifespanVersion": null, "localId": "FossilFuelResource.per.pow82314", "namespace": "http://inspire.pgi.gov.pl/so/mr/Midas.paliwaKopalne", "scalar": -1200.0, "scalar_uom": "m", "dateOfDiscovery": null, "calorificValue": null, "quantity": null, "verticalExtent": null }, "geometry": { "type": "Polygon", "coordinates": [ [ [ 2094554.712822, 6483725.02673100028187 ], [ 2094533.662823, 6483804.410787999629974 ], [ 2094477.801115, 6483799.829540999606252 ], [ 2093647.763231, 6483759.490446000359952 ], [ 2093621.771848999895155, 6485477.196700000204146 ], [ 2093623.697715, 6486454.613454 ], [ 2093630.207818000111729, 6489146.875585 ], [ 2093636.394714, 6490881.220998999662697 ], [ 2094187.443249, 6490608.99515900015831 ], [ 2094711.990116, 6490288.324799999594688 ], [ 2095449.515595, 6489875.335841 ], [ 2095830.87603, 6489633.696778999641538 ], [ 2096472.117248000111431, 6489262.931382999755442 ], [ 2097304.614414, 6488833.573955000378191 ], [ 2097521.025890000164509, 6488726.173641 ], [ 2097515.556857999879867, 6488683.61883 ], [ 2097604.242081, 6488664.095501 ], [ 2097559.811828999780118, 6487916.031770000234246 ], [ 2097545.962729, 6484050.882666000165045 ], [ 2097578.958329, 6484015.42921799980104 ], [ 2094554.712822, 6483725.02673100028187 ] ] ] } },
{ "type": "Feature", "properties": { "gml_id": "FossilFuelResource.progn.pow80074", "identifier": "http://inspire.pgi.gov.pl/so/mr/Midas.paliwaKopalne/FossilFuelResource.progn.pow80074", "beginLifespanVersion": null, "localId": "FossilFuelResource.progn.pow80074", "namespace": "http://inspire.pgi.gov.pl/so/mr/Midas.paliwaKopalne", "scalar": null, "scalar_uom": null, "dateOfDiscovery": null, "calorificValue": null, "quantity": null, "verticalExtent": null }, "geometry": { "type": "Polygon", "coordinates": [ [ [ 2652077.234652, 6535865.028736 ], [ 2652933.664766000118107, 6535153.604998 ], [ 2654869.636843, 6533341.567304000258446 ], [ 2656953.990627999883145, 6530958.148645999841392 ], [ 2659371.968359999824315, 6527991.46327199973166 ], [ 2661763.618150999769568, 6524652.7715729996562 ], [ 2664326.637759, 6521116.298841999843717 ], [ 2666215.550125999841839, 6518684.654042 ], [ 2666566.235556, 6518248.098634 ], [ 2666361.702168, 6518252.686811000108719 ], [ 2666267.960982, 6518254.128115000203252 ], [ 2666267.958796000108123, 6518254.128262000158429 ], [ 2666267.957692, 6518254.128178000450134 ], [ 2666267.955496000126004, 6518254.128168 ], [ 2666233.324868999887258, 6518254.660423999652267 ], [ 2665230.460746999830008, 6518247.42644099984318 ], [ 2664797.600067, 6518234.760989 ], [ 2664648.5798, 6518229.674530000425875 ], [ 2663250.148139, 6518002.254503999836743 ], [ 2662857.228182000108063, 6517937.292689999565482 ], [ 2662682.53923000022769, 6517908.405070000328124 ], [ 2662119.028121000155807, 6517828.506379 ], [ 2662119.025425000116229, 6517828.505928999744356 ], [ 2661702.775574999861419, 6517769.461766 ], [ 2660735.614634000230581, 6517631.48161599971354 ], [ 2660155.360206, 6517533.246127 ], [ 2658808.700213000178337, 6517301.499261000193655 ], [ 2658614.47759999986738, 6517342.041520000435412 ], [ 2658190.23593100020662, 6517429.216060999780893 ], [ 2657067.662833999842405, 6517279.572894999757409 ], [ 2657028.929566999897361, 6517274.364930000156164 ], [ 2655516.838769, 6517070.904873999767005 ], [ 2655214.574213999789208, 6517030.717511000111699 ], [ 2653957.708863, 6516929.802349999547005 ], [ 2653586.172702999785542, 6516900.704606000334024 ], [ 2653586.170184, 6516900.704456999897957 ], [ 2652826.641416000202298, 6516841.1676089996472 ], [ 2652395.598815000150353, 6516832.495895000174642 ], [ 2652142.476315, 6516827.45751 ], [ 2651889.35362400021404, 6516822.41134100034833 ], [ 2651367.377624, 6516811.980932 ], [ 2651264.045421999879181, 6516800.690409 ], [ 2651264.044420000165701, 6516800.691889000125229 ], [ 2651264.042413999792188, 6516800.689976000227034 ], [ 2650834.226425, 6516753.71232 ], [ 2650288.572209999896586, 6516695.883887999691069 ], [ 2649815.545293999835849, 6516694.950230999849737 ], [ 2649290.413902999833226, 6516557.756365000270307 ], [ 2649123.205013, 6516514.391463000327349 ], [ 2648486.991152000147849, 6516349.359114999882877 ], [ 2647765.944639000110328, 6516206.890007000416517 ], [ 2647262.668572000227869, 6516108.013384999707341 ], [ 2646279.271462, 6515731.860356999561191 ], [ 2646234.784171999897808, 6515714.680769000202417 ], [ 2644923.010257999878377, 6515179.506915999576449 ], [ 2644829.240044, 6515142.173641 ], [ 2644004.687001000158489, 6514821.114931999705732 ], [ 2643636.072929, 6514633.819337000139058 ], [ 2643380.857514, 6514549.074641999788582 ], [ 2643006.355204000137746, 6514413.786647999659181 ], [ 2642656.70939, 6514272.855046999640763 ], [ 2642236.426489000208676, 6514126.668812000192702 ], [ 2642166.42072799988091, 6514096.282805999740958 ], [ 2641760.985715, 6513927.548453000374138 ], [ 2641538.127332999836653, 6513827.432698000222445 ], [ 2641290.544809999875724, 6513736.071383000351489 ], [ 2641197.696560999844223, 6513637.443686 ], [ 2640799.466906, 6513364.796938999556005 ], [ 2640745.026502000167966, 6513326.895585999824107 ], [ 2640703.083455999847502, 6513297.694497999735177 ], [ 2640280.654445, 6512961.562312999740243 ], [ 2640151.086230999790132, 6512874.713069000281394 ], [ 2639766.067338, 6515024.911441000178456 ], [ 2639039.891970000229776, 6519742.519313000142574 ], [ 2638629.064948999788612, 6523071.356575 ], [ 2638294.709125999826938, 6525648.444663000293076 ], [ 2638207.074169000145048, 6527212.835288999602199 ], [ 2637914.79933900013566, 6529476.629427 ], [ 2637839.299501, 6531727.254809999838471 ], [ 2637660.977940000128001, 6533829.001398 ], [ 2637531.271125, 6536209.100332000292838 ], [ 2637481.048082999885082, 6537394.648689 ], [ 2638634.00312, 6535783.617371999658644 ], [ 2638634.006856999825686, 6535783.616818999871612 ], [ 2638634.002822, 6535783.622591 ], [ 2638564.720770999789238, 6536798.870894 ], [ 2638541.597709000110626, 6538892.041115 ], [ 2638525.365451000165194, 6540110.873548000119627 ], [ 2638626.806580999866128, 6540728.994765000417829 ], [ 2638970.528859000187367, 6541238.024547000415623 ], [ 2639387.62885, 6541430.056250000372529 ], [ 2640142.048196999821812, 6541538.062132 ], [ 2641068.761173, 6541416.341660000383854 ], [ 2642053.517574000172317, 6541228.331092 ], [ 2643092.314257999882102, 6540911.808108 ], [ 2645952.089116000104696, 6539853.178163999691606 ], [ 2647760.785939, 6538924.295997999608517 ], [ 2649681.02068, 6537800.535109000280499 ], [ 2651220.655828999821097, 6536576.430791 ], [ 2651648.963915000203997, 6536220.732568999752402 ], [ 2652077.234652, 6535865.028736 ] ] ] } },
{ "type": "Feature", "properties": { "gml_id": "FossilFuelResource.progn.pow76491", "identifier": "http://inspire.pgi.gov.pl/so/mr/Midas.paliwaKopalne/FossilFuelResource.progn.pow76491", "beginLifespanVersion": null, "localId": "FossilFuelResource.progn.pow76491", "namespace": "http://inspire.pgi.gov.pl/so/mr/Midas.paliwaKopalne", "scalar": -35.0, "scalar_uom": "m", "dateOfDiscovery": null, "calorificValue": null, "quantity": null, "verticalExtent": null }, "geometry": { "type": "Polygon", "coordinates": [ [ [ 1987028.573149, 6856008.006104 ], [ 1987015.07924299989827, 6856271.663072000257671 ], [ 1987015.879375, 6856359.346876 ], [ 1987029.031528, 6856491.720088999718428 ], [ 1987061.120772, 6856633.987185999751091 ], [ 1987107.796747, 6856742.730078999884427 ], [ 1987138.024079999886453, 6856770.688768000341952 ], [ 1987250.417396999895573, 6856888.458302999846637 ], [ 1987419.322893, 6857005.745202999562025 ], [ 1987568.624395, 6857118.502260000444949 ], [ 1987670.349041, 6857144.597516999579966 ], [ 1987772.509585999883711, 6857159.149984000250697 ], [ 1987874.670508, 6857173.701345999725163 ], [ 1987978.03594, 6857151.895771999843419 ], [ 1988216.730517, 6856977.728553 ], [ 1988412.712106, 6856840.658123999834061 ], [ 1988575.837158, 6856686.24515900015831 ], [ 1988738.955813, 6856531.831759000197053 ], [ 1988918.163593, 6856373.210559999570251 ], [ 1989037.368295, 6856238.234853999689221 ], [ 1989156.56917, 6856103.259753 ], [ 1989268.00254, 6855985.812164000235498 ], [ 1989506.487888, 6855652.079363999888301 ], [ 1989625.369619, 6855442.701999999582767 ], [ 1989798.370065, 6855080.723562999628484 ], [ 1989854.834431, 6854833.994353 ], [ 1989982.052893, 6854634.920949 ], [ 1990070.389596, 6854457.806595999747515 ], [ 1990088.201542, 6854305.630775 ], [ 1990022.561169999884441, 6854053.154175999574363 ], [ 1989915.456894, 6853757.175617 ], [ 1989843.877056, 6853621.860777 ], [ 1989635.605171999894083, 6853379.271129 ], [ 1989427.344010999891907, 6853270.652320999652147 ], [ 1989267.315209, 6853242.476824999786913 ], [ 1989073.219713000115007, 6853223.620195000432432 ], [ 1988814.886338, 6853255.134695 ], [ 1988641.292281, 6853285.929583 ], [ 1988467.657754, 6853383.151738000102341 ], [ 1988226.776853, 6853562.753593999892473 ], [ 1987976.503982, 6853732.088159999810159 ], [ 1987638.894161, 6854037.742557000368834 ], [ 1987442.547334, 6854206.016423 ], [ 1987369.681867, 6854373.647603999823332 ], [ 1987311.411165, 6854710.78057499974966 ], [ 1987278.29373, 6854811.742371999658644 ], [ 1987243.420401, 6854978.81144000031054 ], [ 1987193.107456, 6855219.84098600037396 ], [ 1987028.573149, 6856008.006104 ] ] ] } },
{ "type": "Feature", "properties": { "gml_id": "FossilFuelResource.progn.pow76492", "identifier": "http://inspire.pgi.gov.pl/so/mr/Midas.paliwaKopalne/FossilFuelResource.progn.pow76492", "beginLifespanVersion": null, "localId": "FossilFuelResource.progn.pow76492", "namespace": "http://inspire.pgi.gov.pl/so/mr/Midas.paliwaKopalne", "scalar": -35.0, "scalar_uom": "m", "dateOfDiscovery": null, "calorificValue": null, "quantity": null, "verticalExtent": null }, "geometry": { "type": "Polygon", "coordinates": [ [ [ 1989936.123327, 6851427.949307000264525 ], [ 1990010.594692, 6851433.733769999817014 ], [ 1990281.261315, 6851431.695616999641061 ], [ 1990585.228408, 6851388.929072 ], [ 1990805.152531, 6851318.8538340004161 ], [ 1991046.000587, 6851226.049918999895453 ], [ 1991398.988671999890357, 6850988.668107000179589 ], [ 1991704.538124, 6850766.312346000224352 ], [ 1991775.503891, 6850684.679103 ], [ 1991783.705855, 6850561.774476000107825 ], [ 1991760.876129, 6850426.997480999678373 ], [ 1991707.173508, 6850284.692617 ], [ 1991517.993849, 6850029.645983000285923 ], [ 1991370.308767, 6849939.25684 ], [ 1991233.444257, 6849900.965533999726176 ], [ 1991045.132969, 6849886.611724000424147 ], [ 1990911.745045, 6849935.708466 ], [ 1990639.862816999899223, 6850126.033518999814987 ], [ 1990448.545689, 6850365.658681999891996 ], [ 1990283.904549, 6850507.924561000429094 ], [ 1990119.257461, 6850650.18934 ], [ 1989931.434194, 6850851.059108000248671 ], [ 1989798.12078, 6851030.686410999856889 ], [ 1989777.499319, 6851171.592559999786317 ], [ 1989827.674405, 6851335.952819 ], [ 1989936.123327, 6851427.949307000264525 ] ] ] } },
{ "type": "Feature", "properties": { "gml_id": "FossilFuelResource.progn.pow80513", "identifier": "http://inspire.pgi.gov.pl/so/mr/Midas.paliwaKopalne/FossilFuelResource.progn.pow80513", "beginLifespanVersion": null, "localId": "FossilFuelResource.progn.pow80513", "namespace": "http://inspire.pgi.gov.pl/so/mr/Midas.paliwaKopalne", "scalar": -1000.0, "scalar_uom": "m", "dateOfDiscovery": null, "calorificValue": null, "quantity": null, "verticalExtent": null }, "geometry": { "type": "Polygon", "coordinates": [ [ [ 2112439.039131000172347, 6487205.902882999740541 ], [ 2114993.179767999798059, 6486907.521865 ], [ 2115749.397071000188589, 6486657.289540000259876 ], [ 2114956.844587, 6484710.769546999596059 ], [ 2114647.874043, 6483699.171325 ], [ 2114395.839158, 6483827.002254 ], [ 2114143.796375, 6483954.827460000291467 ], [ 2113757.091304, 6483175.700771999545395 ], [ 2113636.542868, 6483184.520410000346601 ], [ 2113443.243177, 6483198.659102000296116 ], [ 2112289.826115999836475, 6483271.64992200024426 ], [ 2112177.165891, 6483278.770585999824107 ], [ 2112075.746117, 6483285.179544 ], [ 2111350.217801, 6483282.197267999872565 ], [ 2106981.37014799984172, 6483262.893850999884307 ], [ 2106667.670674, 6483259.786626 ], [ 2107560.252305999863893, 6484705.653099000453949 ], [ 2108453.144061999861151, 6486151.673471 ], [ 2108542.915409999899566, 6486297.037385 ], [ 2108730.999871000181884, 6487149.168847000226378 ], [ 2108792.605864, 6487428.259184 ], [ 2108792.606019, 6487428.26028 ], [ 2108808.862367, 6487428.669514999724925 ], [ 2108825.11871699988842, 6487429.078874000348151 ], [ 2109265.600461000110954, 6487440.16022 ], [ 2110063.325055, 6487460.168743000365794 ], [ 2110629.092968999873847, 6487416.861491999588907 ], [ 2112439.039131000172347, 6487205.902882999740541 ] ] ] } },
{ "type": "Feature", "properties": { "gml_id": "FossilFuelResource.progn.pow80514", "identifier": "http://inspire.pgi.gov.pl/so/mr/Midas.paliwaKopalne/FossilFuelResource.progn.pow80514", "beginLifespanVersion": null, "localId": "FossilFuelResource.progn.pow80514", "namespace": "http://inspire.pgi.gov.pl/so/mr/Midas.paliwaKopalne", "scalar": -1000.0, "scalar_uom": "m", "dateOfDiscovery": null, "calorificValue": null, "quantity": null, "verticalExtent": null }, "geometry": { "type": "Polygon", "coordinates": [ [ [ 2071074.923327999887988, 6422532.313326000235975 ], [ 2070935.637014, 6422751.900705000385642 ], [ 2070821.850714, 6422881.448785999789834 ], [ 2070708.060887, 6423010.997291999869049 ], [ 2070479.042765, 6423190.133213999681175 ], [ 2070217.875472000101581, 6423138.525395999662578 ], [ 2069850.040692, 6423268.552013999782503 ], [ 2069677.794055, 6423232.285118999890983 ], [ 2069469.245532, 6423392.915039000101388 ], [ 2069288.195084, 6423271.057329 ], [ 2068949.198868, 6423211.542837000451982 ], [ 2068338.993089, 6423241.606820999644697 ], [ 2068285.402306, 6423540.677071999758482 ], [ 2068197.607304, 6423655.471518999896944 ], [ 2068081.9749, 6423773.828564999625087 ], [ 2067916.53486, 6423845.41464 ], [ 2067752.441312, 6424006.265339000150561 ], [ 2067561.947446, 6424243.209828999824822 ], [ 2067445.21637, 6424225.805677000433207 ], [ 2067204.351543, 6424512.671373000368476 ], [ 2067198.234799, 6424609.341031 ], [ 2067340.147993, 6424764.514770000241697 ], [ 2067263.571326, 6424858.922930000349879 ], [ 2067058.666549, 6425015.825160999782383 ], [ 2066782.230401, 6425418.103423000313342 ], [ 2067143.136141, 6426006.613161000423133 ], [ 2067532.434986, 6426011.761013999581337 ], [ 2072277.200827, 6426073.037882000207901 ], [ 2078983.736534, 6429347.918949999846518 ], [ 2079209.618132, 6429458.103248000144958 ], [ 2080021.92796, 6426363.655938000418246 ], [ 2080385.729339, 6424977.372033 ], [ 2079782.396315, 6422689.220835000276566 ], [ 2078386.431008, 6420043.016982999630272 ], [ 2076991.34649, 6417397.413805999793112 ], [ 2076774.227368, 6416969.185544 ], [ 2075742.949158, 6417360.476719000376761 ], [ 2072365.967279, 6418640.758608999662101 ], [ 2072365.882994000101462, 6418579.400816 ], [ 2069361.850622, 6419662.3783 ], [ 2068986.183734, 6420008.798169 ], [ 2068985.043295, 6420215.873115000315011 ], [ 2068939.161885, 6420360.173290000297129 ], [ 2068898.80676, 6420487.091214000247419 ], [ 2068794.50921, 6420574.969267999753356 ], [ 2068762.653021, 6420679.786414000205696 ], [ 2068845.587466000113636, 6420821.965103999711573 ], [ 2069028.913016, 6420856.441457999870181 ], [ 2069307.009919, 6420848.681296999566257 ], [ 2069315.871427, 6420923.08582799974829 ], [ 2069398.585825, 6421051.80555700045079 ], [ 2069574.362447000108659, 6421112.254702 ], [ 2069668.013331, 6421276.355033 ], [ 2069706.740119, 6421313.746050000190735 ], [ 2070977.488174, 6421495.324385000392795 ], [ 2071092.449407, 6421843.578676999546587 ], [ 2071214.202473, 6422312.729318999685347 ], [ 2071074.923327999887988, 6422532.313326000235975 ] ] ] } },
{ "type": "Feature", "properties": { "gml_id": "FossilFuelResource.per.pow76686", "identifier": "http://inspire.pgi.gov.pl/so/mr/Midas.paliwaKopalne/FossilFuelResource.per.pow76686", "beginLifespanVersion": null, "localId": "FossilFuelResource.per.pow76686", "namespace": "http://inspire.pgi.gov.pl/so/mr/Midas.paliwaKopalne", "scalar": -250.0, "scalar_uom": "m", "dateOfDiscovery": null, "calorificValue": null, "quantity": null, "verticalExtent": null }, "geometry": { "type": "Polygon", "coordinates": [ [ [ 1799513.752696, 6577060.245304999873042 ], [ 1800512.898147, 6577288.722935000434518 ], [ 1800863.959168, 6577323.690665000118315 ], [ 1804312.115003, 6575981.87814399972558 ], [ 1804278.054441000102088, 6574995.925396 ], [ 1804266.963211, 6574674.856811 ], [ 1804249.396948, 6574166.347242999821901 ], [ 1804230.427117000101134, 6573617.195666000247002 ], [ 1804221.972086, 6573372.431239999830723 ], [ 1801231.54162, 6575622.345537999644876 ], [ 1799513.752696, 6577060.245304999873042 ] ] ] } },
{ "type": "Feature", "properties": { "gml_id": "FossilFuelResource.per.pow76685", "identifier": "http://inspire.pgi.gov.pl/so/mr/Midas.paliwaKopalne/FossilFuelResource.per.pow76685", "beginLifespanVersion": null, "localId": "FossilFuelResource.per.pow76685", "namespace": "http://inspire.pgi.gov.pl/so/mr/Midas.paliwaKopalne", "scalar": -125.0, "scalar_uom": "m", "dateOfDiscovery": null, "calorificValue": null, "quantity": null, "verticalExtent": null }, "geometry": { "type": "Polygon", "coordinates": [ [ [ 1796287.63936, 6579828.478894 ], [ 1798686.672647, 6578800.628925000317395 ], [ 1800512.898147, 6577288.722935000434518 ], [ 1799513.752696, 6577060.245304999873042 ], [ 1797593.967381, 6578651.079509999603033 ], [ 1796287.63936, 6579828.478894 ] ] ] } },
{ "type": "Feature", "properties": { "gml_id": "FossilFuelResource.progn.pow20372", "identifier": "http://inspire.pgi.gov.pl/so/mr/Midas.paliwaKopalne/FossilFuelResource.progn.pow20372", "beginLifespanVersion": null, "localId": "FossilFuelResource.progn.pow20372", "namespace": "http://inspire.pgi.gov.pl/so/mr/Midas.paliwaKopalne", "scalar": -900.0, "scalar_uom": "m", "dateOfDiscovery": null, "calorificValue": null, "quantity": null, "verticalExtent": null }, "geometry": { "type": "Polygon", "coordinates": [ [ [ 2129340.322269999887794, 6448438.960949 ], [ 2130473.505142999812961, 6448237.655999000184238 ], [ 2131305.273594, 6448089.794250999577343 ], [ 2131811.904527000151575, 6447987.735895000398159 ], [ 2131987.666408999823034, 6448984.93567300029099 ], [ 2133594.990485, 6448685.103345000185072 ], [ 2133395.511150000151247, 6447673.162491000257432 ], [ 2134613.468764000106603, 6447466.635091000236571 ], [ 2134809.089228, 6447451.829076999798417 ], [ 2135018.286493000108749, 6447411.264829999767244 ], [ 2135436.848764999769628, 6447323.615671000443399 ], [ 2135957.024468, 6447079.931531 ], [ 2136931.610055, 6446680.777212999761105 ], [ 2136974.863361999858171, 6446666.967810999602079 ], [ 2137018.11668, 6446653.158207000233233 ], [ 2137051.283054000232369, 6446419.619709 ], [ 2137056.128177000209689, 6446204.358331000432372 ], [ 2137285.727366, 6445344.017462999559939 ], [ 2137817.640492000151426, 6443350.443413999862969 ], [ 2136963.19295800011605, 6441635.18966200016439 ], [ 2137151.424143, 6441349.703954 ], [ 2137893.225958, 6440224.551176000386477 ], [ 2138264.840884, 6439660.793951 ], [ 2134792.491682, 6440192.825762 ], [ 2134360.971063000150025, 6440255.595627999864519 ], [ 2132166.374626, 6440574.471288000233471 ], [ 2130218.758096000179648, 6441420.886346000246704 ], [ 2130038.146762, 6441499.350598 ], [ 2128150.556779, 6442411.377072 ], [ 2128189.585726, 6442596.627864999696612 ], [ 2128656.71359399985522, 6444813.550832999870181 ], [ 2127894.669272, 6445494.825585000216961 ], [ 2128261.234643000178039, 6446219.999122000299394 ], [ 2128324.299798000138253, 6446540.337836000137031 ], [ 2128601.234100999776274, 6447173.74817300029099 ], [ 2128645.462387000210583, 6447227.06307000014931 ], [ 2129222.107567000202835, 6448459.951926000416279 ], [ 2129340.322269999887794, 6448438.960949 ] ] ] } },
{ "type": "Feature", "properties": { "gml_id": "FossilFuelResource.per.pow20333", "identifier": "http://inspire.pgi.gov.pl/so/mr/Midas.paliwaKopalne/FossilFuelResource.per.pow20333", "beginLifespanVersion": null, "localId": "FossilFuelResource.per.pow20333", "namespace": "http://inspire.pgi.gov.pl/so/mr/Midas.paliwaKopalne", "scalar": -1100.0, "scalar_uom": "m", "dateOfDiscovery": null, "calorificValue": null, "quantity": null, "verticalExtent": null }, "geometry": { "type": "Polygon", "coordinates": [ [ [ 2080820.584414, 6487586.670372 ], [ 2081377.774361, 6488254.293851999565959 ], [ 2085625.474066, 6484920.903126999735832 ], [ 2083250.182508, 6481001.117825999855995 ], [ 2082650.86915, 6480011.711582000367343 ], [ 2082505.514149, 6479928.168111000210047 ], [ 2081035.856069, 6479083.739369000308216 ], [ 2079944.393829, 6478365.481603999622166 ], [ 2075960.016255, 6483175.749223999679089 ], [ 2076032.8088, 6483206.052619 ], [ 2076559.905742, 6483380.01868399977684 ], [ 2077135.091373, 6483477.167015999555588 ], [ 2077250.585159, 6483496.902664000168443 ], [ 2077723.920519, 6483554.416783000342548 ], [ 2078104.318674, 6483610.685402000322938 ], [ 2078383.089596, 6483618.999234000220895 ], [ 2078736.034995999885723, 6483642.253859999589622 ], [ 2079009.738406, 6483683.106344999745488 ], [ 2079241.558831, 6483728.067063 ], [ 2079440.550597, 6483795.900748999789357 ], [ 2079588.064777000108734, 6483891.029721999540925 ], [ 2079739.331545, 6484056.121140999719501 ], [ 2079879.275316, 6484379.547341000288725 ], [ 2079925.19722, 6484785.676726999692619 ], [ 2079967.730887, 6485093.887273999862373 ], [ 2080067.528970000101253, 6485649.925737 ], [ 2080177.65201500011608, 6486126.874989000149071 ], [ 2080306.383169, 6486604.089087000116706 ], [ 2080565.067306, 6487101.646905000321567 ], [ 2080820.584414, 6487586.670372 ] ] ] } },
{ "type": "Feature", "properties": { "gml_id": "FossilFuelResource.per.pow79717", "identifier": "http://inspire.pgi.gov.pl/so/mr/Midas.paliwaKopalne/FossilFuelResource.per.pow79717", "beginLifespanVersion": null, "localId": "FossilFuelResource.per.pow79717", "namespace": "http://inspire.pgi.gov.pl/so/mr/Midas.paliwaKopalne", "scalar": -950.0, "scalar_uom": "m", "dateOfDiscovery": null, "calorificValue": null, "quantity": null, "verticalExtent": null }, "geometry": { "type": "Polygon", "coordinates": [ [ [ 2107826.758192, 6472608.840478000231087 ], [ 2108278.094215999823064, 6471666.425075000151992 ], [ 2110693.788836999796331, 6469863.909482999704778 ], [ 2110885.51071, 6469844.614732 ], [ 2110763.282552000135183, 6468088.575389999896288 ], [ 2110714.183104999829084, 6468036.502008999697864 ], [ 2109965.910218, 6467541.848299000412226 ], [ 2109052.129547, 6466937.652161000296474 ], [ 2108580.018374000210315, 6466625.434368999674916 ], [ 2108037.47047, 6466899.546757999807596 ], [ 2105168.819482, 6467063.45885800011456 ], [ 2107971.483949, 6469392.348712 ], [ 2107630.295111999846995, 6470250.968081999570131 ], [ 2107253.017917000222951, 6471200.285778 ], [ 2107476.509843000210822, 6473340.087825999595225 ], [ 2107826.758192, 6472608.840478000231087 ] ] ] } },
{ "type": "Feature", "properties": { "gml_id": "FossilFuelResource.per.pow80700", "identifier": "http://inspire.pgi.gov.pl/so/mr/Midas.paliwaKopalne/FossilFuelResource.per.pow80700", "beginLifespanVersion": null, "localId": "FossilFuelResource.per.pow80700", "namespace": "http://inspire.pgi.gov.pl/so/mr/Midas.paliwaKopalne", "scalar": null, "scalar_uom": null, "dateOfDiscovery": null, "calorificValue": null, "quantity": null, "verticalExtent": null }, "geometry": { "type": "Polygon", "coordinates": [ [ [ 2160655.636004, 6488530.832844000309706 ], [ 2160601.78103999979794, 6487563.758543999865651 ], [ 2160547.93902, 6486596.795621999539435 ], [ 2160674.779836, 6486508.575183999724686 ], [ 2154937.602155, 6486611.788398000411689 ], [ 2154491.372409999836236, 6489037.990758 ], [ 2152958.566521000117064, 6489827.108326000161469 ], [ 2149924.16032399982214, 6490684.782348999753594 ], [ 2148678.335804999805987, 6490643.980840999633074 ], [ 2148509.465072, 6491243.900268999859691 ], [ 2148380.907921, 6491724.541342999786139 ], [ 2148625.156177000142634, 6491925.870292999781668 ], [ 2149186.207184, 6492388.288063 ], [ 2149643.45059, 6492765.100978 ], [ 2149724.483397, 6492872.966354999691248 ], [ 2149813.743211000226438, 6493109.365832 ], [ 2149821.968374, 6493237.901306999847293 ], [ 2149598.352558, 6493528.584037000313401 ], [ 2149288.753374999854714, 6493683.373413000255823 ], [ 2148957.145488999783993, 6493826.490084 ], [ 2148780.394706999883056, 6494012.202735000289977 ], [ 2148771.028707, 6494179.418612999841571 ], [ 2149027.977520000189543, 6494423.908525000326335 ], [ 2149133.625179000198841, 6494619.499560000374913 ], [ 2148934.808337000198662, 6494890.942119999788702 ], [ 2148352.105533999856561, 6495098.405871000140905 ], [ 2148048.986252, 6495111.048414000310004 ], [ 2147509.829634, 6495133.508035000413656 ], [ 2147416.045330999884754, 6495565.87425300013274 ], [ 2148596.606658, 6495383.568877999670804 ], [ 2150281.343754999805242, 6494746.382128999568522 ], [ 2150848.692600000184029, 6494471.518756000325084 ], [ 2151416.004005, 6494196.625765999779105 ], [ 2151815.496183999814093, 6493941.494699999690056 ], [ 2152308.058735, 6493657.68444 ], [ 2152921.720253999810666, 6493354.349844000302255 ], [ 2153666.225862000137568, 6493096.871994 ], [ 2153994.745618000160903, 6492009.780113000422716 ], [ 2155017.97212, 6491619.418083 ], [ 2155930.240406999830157, 6491379.33678499981761 ], [ 2156452.18505, 6491338.283785000443459 ], [ 2157020.024974000174552, 6491194.010162999853492 ], [ 2157670.901595000177622, 6490927.543847000226378 ], [ 2158115.863343, 6490559.66900600027293 ], [ 2159050.716773999854922, 6489608.526332999579608 ], [ 2159319.374595, 6489372.819996999576688 ], [ 2159718.189148, 6489089.402671 ], [ 2160302.655478000175208, 6488701.753580999560654 ], [ 2160655.636004, 6488530.832844000309706 ] ] ] } },
{ "type": "Feature", "properties": { "gml_id": "FossilFuelResource.per.pow80701", "identifier": "http://inspire.pgi.gov.pl/so/mr/Midas.paliwaKopalne/FossilFuelResource.per.pow80701", "beginLifespanVersion": null, "localId": "FossilFuelResource.per.pow80701", "namespace": "http://inspire.pgi.gov.pl/so/mr/Midas.paliwaKopalne", "scalar": null, "scalar_uom": null, "dateOfDiscovery": null, "calorificValue": null, "quantity": null, "verticalExtent": null }, "geometry": { "type": "Polygon", "coordinates": [ [ [ 2158164.133595999795943, 6465574.474465000443161 ], [ 2156286.246057, 6471735.762078000232577 ], [ 2155741.956916000228375, 6473520.62395 ], [ 2155635.287659000139683, 6473870.370446000248194 ], [ 2155490.02928, 6475046.428903999738395 ], [ 2155256.195727999787778, 6476939.27398 ], [ 2155706.61239, 6476652.65612499974668 ], [ 2155706.62102, 6476652.667028999887407 ], [ 2155706.629104, 6476652.661829000338912 ], [ 2156132.312674, 6477187.911099 ], [ 2156502.449773999862373, 6476687.465473 ], [ 2157511.253194999881089, 6476372.428979 ], [ 2158570.558143999893218, 6475667.594828000292182 ], [ 2158972.483477000147104, 6475059.878758000209928 ], [ 2158972.493228999897838, 6475059.894965999759734 ], [ 2158972.50019, 6475059.884453999809921 ], [ 2159063.075054000131786, 6475211.265151999890804 ], [ 2159863.141249999869615, 6474732.144859000109136 ], [ 2161658.644057, 6473535.836973000317812 ], [ 2163808.981125, 6471940.235112000256777 ], [ 2164597.768662, 6471401.244039 ], [ 2166108.850358, 6471401.117619000375271 ], [ 2168721.226011999882758, 6471272.875416000373662 ], [ 2172071.063734999857843, 6471288.04861900024116 ], [ 2172071.058319999836385, 6471288.054282000288367 ], [ 2172071.080294, 6471288.054286999627948 ], [ 2171423.402855, 6471966.533586 ], [ 2172838.25755999982357, 6472052.259215 ], [ 2172838.258372, 6472052.263898000121117 ], [ 2172838.274121, 6472052.264882000163198 ], [ 2173072.778458000160754, 6473437.616614 ], [ 2177187.530096, 6474103.512175999581814 ], [ 2177823.17138999979943, 6473632.261006999760866 ], [ 2178156.973479, 6473296.298967 ], [ 2178603.029805, 6472750.754316999576986 ], [ 2178937.291359, 6472196.982605 ], [ 2178395.159118, 6472160.825549 ], [ 2177838.639624999836087, 6472123.671923000365496 ], [ 2178717.40863, 6471089.886705 ], [ 2179886.639494999777526, 6469793.764282000251114 ], [ 2181165.780179999768734, 6468286.323963000439107 ], [ 2179571.841423000209033, 6467817.902258000336587 ], [ 2176968.687072, 6467622.40374100022018 ], [ 2176256.333286, 6467548.126162 ], [ 2176236.347695, 6467546.041203999891877 ], [ 2176237.894390999805182, 6467543.306514999829233 ], [ 2176087.569567, 6467504.013117999769747 ], [ 2165449.306932, 6465752.553789 ], [ 2164846.945230000186712, 6465652.962407999671996 ], [ 2164368.926469, 6465647.527129 ], [ 2158164.133595999795943, 6465574.474465000443161 ] ] ] } },
{ "type": "Feature", "properties": { "gml_id": "FossilFuelResource.per.pow80702", "identifier": "http://inspire.pgi.gov.pl/so/mr/Midas.paliwaKopalne/FossilFuelResource.per.pow80702", "beginLifespanVersion": null, "localId": "FossilFuelResource.per.pow80702", "namespace": "http://inspire.pgi.gov.pl/so/mr/Midas.paliwaKopalne", "scalar": null, "scalar_uom": null, "dateOfDiscovery": null, "calorificValue": null, "quantity": null, "verticalExtent": null }, "geometry": { "type": "Polygon", "coordinates": [ [ [ 2145489.76206, 6495912.515251999720931 ], [ 2147158.155076, 6496754.684841999784112 ], [ 2147416.045330999884754, 6495565.87425300013274 ], [ 2147416.023618999868631, 6495565.877628999762237 ], [ 2147509.809601, 6495133.501061 ], [ 2148048.966219, 6495111.041441 ], [ 2148352.085500999819487, 6495098.398899000138044 ], [ 2148934.788304000161588, 6494890.935150000266731 ], [ 2149133.604991000145674, 6494619.492747000418603 ], [ 2149027.957332000136375, 6494423.901712999679148 ], [ 2148771.008676, 6494179.4116430003196 ], [ 2148780.374677000101656, 6494012.195764999836683 ], [ 2148957.125459, 6493826.483114999718964 ], [ 2149288.733188999816775, 6493683.36644500028342 ], [ 2149598.332372, 6493528.577069999650121 ], [ 2149821.948345, 6493237.89434100035578 ], [ 2149813.723182000219822, 6493109.35886500030756 ], [ 2149724.463212000206113, 6492872.959389000199735 ], [ 2149643.430561, 6492765.094011000357568 ], [ 2149186.187157, 6492388.281096000224352 ], [ 2148625.136152000166476, 6491925.86332399956882 ], [ 2148380.887740000151098, 6491724.534374999813735 ], [ 2148509.445048000197858, 6491243.893299999646842 ], [ 2148593.883368, 6490943.928631000220776 ], [ 2148678.315626, 6490643.973875000141561 ], [ 2149924.140143999829888, 6490684.775384999811649 ], [ 2152958.546497, 6489827.10137000028044 ], [ 2154491.352386999875307, 6489037.983806 ], [ 2154937.581235, 6486611.788654999807477 ], [ 2154937.602155, 6486611.788398000411689 ], [ 2154972.790246, 6486420.435715000145137 ], [ 2154391.482844000216573, 6486429.450249000452459 ], [ 2153627.252553000114858, 6484273.658375999890268 ], [ 2153067.318761, 6484758.925308999605477 ], [ 2152435.814453000202775, 6485226.985283999703825 ], [ 2151582.59365600021556, 6485750.316293999552727 ], [ 2150848.083339000120759, 6486336.556489 ], [ 2149952.777315, 6486939.220676999539137 ], [ 2149864.545992, 6486960.528822000138462 ], [ 2149820.894498, 6487146.269429 ], [ 2149820.891996, 6487146.268500000238419 ], [ 2149585.673384999856353, 6487059.512408999726176 ], [ 2147389.354065, 6486278.17679600045085 ], [ 2146967.036185999866575, 6486119.73433499969542 ], [ 2146763.92248999979347, 6486047.550668999552727 ], [ 2146763.920770000200719, 6486047.550049999728799 ], [ 2146807.026839000172913, 6485842.424490000121295 ], [ 2146807.027776999864727, 6485842.424799 ], [ 2146807.02808600012213, 6485842.424172 ], [ 2146807.026827, 6485842.421516000293195 ], [ 2146807.025119000114501, 6485842.42387 ], [ 2146807.02011700021103, 6485842.422167999669909 ], [ 2145607.08677, 6488041.85619300045073 ], [ 2146091.567724000196904, 6490391.482059 ], [ 2146365.742509999778122, 6491159.471148 ], [ 2146507.059022999834269, 6491704.799018999561667 ], [ 2146493.29689500015229, 6493187.503724999725819 ], [ 2145489.76206, 6495912.515251999720931 ] ] ] } },
{ "type": "Feature", "properties": { "gml_id": "FossilFuelResource.per.pow81113", "identifier": "http://inspire.pgi.gov.pl/so/mr/Midas.paliwaKopalne/FossilFuelResource.per.pow81113", "beginLifespanVersion": null, "localId": "FossilFuelResource.per.pow81113", "namespace": "http://inspire.pgi.gov.pl/so/mr/Midas.paliwaKopalne", "scalar": -240.0, "scalar_uom": "m", "dateOfDiscovery": null, "calorificValue": null, "quantity": null, "verticalExtent": null }, "geometry": { "type": "Polygon", "coordinates": [ [ [ 2466530.909347, 6533382.122312 ], [ 2467784.670746, 6533385.0322470003739 ], [ 2520873.911574999801815, 6533333.020500999875367 ], [ 2513160.467784, 6523287.071025 ], [ 2504743.10457899980247, 6512301.142955999821424 ], [ 2500385.138981999829412, 6506532.080563999712467 ], [ 2477361.498577000107616, 6522164.501187999732792 ], [ 2471609.620631999801844, 6519977.507547000423074 ], [ 2449028.001759000122547, 6511346.524465999566019 ], [ 2449028.79249, 6533321.562529999762774 ], [ 2466530.909347, 6533382.122312 ] ] ] } }
]
}
